PatientID,PatientName,Gender,DOB,City,State,Country,Phone,Email,InsuranceID,CreatedDate,ModifiedDate
1,Meghan Rodriguez,Female,2006-03-27,Port Keith,Ohio,India,8234981396,amandafreeman@example.org,INS100000,2025-08-14,2026-04-08
2,Michael Fernandez,Female,1968-12-12,Michaelatown,Colorado,India,5940233295,joseph55@example.com,INS100001,2025-06-30,2026-07-09
3,Sarah Knight,Male,2001-07-18,North Jose,Alabama,India,8619538340,brittanykelly@example.com,INS100002,2024-12-07,2026-06-30
4,Shawn Butler,Male,1986-07-06,Lake Jenniferside,West Virginia,India,1899595586,goodwinrobin@example.net,INS100003,2024-12-22,2026-04-26
5,James Potts,Female,1989-04-18,Port Hannahtown,Maryland,India,8571926488,thompsondouglas@example.com,INS100004,2025-03-07,2026-01-31
6,Dr. Donna Sawyer,Female,1939-02-03,Mitchellborough,Maine,India,0788952295,angela14@example.com,INS100005,2024-10-22,2026-04-29
7,Michelle Simon,Male,1961-12-09,New Jamesstad,Iowa,India,4859400585,bassjon@example.com,INS100006,2025-03-30,2026-06-05
8,Ashley Clark,Female,1980-06-13,East Jeffrey,California,India,4074852923,vkeller@example.com,INS100007,2025-01-06,2026-02-18
9,Nathan Lewis,Male,1975-11-09,East Stanley,Illinois,India,4898757687,hannah28@example.org,INS100008,2025-03-21,2026-09-24
10,Whitney Yu,Female,1940-11-24,Jonberg,Kentucky,India,1246701879,christine60@example.com,INS100009,2024-03-16,2026-09-30
11,Fred Meyer,Male,1968-05-23,West Lisaland,Massachusetts,India,4690387136,paul24@example.com,INS100010,2024-12-25,2026-05-28
12,Tammy Mitchell,Female,1998-04-14,New Ashleyland,Rhode Island,India,2534193858,xrodriguez@example.net,INS100011,2024-04-11,2025-10-12
13,Joshua Brooks,Female,1963-12-17,Adkinsview,Rhode Island,India,8826846578,brownjesse@example.com,INS100012,2024-04-05,2026-06-23
14,Wendy Strong,Male,1959-11-07,East Margaretmouth,Pennsylvania,India,4884434503,clarkchristopher@example.org,INS100013,2025-05-12,2025-12-01
15,William Mckay,Female,1952-08-20,North Thomasbury,Illinois,India,7149258912,caitlyndiaz@example.net,INS100014,2025-04-03,2025-10-27
16,Ann Davenport,Male,1945-05-10,Castilloview,Connecticut,India,4809259567,andersonjonathan@example.org,INS100015,2023-10-04,2026-02-07
17,Keith Brock,Male,1947-12-10,Port Steven,Iowa,India,7009127666,roy30@example.net,INS100016,2025-03-01,2026-02-10
18,Crystal Reyes,Male,1969-12-17,New Brianmouth,Montana,India,0784156110,cynthia42@example.org,INS100017,2025-03-12,2025-12-30
19,Laura Green,Male,1950-05-14,West Vicki,Delaware,India,6693454497,cassandra57@example.org,INS100018,2025-01-16,2026-06-06
20,John Smith,Male,1944-08-05,Phillipton,Connecticut,India,9730166920,scottguerrero@example.net,INS100019,2025-08-03,2025-12-02
21,John White,Female,1948-02-12,South Joseph,Indiana,India,9300817019,karen98@example.org,INS100020,2024-03-07,2026-07-24
22,Thomas Jacobson,Female,1948-10-21,North Michelleton,South Carolina,India,9036990271,wilcoxpamela@example.net,INS100021,2025-06-08,2026-08-23
23,Jacob Spencer,Male,1983-01-30,Amystad,Nevada,India,5942908190,xmartin@example.net,INS100022,2023-12-07,2026-09-12
24,Matthew Simpson,Female,1945-04-12,Alexanderchester,Arkansas,India,0869429284,megancherry@example.net,INS100023,2024-12-29,2026-05-03
25,Kenneth Shannon,Male,1957-04-13,Deniseland,Iowa,India,7070883247,evelyn20@example.net,INS100024,2025-06-08,2026-01-03
26,Steven Clark,Female,2007-08-23,Obrienfurt,Arkansas,India,7344367723,ttaylor@example.net,INS100025,2025-03-03,2026-04-13
27,Sarah Andrews,Female,1940-07-11,South Danielfurt,Mississippi,India,7419821635,sbass@example.com,INS100026,2024-03-24,2026-01-02
28,Juan Travis,Female,1939-04-13,Derrickville,Alabama,India,7501095155,kharris@example.org,INS100027,2024-01-23,2026-06-13
29,Megan Jackson,Female,2003-04-28,Kimberlyfort,Utah,India,8721229514,tayloramy@example.net,INS100028,2025-08-19,2026-07-16
30,Jessica Norman,Male,1997-09-16,Boydmouth,New York,India,9722168712,miranda48@example.com,INS100029,2025-07-21,2026-06-04
31,Matthew Parker,Male,1997-05-02,New Lisa,Washington,India,3574087436,sean44@example.org,INS100030,2024-12-08,2025-10-02
32,Christopher Johnson,Female,1949-07-25,Jonesbury,Tennessee,India,9230080683,edward31@example.com,INS100031,2023-10-30,2026-02-05
33,Samuel Aguilar DVM,Female,1997-08-19,Lake Susanberg,Oregon,India,7618235835,morrisjaime@example.org,INS100032,2025-08-23,2026-09-13
34,John Ritter,Male,1996-06-30,Maynardland,Idaho,India,0077944288,cgonzales@example.org,INS100033,2025-02-01,2025-10-26
35,Martin Hudson,Female,1951-07-07,South Katherineshire,New Hampshire,India,2181203838,pwebb@example.org,INS100034,2024-11-25,2026-01-12
36,Cindy Morris,Male,2006-12-09,Andrewport,New York,India,2670112524,hberry@example.net,INS100035,2023-12-16,2025-10-08
37,Neil Smith,Male,1959-02-13,Thompsonberg,Indiana,India,5762237502,emay@example.net,INS100036,2024-03-12,2026-04-24
38,Shannon Sandoval,Male,1942-02-25,Williammouth,Kansas,India,6823258409,jameskim@example.net,INS100037,2025-05-06,2026-06-14
39,Jessica Blake,Female,1962-01-05,Weberhaven,Hawaii,India,1746305444,jessicamarshall@example.org,INS100038,2024-01-11,2026-03-05
40,Kimberly Murphy,Male,2000-08-03,Ericmouth,Texas,India,8211634907,nealanthony@example.net,INS100039,2025-07-10,2026-04-25
41,Daniel Walker,Female,1989-12-29,Guzmanport,North Dakota,India,2253743921,hedwards@example.org,INS100040,2024-04-08,2026-09-24
42,Katelyn Mcdonald,Male,1991-02-20,Port Patriciafurt,Idaho,India,1342877637,robinsonjoseph@example.org,INS100041,2024-02-02,2026-09-22
43,Wendy Suarez,Female,1972-05-11,Shannonton,Kentucky,India,0971011779,edwardsheidi@example.com,INS100042,2023-11-01,2026-06-06
44,Brittany Friedman,Female,1957-12-31,Jamesmouth,Delaware,India,0414508662,brianlee@example.net,INS100043,2025-01-21,2026-01-08
45,Alexander Smith,Female,1954-09-17,New Brittany,South Dakota,India,9301402362,cory73@example.net,INS100044,2025-06-05,2026-04-27
46,Emily Baker,Male,1948-06-17,North Kellyborough,Florida,India,9245030118,shannonthornton@example.com,INS100045,2025-07-23,2026-05-09
47,Jeremy Ortega,Male,1940-01-10,Kennethside,New Mexico,India,2106783847,bowenaaron@example.com,INS100046,2025-08-03,2026-05-04
48,Logan Knight,Female,1937-04-28,Grahamland,Alaska,India,9308144169,elopez@example.net,INS100047,2024-10-01,2026-02-03
49,Tiffany Hicks,Female,1991-02-09,New Patriciabury,South Dakota,India,2064354396,ronaldhart@example.net,INS100048,2024-01-05,2026-04-21
50,Jonathan Hernandez,Female,1991-03-21,Mckeebury,Hawaii,India,9414661274,kimberlyreyes@example.org,INS100049,2025-01-21,2026-05-01
51,Brian Taylor,Male,1968-08-04,West Brittney,Mississippi,India,3809014947,youngwilliam@example.org,INS100050,2025-03-05,2026-04-02
52,Douglas Peterson,Male,1964-06-12,Frostchester,South Dakota,India,6704449517,mpitts@example.com,INS100051,2024-08-11,2026-04-03
53,Rebecca Holden,Male,2000-06-03,Victoriafort,Alaska,India,5539877317,tfowler@example.com,INS100052,2024-01-15,2026-06-22
54,Joshua Rodriguez,Male,1984-01-22,Huangview,Maryland,India,4712095760,gball@example.com,INS100053,2024-04-30,2026-04-13
55,James Martin,Female,1935-12-06,Kerrymouth,Florida,India,6913944072,michaelsmith@example.net,INS100054,2025-02-28,2026-01-21
56,Garrett Mejia,Female,2008-09-23,Port Victoriabury,Colorado,India,7716610435,wayne10@example.net,INS100055,2025-07-23,2025-10-16
57,Zachary Hill,Male,1997-04-09,Powellton,Missouri,India,4775112270,vsosa@example.net,INS100056,2025-07-19,2025-12-13
58,James Ayala,Male,1972-03-10,Andrewport,Mississippi,India,4918455918,itaylor@example.com,INS100057,2025-04-15,2026-09-20
59,Rodney Shelton,Female,1971-11-06,South Kevinton,Vermont,India,9300335185,curtislawrence@example.net,INS100058,2025-05-30,2026-09-21
60,Donald Duke,Male,1984-08-02,Allenfurt,Massachusetts,India,7328075182,john28@example.net,INS100059,2025-04-12,2026-03-21
61,Mary Young,Male,1997-07-01,New Amanda,Louisiana,India,2401248250,robertsonkelly@example.org,INS100060,2024-09-19,2026-08-19
62,Tina Cole,Male,1967-01-09,West Bridgetton,California,India,9219844076,zacharycox@example.net,INS100061,2024-06-03,2026-05-12
63,Patricia Trevino,Male,1972-10-20,Audreyfurt,Minnesota,India,2497961462,jeffreyfuller@example.net,INS100062,2025-04-01,2026-06-02
64,Donald Singleton,Male,1940-09-07,Jonland,Maine,India,8603031562,agolden@example.net,INS100063,2025-03-24,2025-12-29
65,Dr. Stephen Martinez DDS,Male,1969-10-07,East Lindaview,Louisiana,India,6501890941,robert68@example.net,INS100064,2024-09-03,2025-10-29
66,Brian Aguilar,Female,1968-04-12,New Victor,Nevada,India,6494936258,abarron@example.net,INS100065,2024-09-12,2026-08-08
67,Jordan Turner,Male,1997-01-31,Dianeville,Alabama,India,3555661701,brenda81@example.org,INS100066,2025-08-20,2026-08-04
68,Nicole Wang,Male,1973-05-04,Charleshaven,North Dakota,India,5770017744,cathyhaynes@example.com,INS100067,2024-04-13,2026-06-04
69,Edward Lucas,Female,1956-01-08,Alexanderberg,Arizona,India,5285822263,cynthia46@example.com,INS100068,2024-09-08,2025-10-28
70,James Garcia,Female,1972-05-27,Davisbury,Mississippi,India,6641937640,pamelabrown@example.com,INS100069,2024-01-20,2026-04-21
71,Allison Mccarthy,Female,1971-11-15,New Terriville,Indiana,India,4817351518,xjohnson@example.com,INS100070,2023-11-07,2025-11-20
72,Gabriel Kelly,Male,2001-02-23,Duncanview,South Carolina,India,1439063394,porterchristopher@example.org,INS100071,2023-11-26,2026-07-03
73,Michael Fuller,Female,1972-01-14,Irwinhaven,Mississippi,India,2344112614,christian67@example.net,INS100072,2025-09-04,2025-11-29
74,Heidi Jefferson DDS,Male,1956-09-18,Joshuahaven,Oklahoma,India,2431966303,leetodd@example.com,INS100073,2025-06-20,2026-01-29
75,Gary Hughes,Male,1952-05-02,South Allisonview,Ohio,India,0920225840,sarahgreen@example.net,INS100074,2025-08-11,2026-05-24
76,Robert Brock,Male,1969-12-16,Debbieborough,Oklahoma,India,2467801360,kimberlylong@example.org,INS100075,2025-08-21,2025-10-23
77,Andrew Wall,Female,1989-08-26,Amberland,Nebraska,India,3377036087,smithvirginia@example.com,INS100076,2024-10-19,2026-07-02
78,Amanda Wise,Female,1952-10-15,North Andreatown,Hawaii,India,4157934403,vfarley@example.net,INS100077,2025-07-10,2026-01-10
79,Beth Austin,Female,1947-07-13,South Davidfurt,Massachusetts,India,3494119467,myoung@example.org,INS100078,2025-06-28,2026-05-25
80,Mackenzie Meadows,Female,1990-12-07,Collierberg,Delaware,India,0959925828,ginaperry@example.com,INS100079,2025-05-12,2026-04-02
81,John Bennett,Female,1997-10-14,North Karen,Vermont,India,3598808709,franciscomullen@example.com,INS100080,2023-11-02,2025-11-11
82,Amanda Forbes,Male,1988-04-17,Jessicaland,Rhode Island,India,6206390140,ayoung@example.org,INS100081,2025-09-23,2026-08-27
83,Kyle Hobbs,Male,1940-03-25,Natalieberg,Michigan,India,5693687669,denniswebster@example.org,INS100082,2023-10-14,2026-08-20
84,Frances Johnson,Male,1970-10-11,Wigginschester,Arkansas,India,6045573619,simmonschristopher@example.net,INS100083,2025-05-16,2026-06-22
85,Jonathan Williams,Male,1981-02-25,Garnerland,Wisconsin,India,5133973103,enguyen@example.net,INS100084,2023-11-11,2026-01-09
86,Michael Jones,Female,1978-10-04,Christophertown,Louisiana,India,9450757785,salinasmatthew@example.net,INS100085,2024-10-02,2026-09-12
87,Julie Hopkins,Female,1981-12-16,North Darren,Kansas,India,7599275165,schwartzjohn@example.com,INS100086,2023-11-10,2026-02-06
88,Julie Lee,Male,1945-06-10,South Katherineview,Michigan,India,4915638036,hendersondennis@example.org,INS100087,2024-02-02,2026-02-20
89,Kimberly Goodwin,Female,1972-04-17,South Zacharychester,Maine,India,0523199554,jessica38@example.com,INS100088,2024-02-09,2026-09-23
90,Shawn Gonzalez,Female,1991-08-06,Lake Cynthia,Minnesota,India,8535877788,zbarnes@example.net,INS100089,2024-04-29,2026-08-31
91,Stephen Jimenez,Male,2006-07-07,Stantonbury,Iowa,India,8347766441,guzmanrodney@example.org,INS100090,2024-07-10,2025-11-12
92,Vanessa Diaz,Male,1956-08-06,Lake Michele,Minnesota,India,6860222200,mark22@example.org,INS100091,2024-10-18,2026-09-29
93,Jessica Walker,Female,1990-08-13,East Kelsey,South Carolina,India,9283989357,velazqueztracy@example.com,INS100092,2025-07-23,2025-11-13
94,Deborah Gonzalez,Female,1950-12-31,Anitaland,Massachusetts,India,3012354629,imoreno@example.net,INS100093,2025-04-24,2026-06-23
95,Benjamin Jones,Male,1995-07-29,Mooretown,Utah,India,9500535898,eileen79@example.org,INS100094,2024-07-10,2026-04-29
96,Kevin Holland,Male,1959-12-27,Ericaville,Arkansas,India,6980250102,amurphy@example.net,INS100095,2024-10-17,2025-10-16
97,Sheri Davila,Male,1991-08-01,East Jasmine,New Hampshire,India,0248134335,friedmanhayley@example.com,INS100096,2024-05-14,2026-03-12
98,Kristen Daniels,Female,1969-06-30,Mollyport,South Dakota,India,6175918012,burtonnicole@example.net,INS100097,2023-10-07,2026-01-22
99,Elizabeth Jones,Male,1999-09-06,North Christyburgh,New Jersey,India,0198694781,adamaustin@example.com,INS100098,2025-09-12,2025-11-24
100,Janice Hood,Male,1950-09-14,Janetmouth,Wyoming,India,8628904271,hilljason@example.org,INS100099,2024-11-02,2026-09-07
101,Molly Bowman,Female,1967-10-31,West Lauren,Missouri,India,5827812966,karen38@example.net,INS100100,2024-10-12,2026-09-03
102,Scott Knight,Female,1962-06-26,Frankchester,Maine,India,3760708549,randybrooks@example.net,INS100101,2024-01-19,2026-01-25
103,Dean Sandoval,Female,1946-10-06,South Justinberg,Maine,India,2768632463,thomas04@example.com,INS100102,2024-08-15,2026-05-28
104,Jon Walker,Female,1986-02-08,East Dennis,Indiana,India,2040777935,mmiller@example.net,INS100103,2024-12-31,2026-07-06
105,Kelly Nguyen,Female,1990-04-25,Lake Glennmouth,Nebraska,India,9852564611,walkerjacqueline@example.org,INS100104,2024-09-03,2026-01-23
106,Hannah Riley,Male,2003-07-12,Port Douglasburgh,North Dakota,India,5502647577,nguyenmichael@example.net,INS100105,2025-02-21,2025-11-23
107,Christian Hunter,Male,1999-07-14,Simpsonport,Connecticut,India,9521301024,maryjenkins@example.net,INS100106,2025-04-30,2025-09-30
108,Scott Wright,Female,1991-10-25,Port Coreyfurt,Indiana,India,7988816600,josephoconnell@example.net,INS100107,2025-09-28,2026-07-16
109,Brenda Gilmore,Female,2007-02-13,New Sethfort,Rhode Island,India,3792560973,zwright@example.net,INS100108,2025-01-15,2026-02-17
110,Emily Ramsey,Female,1959-08-12,South Jennifertown,New York,India,4772136662,gflynn@example.com,INS100109,2024-08-22,2026-02-12
111,Jessica Green,Female,1949-07-12,Lake Marthaberg,Kansas,India,1203550082,zpace@example.org,INS100110,2025-05-25,2026-03-22
112,Luis Vaughn,Female,1970-10-18,North Joshua,South Dakota,India,5782001181,mcdanielkevin@example.com,INS100111,2025-03-24,2026-07-22
113,Derek Young,Male,1964-07-07,Lake Aprilhaven,Rhode Island,India,8523715509,stephanie43@example.net,INS100112,2023-10-08,2026-01-07
114,Aaron Woods,Male,1948-04-25,Tracyland,Georgia,India,2226774581,mreynolds@example.net,INS100113,2025-06-25,2025-12-30
115,Amanda Brown,Male,1943-02-06,West Robert,Hawaii,India,4308643787,nathan98@example.net,INS100114,2024-05-06,2026-07-11
116,James Howell,Male,1995-03-07,Patrickville,West Virginia,India,0728882087,angela83@example.com,INS100115,2024-11-22,2026-09-22
117,Dustin Baker,Female,1962-07-14,Stewartburgh,Delaware,India,0587827334,ewelch@example.org,INS100116,2025-07-27,2026-09-15
118,Margaret Nichols,Male,1938-04-25,East Aliciafort,Kansas,India,3011412157,shawnajohnson@example.org,INS100117,2025-04-18,2026-02-05
119,Bradley Fowler,Female,1977-10-05,Lopeztown,Alabama,India,3329280604,marissa89@example.net,INS100118,2025-05-19,2025-12-19
120,Kevin Osborne,Female,2002-12-19,Harperburgh,Massachusetts,India,5482882244,lauren84@example.org,INS100119,2025-06-13,2026-03-09
121,Jillian Jackson,Female,2005-06-14,Maryside,Alaska,India,9315257143,smithmegan@example.org,INS100120,2024-06-05,2026-09-02
122,David Ballard,Male,1980-10-31,Ruizshire,West Virginia,India,7685244846,nramsey@example.com,INS100121,2023-11-10,2026-04-03
123,Angela French,Female,1944-11-17,Markshire,Connecticut,India,7210358823,mary00@example.com,INS100122,2025-04-05,2025-10-01
124,Justin Harris,Male,1976-09-05,North Ryan,Ohio,India,1678869259,jmendoza@example.net,INS100123,2024-05-06,2026-08-02
125,Rick Weiss,Male,1992-05-30,Pittston,Kansas,India,2882535131,tracey11@example.com,INS100124,2025-07-04,2026-05-26
126,Matthew Mack,Female,1961-08-20,Lauraland,Tennessee,India,9960484079,gary29@example.net,INS100125,2025-02-16,2026-01-13
127,Jessica Wong,Female,1997-06-12,Jamesborough,Illinois,India,5214384958,maxblack@example.com,INS100126,2025-05-01,2026-06-24
128,Richard Ruiz,Female,1992-12-15,Nashside,Connecticut,India,0489875467,lisabradley@example.com,INS100127,2025-05-25,2026-04-13
129,Marcus Lamb,Male,1973-09-20,Millsstad,Arkansas,India,2195870790,robertdavis@example.org,INS100128,2024-05-03,2026-09-07
130,Miguel Gonzales,Female,1944-04-20,Jenniferbury,New Jersey,India,2992854274,daniel67@example.org,INS100129,2025-02-02,2026-07-10
131,Rebecca Lopez,Male,1997-11-17,East Morganville,Kentucky,India,9191874196,lindsaypugh@example.org,INS100130,2025-03-15,2026-04-25
132,Stephanie Bradford,Female,1959-01-15,Bowenville,Montana,India,4546432211,danielbell@example.org,INS100131,2023-12-12,2026-01-25
133,April Atkinson,Female,1957-09-27,Lake Dustinhaven,Louisiana,India,8754477629,martinezjessica@example.net,INS100132,2024-07-19,2026-03-30
134,David Herrera,Male,1961-04-17,Lake Sethburgh,Massachusetts,India,7283930543,brandon69@example.net,INS100133,2024-08-17,2025-10-03
135,Eric Thompson,Male,1959-10-16,Chavezville,Ohio,India,4777155091,jessicastafford@example.com,INS100134,2023-11-13,2026-03-20
136,Brandy Howard,Male,1947-07-19,New Erintown,Hawaii,India,8350500778,murphysteven@example.org,INS100135,2025-08-07,2025-11-05
137,Tonya Valdez,Male,2008-07-03,New Jessicamouth,Mississippi,India,2510003955,matthewfields@example.net,INS100136,2024-11-11,2026-09-24
138,Jennifer Lawson,Male,2007-01-24,West Joshua,Florida,India,8751015313,jeremy98@example.com,INS100137,2024-09-13,2026-08-07
139,Connor Walker,Male,1980-11-15,Mosleymouth,Missouri,India,6672595298,morrisonstephanie@example.org,INS100138,2025-09-09,2026-05-01
140,Christopher Hogan,Female,1973-07-23,Robertport,Kentucky,India,2241992257,glennclements@example.org,INS100139,2024-01-16,2026-08-20
141,Jesus Clark,Female,1998-05-06,Stevenbury,Oklahoma,India,8698869106,hayala@example.org,INS100140,2024-01-21,2026-04-15
142,Joanna Marshall,Male,2008-01-02,Port Johnmouth,Nevada,India,6739226401,kathleen72@example.com,INS100141,2024-05-24,2026-02-14
143,James Sanders Jr.,Female,2000-12-18,Cassandraville,Maine,India,6037867221,bmiller@example.org,INS100142,2023-10-19,2026-08-02
144,Frederick Dunn,Male,1945-04-17,Salinasview,Illinois,India,0919344039,rileykenneth@example.com,INS100143,2025-09-14,2026-03-26
145,Kirsten Andrews,Female,1987-09-15,Petersfurt,Alabama,India,4628463255,dclark@example.org,INS100144,2025-01-25,2026-09-18
146,Michael Shelton,Female,1986-05-21,Sanchezbury,Wyoming,India,0281216301,mcmahonabigail@example.org,INS100145,2024-08-08,2026-03-20
147,Mr. Adam Foster,Male,1962-05-09,Wernerville,Idaho,India,3076495546,xwilliams@example.net,INS100146,2025-03-28,2026-03-17
148,Laura Brown,Male,1996-01-10,Port Paulaburgh,Utah,India,7385004313,alejandro72@example.net,INS100147,2025-09-15,2026-06-05
149,Barbara Stevens,Male,1938-07-10,South Donna,Maine,India,1945841467,matthewingram@example.com,INS100148,2024-04-19,2026-09-28
150,Robert Bailey,Female,1966-06-21,West George,Michigan,India,7303386675,brianapittman@example.org,INS100149,2025-05-19,2026-04-30
151,Zachary Peters,Male,1940-04-23,North Susantown,West Virginia,India,0479254430,nortonkatherine@example.org,INS100150,2024-06-24,2026-04-06
152,Tracy Greene,Female,1998-10-05,Justinmouth,Alabama,India,4426918450,wolfsandra@example.com,INS100151,2024-01-08,2026-01-03
153,Julie Smith,Male,1962-05-30,Hallville,Wyoming,India,2422376278,qflores@example.net,INS100152,2025-09-11,2026-07-16
154,Debra Hill,Female,1993-08-27,New Ryanview,Colorado,India,4473589037,rwhite@example.net,INS100153,2024-08-13,2026-09-20
155,Alejandro Reed,Female,1976-11-22,Sarahtown,Virginia,India,6157748008,whiteemily@example.net,INS100154,2025-07-24,2026-08-03
156,Corey Young,Male,1940-02-28,Lake Fernandostad,South Dakota,India,4627278468,hamiltonjames@example.net,INS100155,2024-06-11,2025-11-21
157,Rodney Stokes,Female,1987-08-21,West Shannon,New Jersey,India,1926456228,caroline44@example.org,INS100156,2025-04-23,2026-07-01
158,Carmen Gallegos,Female,1957-12-13,Rothmouth,Delaware,India,9182946051,baileybrian@example.org,INS100157,2024-07-10,2026-07-17
159,Billy Ruiz,Male,1947-06-05,Briggstown,Virginia,India,3355270536,friley@example.com,INS100158,2025-04-13,2025-12-25
160,Stephanie Brooks,Female,2008-03-03,West Katie,Arkansas,India,9011050754,pamela32@example.org,INS100159,2024-07-28,2026-04-26
161,Amanda Palmer,Male,1946-11-19,Margaretmouth,Kentucky,India,1071400245,michaelbarnes@example.org,INS100160,2024-03-15,2026-09-13
162,George Harrison,Male,1980-08-25,North Johnfort,Vermont,India,6293869805,willisluis@example.com,INS100161,2023-11-26,2026-08-21
163,John Coleman,Male,1961-09-29,Moralesburgh,New Hampshire,India,1939530426,yknight@example.org,INS100162,2024-01-11,2026-01-01
164,Jason Fischer,Male,1971-05-16,Hernandezberg,California,India,6365512350,abigail49@example.com,INS100163,2025-05-02,2026-02-11
165,Wendy Diaz,Female,1959-08-19,Hernandezport,Vermont,India,9731737992,smclaughlin@example.net,INS100164,2025-03-13,2026-04-15
166,Amanda Moore,Female,1990-06-02,East Blaketown,Kentucky,India,2946892626,josecarpenter@example.net,INS100165,2024-01-02,2026-02-02
167,Diana Johnson,Female,1983-07-10,Port Maryshire,Massachusetts,India,3185656302,brownlatoya@example.org,INS100166,2024-11-28,2026-04-12
168,David Smith,Male,1999-01-12,Port Michael,Montana,India,4456229076,james61@example.net,INS100167,2025-08-20,2026-02-01
169,Brent Howard,Female,1996-02-06,North Matthewton,Washington,India,7332518544,ubaker@example.net,INS100168,2024-12-11,2026-08-24
170,David Allen,Female,1973-07-27,New Debratown,Alaska,India,6007188516,porterjennifer@example.org,INS100169,2025-05-26,2026-06-24
171,Charles Adams,Male,1968-09-20,Roberttown,Indiana,India,3126904661,cobbstephanie@example.com,INS100170,2024-11-17,2026-02-22
172,Samantha Walton,Male,1950-09-23,West Jeremyton,Ohio,India,0117563580,garciarachel@example.com,INS100171,2025-03-30,2025-11-17
173,Joe Deleon,Female,1953-10-31,West Joshua,Tennessee,India,4948793423,manuel99@example.org,INS100172,2025-04-06,2026-09-25
174,Victor Vance,Male,1951-12-03,Dianaside,Texas,India,5315762363,wmorris@example.org,INS100173,2024-04-26,2026-07-16
175,Matthew Campbell,Male,1957-07-04,Lake Debra,Minnesota,India,2268706047,yangjennifer@example.org,INS100174,2024-05-04,2026-02-04
176,Ryan House,Male,1970-07-28,New Kathleen,Georgia,India,1811972036,carol08@example.com,INS100175,2024-09-13,2026-07-28
177,Ronald Russell,Male,1978-03-10,New Josephtown,Colorado,India,5830212015,jeremymoore@example.com,INS100176,2025-08-10,2026-03-30
178,Anthony Garrett,Female,1950-12-10,Johnsonfurt,Maine,India,5092494497,urodriguez@example.com,INS100177,2025-05-06,2025-10-25
179,Stephen Hodges,Male,2005-12-16,West Jesse,Michigan,India,5426819666,grahamnichole@example.org,INS100178,2025-06-26,2025-12-02
180,Susan Martinez,Male,1964-01-25,Port Diana,New Jersey,India,1397797651,courtney69@example.org,INS100179,2025-03-31,2026-05-20
181,Anna Morris,Male,1979-04-21,Lindaport,New Jersey,India,8548777598,xrivera@example.org,INS100180,2025-07-07,2025-11-23
182,Cindy Andersen,Male,1958-08-08,Millerbury,North Dakota,India,1532501341,mendozacorey@example.net,INS100181,2025-05-21,2026-08-28
183,Emma Smith,Male,1943-04-14,East Matthewton,Minnesota,India,3637073260,nking@example.net,INS100182,2024-11-17,2025-11-05
184,Heidi Watkins,Male,1978-03-05,West Warren,North Carolina,India,3805061202,hawkinschristina@example.org,INS100183,2024-12-09,2026-09-26
185,Jeffery Hernandez,Male,1971-11-02,Elliottfurt,West Virginia,India,9858958756,codytaylor@example.com,INS100184,2025-08-22,2025-11-20
186,Alicia Meyer,Male,1953-10-07,Emmahaven,West Virginia,India,6001743419,vargasmichael@example.com,INS100185,2024-08-30,2026-07-10
187,Daniel Gibbs,Female,2000-05-29,Port David,Vermont,India,7610229535,keith91@example.net,INS100186,2025-05-10,2026-09-08
188,Kimberly Stephens,Male,1941-12-09,Masonborough,Wisconsin,India,3381666039,marvin25@example.net,INS100187,2024-04-08,2026-06-28
189,Kayla White,Female,1977-06-13,Kimland,Oregon,India,4692284200,amber84@example.com,INS100188,2025-08-23,2026-05-20
190,Jane Gomez MD,Male,1987-12-17,Gilmorebury,Vermont,India,0629228870,christinaallen@example.com,INS100189,2025-03-16,2026-09-28
191,Jenny Nelson,Male,2003-05-06,East Daniel,South Dakota,India,7243322888,vaguilar@example.org,INS100190,2024-06-14,2025-10-29
192,Carlos Ochoa,Male,1962-06-21,North Tammy,Pennsylvania,India,7225512268,vgonzalez@example.com,INS100191,2024-12-03,2025-11-18
193,Paul Moore,Male,1965-03-15,West Amanda,South Dakota,India,2906405515,lolsen@example.net,INS100192,2024-08-03,2026-03-19
194,Cheryl Kennedy,Female,1995-05-16,North Paulshire,North Dakota,India,8604845770,qbrown@example.org,INS100193,2023-11-28,2026-03-12
195,Larry Miller,Male,1946-08-06,Vaughanchester,Arkansas,India,7175223865,angelaromero@example.com,INS100194,2025-01-28,2026-02-19
196,Tyler Manning,Male,1958-01-28,South Keith,Washington,India,9617635674,haasmary@example.org,INS100195,2024-01-10,2025-12-26
197,Joyce Lowery,Female,1950-03-15,South Sarahmouth,South Carolina,India,9077930125,tnguyen@example.com,INS100196,2025-07-28,2025-10-31
198,Eric Davis,Female,1976-01-25,Robertberg,Mississippi,India,1189521517,osnyder@example.com,INS100197,2025-05-17,2026-06-12
199,Mrs. Sandra Brewer,Male,1997-05-25,North Benjamin,Iowa,India,8939875939,stacy88@example.net,INS100198,2023-11-16,2026-04-19
200,Carlos Moran,Female,1941-08-05,Dennisbury,New York,India,9934695503,alyssa40@example.net,INS100199,2025-09-02,2026-05-03
201,Patricia Hernandez,Female,1963-06-14,South Donald,Indiana,India,3177594785,deborahbarker@example.net,INS100200,2024-07-10,2026-02-25
202,Michelle Lewis,Female,1994-01-09,Lake Michael,Missouri,India,4698702690,carol39@example.net,INS100201,2025-03-12,2026-07-03
203,Julie Marquez,Male,1943-06-26,North Elizabeth,Arkansas,India,7918147270,josephrogers@example.net,INS100202,2025-05-28,2026-03-04
204,Dawn Campbell,Male,1945-09-28,Lake Brittany,Oregon,India,9957551396,scottcowan@example.com,INS100203,2025-03-22,2026-06-04
205,Albert Moore,Male,1962-04-23,Harrischester,Mississippi,India,4848906207,garnergregory@example.com,INS100204,2024-09-12,2026-09-26
206,Patricia Davis,Female,1974-09-01,Grantburgh,Nebraska,India,0561931876,sean36@example.org,INS100205,2024-09-06,2026-01-27
207,Charles Wagner,Male,1949-08-22,West Edward,Vermont,India,0084589398,thompsonlacey@example.org,INS100206,2025-05-06,2026-08-29
208,John Johnson DVM,Female,1940-11-03,Normanton,Missouri,India,4880020150,crobles@example.net,INS100207,2025-08-06,2025-10-21
209,Ryan Santiago,Male,1946-12-06,New Ronald,New Mexico,India,5300475670,dwilliams@example.org,INS100208,2023-12-28,2026-05-05
210,Mrs. Robin Mason,Male,1962-07-30,North Jay,Nebraska,India,3132573732,charlesday@example.net,INS100209,2024-03-15,2025-10-11
211,Miss Tammy Clark,Female,1949-04-19,South Allisonport,Georgia,India,4348959069,zalexander@example.com,INS100210,2025-08-29,2026-02-14
212,Robert Hart,Male,1985-05-26,Morrisside,Alabama,India,7419723966,louishampton@example.org,INS100211,2024-12-02,2026-05-20
213,Paul Simmons,Female,1943-10-22,New Michael,Vermont,India,1814381689,staceylittle@example.net,INS100212,2025-04-06,2025-11-24
214,April Foley,Female,2004-12-06,East Maryborough,Nevada,India,9601862796,williamskevin@example.net,INS100213,2023-11-21,2026-01-14
215,Kiara Marshall,Male,1972-09-08,Myersside,New York,India,3397942033,jamestaylor@example.net,INS100214,2025-01-04,2026-04-26
216,Cindy Martin,Female,1995-12-22,West Ryanbury,Indiana,India,7839974388,joseph15@example.org,INS100215,2023-11-20,2026-02-04
217,Jessica Fox,Male,1976-09-12,West John,Illinois,India,9468243486,michael87@example.org,INS100216,2023-10-31,2026-09-11
218,Norma Lewis,Male,1968-01-24,Lake Laura,New York,India,3934490381,hogancraig@example.org,INS100217,2024-04-30,2026-09-12
219,Drew Freeman,Female,1977-02-20,Lake Janet,Minnesota,India,0167406129,alyssa09@example.net,INS100218,2025-06-16,2026-04-25
220,Rebecca Rhodes,Male,1951-10-13,Smithton,Texas,India,5124483475,epeters@example.net,INS100219,2023-10-17,2025-12-26
221,Amber Hanson,Female,1959-03-30,Justinchester,Illinois,India,0947697656,cynthiagilbert@example.com,INS100220,2025-01-18,2025-11-13
222,Adam Garcia,Male,1940-10-16,West Danaland,Nevada,India,3552128290,matthewscatherine@example.net,INS100221,2024-04-19,2026-05-21
223,April Kerr DVM,Male,1999-04-26,Bethstad,Washington,India,3398034946,piercecalvin@example.net,INS100222,2025-02-14,2025-11-11
224,Michelle Meyer MD,Male,2003-02-22,Port Jacqueline,New York,India,1671057651,ssalinas@example.com,INS100223,2025-03-16,2025-11-09
225,Jennifer Miller,Male,1956-10-31,West Victoria,Georgia,India,5463358588,rhodeschristopher@example.org,INS100224,2025-03-08,2026-04-18
226,Paul Tran,Male,2004-01-20,North Sheryl,South Carolina,India,2174398281,markvargas@example.com,INS100225,2025-02-21,2025-12-19
227,Nathaniel Wood,Female,1971-04-28,West Paul,Pennsylvania,India,7199928601,sbarton@example.net,INS100226,2025-03-02,2025-10-20
228,Christopher Peterson,Female,1983-08-19,Robinsonhaven,Washington,India,2818533892,derrick28@example.net,INS100227,2024-09-12,2025-10-23
229,Natalie Benson,Female,1974-06-21,Brittanyshire,Alaska,India,9155731083,pbrown@example.net,INS100228,2025-07-13,2026-08-05
230,James Barker,Female,1943-06-03,Perezmouth,Alaska,India,5326338524,hmurray@example.com,INS100229,2024-01-31,2026-08-08
231,Brittney Hamilton,Female,1978-09-09,West Donna,Colorado,India,4015407168,sanchezroberto@example.org,INS100230,2025-08-15,2026-03-24
232,Jenny James,Female,1982-11-13,Leahland,Ohio,India,6136457761,jroberson@example.com,INS100231,2025-08-15,2026-01-23
233,Sheila Wilson,Male,1960-07-20,Millerfurt,Delaware,India,4903782177,vmcguire@example.net,INS100232,2024-05-04,2026-05-26
234,Ryan Rodriguez,Male,1942-09-27,Christophermouth,North Carolina,India,3830651408,adamcollins@example.com,INS100233,2025-03-27,2025-11-11
235,Misty Smith,Female,2002-05-04,New Pam,Alabama,India,4371280738,joann18@example.org,INS100234,2024-03-10,2025-12-23
236,Francisco Wilson,Female,1961-09-15,Garciafort,Kentucky,India,7493631419,lucas99@example.net,INS100235,2025-07-13,2026-05-19
237,Jason Walker,Male,1947-06-30,Lake Jacquelineburgh,Pennsylvania,India,5499994368,kimberly46@example.org,INS100236,2025-08-07,2026-01-01
238,Clarence Chaney,Male,1973-12-15,Kevinville,South Dakota,India,3902168998,hartmanjacqueline@example.org,INS100237,2023-10-29,2026-09-22
239,Samuel Jones,Male,1963-04-07,South Josehaven,Wyoming,India,9314493934,frankdominguez@example.org,INS100238,2024-11-17,2026-09-27
240,Stephen Mueller,Female,1968-02-20,Oliverchester,New York,India,3063291234,olivia46@example.net,INS100239,2023-10-15,2025-11-28
241,Sherry Fox,Female,1975-01-26,North Ryan,Illinois,India,1329938315,richard34@example.org,INS100240,2023-10-06,2026-07-18
242,Jessica Murphy,Female,2001-05-21,Garciaside,Missouri,India,7670102271,rhondaanderson@example.org,INS100241,2025-02-13,2026-08-04
243,Jessica Powell,Male,2007-12-03,Mccarthyhaven,Wyoming,India,0892880569,wendy01@example.net,INS100242,2024-07-04,2026-08-09
244,Sharon Vazquez,Male,1980-07-11,Aguilarmouth,Maryland,India,6809532572,gbrown@example.org,INS100243,2024-01-22,2026-06-11
245,Stephen Vargas,Female,2000-02-22,Garciachester,Texas,India,3380012108,wlarsen@example.com,INS100244,2024-05-20,2026-04-20
246,Drew Johnson,Female,1999-07-15,North Karen,Missouri,India,8114153478,zbender@example.net,INS100245,2024-08-03,2025-09-30
247,Bethany Mclaughlin,Male,1994-09-04,South Samuel,North Dakota,India,4805988402,awright@example.net,INS100246,2024-07-01,2026-06-13
248,Anthony Khan,Male,1969-12-24,Martinezchester,Maine,India,7153324439,nicolechapman@example.net,INS100247,2025-06-14,2025-10-27
249,Amber Brown,Male,1952-03-10,Williamschester,Utah,India,3098099855,ayork@example.net,INS100248,2023-12-26,2025-12-10
250,Jessica Holland,Male,1982-05-31,East Tracey,Colorado,India,4414177786,austin98@example.net,INS100249,2024-10-13,2026-06-18
251,Sierra Taylor,Female,1967-08-16,Seanmouth,Illinois,India,2489277487,ngilbert@example.org,INS100250,2024-02-04,2026-03-07
252,Jacob Boone,Male,1985-09-23,Zavalamouth,Wisconsin,India,2196009965,richardstark@example.net,INS100251,2024-08-23,2026-04-27
253,Thomas Dorsey,Male,1997-12-30,North Michael,Massachusetts,India,3903641163,ohansen@example.org,INS100252,2024-06-18,2026-06-23
254,Manuel Miller,Male,1999-03-09,South Michellechester,Kansas,India,2689524594,david25@example.org,INS100253,2024-04-16,2026-08-03
255,Carlos Sullivan,Female,1951-03-29,Stoutberg,Washington,India,5053293128,meadowslori@example.net,INS100254,2024-03-29,2026-03-07
256,Jessica Gomez,Female,1947-11-08,Ashleyborough,Oregon,India,3393490289,sean30@example.com,INS100255,2023-12-10,2026-02-01
257,Timothy Baxter,Male,1988-09-07,South Rebeccaborough,Ohio,India,2453349451,dgallagher@example.com,INS100256,2025-02-17,2026-03-28
258,Christopher Barnes,Male,1967-02-02,Jacobsonville,New Jersey,India,6661252969,nicole16@example.net,INS100257,2025-03-16,2026-09-16
259,Nicole Fry,Male,1999-07-05,Oliviamouth,North Dakota,India,4124015847,bethbush@example.org,INS100258,2025-09-14,2026-02-06
260,Mr. Brian Lopez,Female,1993-02-15,Cameronhaven,Virginia,India,4215292625,donald85@example.com,INS100259,2025-03-18,2026-05-22
261,Louis Davies,Female,1972-05-02,Matthewbury,Florida,India,9875665245,smatthews@example.net,INS100260,2024-02-13,2026-04-05
262,Joseph Rhodes,Female,1996-09-22,Glendabury,Washington,India,6242371759,areid@example.org,INS100261,2024-01-28,2026-07-29
263,Tiffany Ross,Male,1957-10-16,Watsonborough,Oregon,India,7574668472,xlyons@example.net,INS100262,2025-08-13,2025-10-05
264,Cheryl Love,Female,1960-03-09,Lake Isaac,Wyoming,India,3148762546,qhuffman@example.com,INS100263,2024-08-03,2025-10-11
265,Jason Robinson,Male,1937-06-04,Richardsonfort,Colorado,India,5826329056,hoganjimmy@example.net,INS100264,2024-03-14,2026-03-12
266,Raymond Edwards,Male,1979-06-29,East Sue,Vermont,India,3913239726,ttorres@example.org,INS100265,2024-09-05,2026-07-29
267,Chelsea Haynes,Male,2006-07-21,Spencebury,Kentucky,India,5337849019,foxcynthia@example.com,INS100266,2024-05-26,2025-09-30
268,Steven Contreras,Female,1936-11-03,North April,Nevada,India,5530862560,rortiz@example.com,INS100267,2025-08-21,2026-01-01
269,Courtney Barrett,Male,1982-01-15,Michaeltown,Michigan,India,2326286907,thomaslori@example.net,INS100268,2025-09-15,2026-01-12
270,Christopher Montes,Female,1987-10-19,Jensenstad,South Dakota,India,2073480888,annacampbell@example.org,INS100269,2025-02-04,2026-01-28
271,Melissa Nielsen,Female,1962-03-02,South Kathryn,Nebraska,India,0026769392,johnnyburke@example.net,INS100270,2025-03-26,2026-08-18
272,Kristine Clark,Male,1952-09-07,Melissafort,Montana,India,0919350358,bakermichele@example.org,INS100271,2025-02-15,2026-01-25
273,Rita Davis,Male,1965-09-23,Lake Arthurside,Oklahoma,India,5265181084,ohardy@example.net,INS100272,2025-01-26,2026-01-04
274,Taylor Henry,Female,1981-06-24,Rodgersborough,Indiana,India,3786877161,stonekevin@example.com,INS100273,2024-10-30,2026-08-09
275,David Brown,Male,1998-07-29,Carrview,Arkansas,India,7290553002,stoneamanda@example.com,INS100274,2024-07-31,2025-10-05
276,Randall Murphy,Female,1950-02-11,Jacksontown,South Dakota,India,8584235522,canderson@example.org,INS100275,2024-11-21,2025-11-02
277,Phillip Davis,Male,1997-12-03,Adkinsshire,Oregon,India,5268154180,grantzachary@example.org,INS100276,2023-12-03,2026-09-21
278,David Morgan,Female,1999-12-31,South Regina,Oregon,India,7134838018,umckay@example.org,INS100277,2024-12-06,2026-08-08
279,Catherine Thomas,Female,2003-01-16,Kevinborough,Missouri,India,8548383263,jonathanmiller@example.com,INS100278,2024-01-06,2026-03-23
280,Stephen Carter,Female,1957-06-02,Elizabethburgh,Maryland,India,6613038603,brian13@example.net,INS100279,2024-10-19,2026-01-28
281,Chad Lloyd,Female,1999-01-28,West Jeremychester,Ohio,India,3999602851,moorestephanie@example.com,INS100280,2024-09-30,2026-05-14
282,Angel Morgan,Male,1985-07-24,Vargasview,Rhode Island,India,3404183552,bmiller@example.com,INS100281,2024-04-12,2025-10-29
283,Brandy Gibson,Male,1948-07-14,Donaldberg,Kentucky,India,3321267816,alvaradolauren@example.com,INS100282,2024-09-12,2026-04-15
284,Angela Hopkins,Female,1938-07-05,Port Chadfurt,Minnesota,India,8523569323,xwilliamson@example.com,INS100283,2025-08-27,2025-10-31
285,Francis Morris,Female,2003-10-14,Justinborough,Nevada,India,1038065809,mileskimberly@example.net,INS100284,2024-12-01,2025-12-16
286,Chelsea Thomas,Male,1944-06-03,South Grant,Delaware,India,5117233309,qwilson@example.com,INS100285,2025-04-22,2025-11-22
287,Amy Curtis,Male,1981-01-30,Randyton,Mississippi,India,9222235894,marymedina@example.org,INS100286,2025-04-21,2025-10-26
288,Carla Adams,Male,1999-10-19,Rodgersfort,Kentucky,India,0189041054,douglastorres@example.org,INS100287,2024-01-27,2026-08-13
289,Mark Howard,Male,1938-09-14,East Kathleenstad,Louisiana,India,2811244565,steven96@example.com,INS100288,2023-11-07,2025-12-07
290,Nicole Parsons,Male,1972-10-20,Andersonshire,New Mexico,India,5778582394,alisonbrown@example.com,INS100289,2025-01-30,2025-10-14
291,Whitney White,Male,1978-04-27,New John,Hawaii,India,4830244774,bperez@example.net,INS100290,2025-08-11,2026-04-29
292,Melissa Fisher,Female,1947-11-12,Burnsstad,Rhode Island,India,2692477743,kevin63@example.com,INS100291,2024-06-20,2026-08-16
293,Anthony Miller,Male,1965-01-03,Jonesborough,Nebraska,India,7364429024,oschultz@example.org,INS100292,2024-10-21,2026-02-04
294,Sheila Bush,Male,1966-06-25,New Elizabeth,Ohio,India,6292908768,gonzalezcorey@example.net,INS100293,2024-07-17,2025-12-11
295,George Rodriguez,Female,1990-12-16,Clementsview,Colorado,India,6161104900,josephhodge@example.org,INS100294,2024-11-26,2026-05-18
296,Alex Edwards,Male,1940-04-20,Steeleville,Mississippi,India,4600917716,kellydiaz@example.org,INS100295,2024-01-07,2026-05-02
297,Patricia Carney,Male,1944-12-18,Martinside,New Mexico,India,4526857186,kwaller@example.net,INS100296,2024-10-31,2025-10-09
298,Michelle Brown,Male,1939-08-18,Brianside,Pennsylvania,India,3096432040,lmendoza@example.com,INS100297,2024-05-16,2026-04-08
299,Aaron Lowe,Male,1964-01-01,Morrisfurt,Oregon,India,2255196821,christine87@example.net,INS100298,2024-12-29,2026-02-20
300,Kenneth Evans,Male,1936-12-30,Lake Christopher,Massachusetts,India,7961820928,kwalker@example.net,INS100299,2024-01-26,2026-09-10
301,George Jones,Female,1973-06-13,Port John,Pennsylvania,India,0097413126,mjohnson@example.org,INS100300,2024-08-01,2026-03-15
302,Brittany Miller,Male,1985-05-20,North Maurice,Tennessee,India,7942527934,dillonsarah@example.org,INS100301,2025-03-15,2025-11-11
303,Ashley Horne,Female,1959-03-14,Kayleebury,North Carolina,India,4642031832,danielsantos@example.com,INS100302,2025-01-20,2026-05-20
304,Kimberly Olson,Female,2002-07-17,Fisherland,Oklahoma,India,2708298397,mjohnson@example.com,INS100303,2023-11-16,2025-10-16
305,Kimberly Palmer,Male,1949-08-28,Alisonfurt,Georgia,India,1843271344,kathleen83@example.com,INS100304,2024-07-05,2026-01-01
306,Madison Higgins,Female,1988-08-01,East Natasha,West Virginia,India,6361832009,robertstiffany@example.org,INS100305,2023-10-13,2026-08-07
307,Lisa Perkins,Male,1951-03-28,East Vernon,Colorado,India,1767067421,brent33@example.net,INS100306,2025-08-21,2026-05-21
308,Ashley Rodriguez,Female,2005-03-29,East Ashleyfort,South Dakota,India,7991568578,ygonzales@example.net,INS100307,2025-04-13,2026-06-23
309,Patricia Bennett,Female,1979-06-06,South Amber,Maine,India,4908453272,qrose@example.org,INS100308,2024-12-21,2025-12-15
310,Derrick Thomas,Male,1998-09-17,Garrisonstad,Virginia,India,9215414058,brian13@example.com,INS100309,2024-12-02,2025-11-23
311,Zachary Watkins,Male,1976-05-25,Natalieland,Delaware,India,8689479273,kathryn55@example.net,INS100310,2025-04-09,2025-12-15
312,William Pratt,Male,1970-02-21,Tiffanyborough,Idaho,India,8628711522,amanda12@example.net,INS100311,2024-04-02,2026-01-27
313,Stacey Cook,Male,1936-12-31,Jamesmouth,New York,India,0310102107,udyer@example.org,INS100312,2024-05-13,2026-04-20
314,Jennifer Brown,Male,1985-05-15,Hernandezfurt,Mississippi,India,6753917005,annaclark@example.net,INS100313,2024-05-26,2026-09-18
315,James Cobb,Female,1988-04-10,Port Joseview,Vermont,India,6487387831,alison25@example.com,INS100314,2025-02-12,2026-09-01
316,Mrs. Molly Sutton MD,Female,1960-10-02,Hollandborough,California,India,2612715900,njackson@example.com,INS100315,2024-03-28,2025-12-31
317,Heather Freeman,Female,1953-09-22,North Michaelborough,West Virginia,India,8120692669,victoriavillarreal@example.net,INS100316,2024-11-26,2026-04-13
318,Tommy Montoya,Female,1975-12-19,East Margaretland,Michigan,India,8419943250,bdean@example.com,INS100317,2025-05-13,2025-12-29
319,Michael Francis,Female,1938-11-13,Stevenland,Arizona,India,6383428055,chadsims@example.net,INS100318,2025-05-10,2025-10-23
320,John Turner MD,Female,1984-06-11,New Destiny,Utah,India,7868270476,evanspatricia@example.com,INS100319,2024-03-23,2025-10-03
321,Kevin Duncan,Female,2006-11-29,Charlesstad,Georgia,India,2427669121,sarah85@example.net,INS100320,2024-09-10,2026-02-17
322,Andrew Castro Jr.,Male,1944-05-04,Smithton,Alabama,India,5001060958,xrichards@example.org,INS100321,2025-09-20,2026-08-29
323,Laura Park,Male,1942-02-24,Rhodesland,Virginia,India,4164340591,jordan76@example.org,INS100322,2025-04-08,2026-07-19
324,Carol Moore,Female,2002-07-05,North Stevenmouth,Vermont,India,3351619522,robert96@example.net,INS100323,2025-02-26,2026-09-10
325,Christine Gardner,Female,2008-06-26,East Samantha,Virginia,India,2638631891,ralph86@example.com,INS100324,2024-12-19,2025-12-27
326,Ashley Mejia,Male,1938-09-02,Christianshire,Vermont,India,8426054522,dharris@example.com,INS100325,2025-08-05,2026-02-26
327,Deborah Woodward,Male,1979-08-10,Lewisburgh,Oklahoma,India,4558472615,torrescassandra@example.com,INS100326,2024-06-20,2025-10-13
328,Steven Williams,Male,1979-09-04,East Walter,South Dakota,India,9063947328,gmurray@example.com,INS100327,2025-09-11,2026-08-12
329,Jorge Ross,Male,2003-12-29,Hollyside,Maryland,India,4785887262,kimberlywyatt@example.com,INS100328,2024-07-13,2026-06-22
330,Tammy Smith,Female,1938-12-30,Alanmouth,Texas,India,5287055667,michaelhunt@example.net,INS100329,2023-11-15,2026-01-17
331,William Johnson,Male,1993-12-19,West Ashleytown,Michigan,India,1774507864,wpeters@example.net,INS100330,2025-02-10,2026-04-25
332,Veronica Thornton,Female,1950-04-05,New Tammystad,Georgia,India,8589861492,jessicachambers@example.com,INS100331,2024-01-19,2026-03-27
333,Danielle Thomas,Female,2004-04-01,Morganchester,Missouri,India,3659618379,nsmith@example.com,INS100332,2024-09-10,2026-01-23
334,Heather Hensley,Female,1999-05-30,South Christinamouth,North Carolina,India,5513783708,johnsondonna@example.com,INS100333,2024-12-23,2025-12-13
335,Vanessa Roman,Male,1956-07-21,Port Danielland,Louisiana,India,4250438210,kylie03@example.org,INS100334,2024-02-28,2026-01-19
336,Johnny Mason,Male,1999-10-24,South Gwendolynhaven,Florida,India,4000544029,kelly61@example.com,INS100335,2025-01-03,2026-08-21
337,Michael Chambers,Female,1967-01-09,Port Rebecca,Alabama,India,5458053304,amy74@example.net,INS100336,2025-06-01,2026-09-21
338,Andrew Hernandez,Female,1971-12-01,North Amber,New Jersey,India,7825359499,vtucker@example.net,INS100337,2025-09-15,2026-06-09
339,Darren Johnson,Female,1956-04-26,New Evanborough,California,India,6014258912,cheryl25@example.net,INS100338,2024-02-20,2026-05-07
340,Brenda Sanchez,Male,1970-12-18,Benjaminborough,West Virginia,India,9252706547,mspencer@example.com,INS100339,2025-03-06,2026-02-03
341,Allen Richards,Female,1986-01-06,South Amy,Washington,India,6764337576,jonathanmcclain@example.org,INS100340,2024-02-02,2026-03-11
342,Timothy Perez,Male,1941-11-07,North Robert,Hawaii,India,5660968772,christopherpratt@example.net,INS100341,2025-06-18,2025-12-06
343,Justin Rodgers,Female,1971-03-23,Rodrigueztown,Texas,India,0438383855,rebeccarichard@example.com,INS100342,2024-10-09,2025-11-08
344,John Wyatt,Female,1958-11-14,Johnberg,New Mexico,India,3750206766,wilsonjason@example.org,INS100343,2023-12-25,2026-08-28
345,Michelle Rivera,Female,1993-07-08,Charlesfurt,Maryland,India,1913277466,wellstiffany@example.org,INS100344,2024-01-09,2026-05-24
346,Erin Malone,Male,1955-02-04,East Julia,Montana,India,7112278736,lrivera@example.com,INS100345,2024-10-20,2026-01-03
347,Kim Williams,Male,1979-08-12,West Michelleton,Oregon,India,4380688216,ymcpherson@example.net,INS100346,2024-10-09,2026-05-26
348,Cassie Lowe,Female,1980-12-05,Port Walter,Alaska,India,7504235959,frobinson@example.com,INS100347,2024-04-03,2026-01-28
349,Ray Hall,Male,1958-03-25,North Arthur,Tennessee,India,1920337397,georgestephanie@example.com,INS100348,2025-04-12,2026-05-10
350,Jessica Rose,Female,1938-03-03,Alicefort,Vermont,India,8227813666,nicole41@example.net,INS100349,2024-11-20,2025-11-07
351,Joseph Barnes,Male,1949-04-29,Jacksonborough,Rhode Island,India,3391942625,williamsgabrielle@example.net,INS100350,2024-09-05,2025-11-30
352,Mariah Moore,Male,1991-01-28,Grahamland,Connecticut,India,7183425316,tmorgan@example.org,INS100351,2024-09-14,2026-08-20
353,Heather Hayes,Male,1960-08-19,Vanessaville,North Dakota,India,3577771098,oflores@example.com,INS100352,2023-11-20,2026-09-23
354,Michelle Benjamin,Female,1951-03-07,Lake Kristen,South Dakota,India,8251031001,jacobmonroe@example.org,INS100353,2025-01-30,2025-10-28
355,Donald Rowe,Male,1947-10-18,Fernandezhaven,North Dakota,India,5838262323,brandon10@example.com,INS100354,2025-02-01,2025-12-02
356,Douglas Washington,Male,1979-08-05,West Tanya,Washington,India,4719492951,tarawilson@example.net,INS100355,2024-02-21,2025-12-22
357,Michael Henson,Female,1936-04-23,West Morganshire,Vermont,India,8714817945,sloanrobin@example.com,INS100356,2024-02-10,2025-10-09
358,Dean Stone,Female,2002-09-10,Fletcherchester,Kansas,India,4938697694,coopercaitlin@example.org,INS100357,2024-04-13,2026-07-28
359,Benjamin Walker,Female,1951-01-22,Port Brandi,Idaho,India,9656400898,lkim@example.org,INS100358,2025-06-16,2025-12-21
360,Julie Wilson,Female,1965-05-14,Owensland,Alabama,India,9766623952,kenneth32@example.com,INS100359,2024-07-04,2026-06-28
361,Stephen Carlson,Male,1968-12-06,East Whitney,Iowa,India,0731149178,hermanchristopher@example.net,INS100360,2024-12-03,2026-06-27
362,Matthew Hopkins,Male,1987-02-27,Mitchellland,Utah,India,8163137698,hartpeter@example.com,INS100361,2025-01-10,2026-09-07
363,Joseph Day,Male,1974-05-24,Davisview,Oklahoma,India,3087770485,whitesusan@example.org,INS100362,2024-04-08,2026-01-29
364,Jesse Dyer,Male,1984-07-02,Chavezborough,Ohio,India,4051489257,kyle97@example.com,INS100363,2024-08-30,2026-07-21
365,Glenn Marquez,Male,1964-09-20,Lindachester,Oregon,India,9857466873,jbrown@example.org,INS100364,2025-04-10,2026-04-25
366,Christine Lewis,Female,1955-12-16,East Robert,Wyoming,India,7257720602,andreajuarez@example.net,INS100365,2024-07-23,2026-02-23
367,Bradley Graham,Male,1963-05-16,Schneiderhaven,Washington,India,4096722113,esanchez@example.com,INS100366,2023-10-15,2025-12-19
368,Javier Potter,Male,1953-08-10,Port Tiffany,Indiana,India,3164308246,nathanielbutler@example.com,INS100367,2024-03-14,2025-12-05
369,Ryan Smith II,Male,2006-01-07,North Kimberly,North Carolina,India,4051676386,pmorales@example.org,INS100368,2025-08-30,2026-09-04
370,Colleen Silva DDS,Female,1990-08-23,Seanside,Alaska,India,2822310752,caindavid@example.com,INS100369,2025-03-18,2026-03-11
371,Mrs. Vanessa Avery,Female,1971-10-09,South Kristinhaven,New Mexico,India,4632441211,johnsonjoseph@example.net,INS100370,2024-03-05,2025-11-02
372,Danny Greene,Male,1960-11-05,Ballhaven,North Dakota,India,8754806888,smithbrandon@example.net,INS100371,2025-09-13,2026-02-08
373,David Carr,Female,1949-08-13,Cummingsburgh,Mississippi,India,3253121568,washingtontammy@example.net,INS100372,2024-03-28,2026-09-09
374,Christine Woods,Female,2005-10-31,South Heather,Minnesota,India,5229368126,alex02@example.net,INS100373,2024-08-18,2026-08-20
375,Jamie Jones,Female,1996-07-30,Kylestad,Virginia,India,1592863222,ijoyce@example.org,INS100374,2025-08-08,2026-02-14
376,Jordan Wilson,Female,1970-04-24,Castillofort,Hawaii,India,5798525429,ryaningram@example.net,INS100375,2024-11-16,2025-10-25
377,Mary Robinson,Female,2001-11-12,East Tracie,Wyoming,India,8170394071,crubio@example.org,INS100376,2025-02-01,2026-01-23
378,Mark Smith,Female,1995-09-15,Kennethfurt,Arkansas,India,8723637185,paul46@example.org,INS100377,2024-03-18,2026-02-17
379,Melissa Odom,Female,1980-05-12,Richborough,Oklahoma,India,2582487518,alexander07@example.org,INS100378,2025-07-26,2026-05-14
380,Kara Smith,Male,1974-12-16,Craigton,Arkansas,India,8547981115,psmith@example.org,INS100379,2023-11-06,2026-03-01
381,Karen Bishop,Male,2001-03-12,Port Andrew,Idaho,India,2010817535,paulwalls@example.org,INS100380,2025-07-12,2026-09-26
382,Gary Armstrong,Female,1984-04-09,East Tammyland,Arkansas,India,3634150366,mosborn@example.net,INS100381,2025-02-22,2025-12-13
383,Jennifer Young,Male,1953-05-25,Nathanside,West Virginia,India,8708950291,cingram@example.com,INS100382,2025-01-05,2026-05-14
384,Daniel Scott,Male,2007-09-30,West Raymond,Hawaii,India,1404165032,scottsean@example.net,INS100383,2025-06-04,2026-09-20
385,Christopher Oneill,Female,1979-12-31,North Maryview,Kansas,India,7391976264,james80@example.org,INS100384,2023-12-25,2026-08-11
386,David Jones,Male,2008-09-23,Ryanbury,Connecticut,India,0157574014,wilsonsteve@example.com,INS100385,2025-09-29,2026-07-15
387,Teresa Bailey,Female,1958-03-06,South Jonathan,Idaho,India,2438360664,cantrellcory@example.org,INS100386,2024-06-05,2026-08-24
388,Gina Welch,Female,1977-01-05,East Kristieburgh,Alaska,India,4259359642,hjackson@example.com,INS100387,2025-09-11,2026-04-03
389,Rachel Lewis,Female,1953-11-03,West Mark,Florida,India,6226211909,sarah24@example.org,INS100388,2024-08-12,2026-03-13
390,Sylvia Lee,Male,2006-05-09,North Julie,North Carolina,India,4903808852,ebailey@example.com,INS100389,2025-08-12,2026-08-24
391,Mark Young,Male,1955-03-20,Juliefurt,Alabama,India,8008315879,bho@example.org,INS100390,2025-02-17,2025-12-22
392,Andrew Cooper,Male,1987-05-12,East Lisaside,North Carolina,India,8320560120,jessica89@example.com,INS100391,2024-06-05,2026-06-26
393,Nicole Rogers,Male,1937-01-05,East Jerryshire,Wyoming,India,2647519488,shawpatrick@example.org,INS100392,2024-08-20,2026-01-25
394,Mark Johnson,Female,1936-09-08,Foleyton,Utah,India,7459784797,brandonmcmillan@example.com,INS100393,2025-07-08,2026-06-06
395,Megan Johnson,Female,1992-05-26,Josephview,Alabama,India,1406040392,jacquelineharrison@example.org,INS100394,2024-10-25,2026-03-22
396,Michael Marshall,Male,1977-10-28,Hollymouth,Oregon,India,2095148901,ibruce@example.org,INS100395,2024-11-23,2026-06-10
397,David Russo,Female,1942-02-21,Jonestown,Colorado,India,1290753112,phillipstodd@example.org,INS100396,2025-09-29,2026-03-07
398,Kelsey Williams,Female,2005-06-14,Hartfort,North Carolina,India,3361392642,estradarhonda@example.com,INS100397,2025-08-07,2025-10-13
399,Kevin Gregory,Male,1991-09-11,South Anna,Hawaii,India,4512324389,smithbenjamin@example.org,INS100398,2025-01-02,2026-03-05
400,Chase Adams,Female,1936-08-17,East Lauriehaven,Wyoming,India,3299806469,tammie71@example.com,INS100399,2023-12-27,2025-12-28
401,Troy Gordon,Male,1965-09-10,North Joshuaville,Washington,India,1730389484,nolanamanda@example.com,INS100400,2023-11-23,2026-07-21
402,Michael Hardin,Female,1974-01-02,Christopherhaven,North Carolina,India,1658659124,hansentroy@example.com,INS100401,2024-04-21,2026-09-03
403,Leah Ellis,Male,1978-05-29,Port Nicole,Iowa,India,9693089551,davisolivia@example.com,INS100402,2024-07-06,2026-05-08
404,Terry Harris,Female,1937-12-05,Jefferyton,Arizona,India,0653143682,christopher34@example.org,INS100403,2024-01-13,2026-08-13
405,Samuel Smith,Female,1981-11-23,Blackburnview,Oregon,India,7022061122,bethanymitchell@example.com,INS100404,2025-05-24,2026-09-20
406,Brian Kent,Male,1979-07-30,Oliviamouth,Kentucky,India,5413928286,donna23@example.org,INS100405,2024-10-29,2026-04-04
407,Patricia Bell,Male,1985-12-07,Hardyview,Washington,India,7861461438,cparsons@example.com,INS100406,2024-05-12,2026-06-12
408,Justin Koch,Male,1940-09-26,Victorchester,Montana,India,4249596470,tranlori@example.net,INS100407,2025-05-26,2026-04-24
409,Christopher Clark,Male,1986-04-06,Booneview,Michigan,India,4970504872,jwilliams@example.com,INS100408,2023-10-19,2026-08-07
410,Christina Garner,Female,1972-01-20,South Michael,Hawaii,India,6644398646,michele37@example.org,INS100409,2024-11-12,2026-07-22
411,Daniel Miller,Female,2000-07-27,Michellebury,Montana,India,7542758681,jessica78@example.org,INS100410,2025-01-11,2025-11-29
412,Morgan Murillo,Male,1966-04-17,North Cameron,Vermont,India,0206815494,bakercesar@example.net,INS100411,2024-11-12,2025-10-01
413,Gina Long,Female,1957-06-10,North Maria,North Dakota,India,7353682352,qmunoz@example.com,INS100412,2023-11-25,2026-07-07
414,Ryan Clark,Male,1967-09-18,Port Tiffanyville,Maine,India,9835648091,hickssamuel@example.org,INS100413,2023-12-02,2026-08-25
415,Gina West,Male,1962-08-27,Mirandahaven,Texas,India,2748324348,sanderseric@example.com,INS100414,2024-09-19,2026-03-09
416,Kelly Ortiz,Female,1989-07-01,Randyport,Pennsylvania,India,2621811358,cchase@example.org,INS100415,2024-10-21,2026-07-22
417,Kayla Guzman,Female,1991-06-15,Lake Kathleen,West Virginia,India,5601987836,bradleyjoseph@example.com,INS100416,2025-07-23,2025-11-30
418,James Harris,Male,1988-08-13,Lake Miranda,Oregon,India,1562313744,ylewis@example.org,INS100417,2025-07-18,2026-07-26
419,Sharon Robertson,Male,1941-04-07,Josephhaven,Georgia,India,9975696067,cynthiacoffey@example.com,INS100418,2025-05-18,2026-04-02
420,Tony Rivera,Male,1979-07-23,East Robertside,Arkansas,India,8552813033,chelsea09@example.com,INS100419,2025-04-19,2025-12-06
421,Emily Hill,Female,1976-07-07,West Cassandra,Michigan,India,7534594298,michelejones@example.com,INS100420,2024-05-22,2026-08-07
422,Scott Lindsey,Female,2001-11-13,Erinbury,New Hampshire,India,0955878608,amandaadams@example.com,INS100421,2024-02-07,2025-10-02
423,Jessica Terry DVM,Female,1945-05-21,Davidburgh,Ohio,India,2641440026,ojenkins@example.com,INS100422,2023-10-31,2026-08-24
424,Kevin Harris,Female,1981-06-23,South Ryan,Texas,India,9718321044,randolphfrank@example.net,INS100423,2023-10-06,2026-02-26
425,Timothy Acosta,Male,1987-06-23,Lopezport,North Carolina,India,9946390310,curtis78@example.com,INS100424,2024-08-29,2026-01-20
426,Katherine Kramer,Male,1960-02-20,North Rachelfort,Arkansas,India,8894759314,sarah93@example.com,INS100425,2025-01-19,2026-04-28
427,Juan Rivera,Male,1994-06-06,West Steven,Iowa,India,4831902556,deckermichael@example.com,INS100426,2024-09-11,2026-02-07
428,Jeffery Davis,Male,1940-02-15,Hernandezhaven,Connecticut,India,6861497978,garyhamilton@example.org,INS100427,2024-10-01,2026-06-09
429,Michael Reed,Male,1950-07-31,Port Amanda,Washington,India,6677045582,jillroberson@example.org,INS100428,2023-12-15,2025-09-30
430,Sarah Shepherd,Male,1937-03-08,Lake Garyberg,Hawaii,India,0401304642,carolyndavis@example.org,INS100429,2024-12-20,2026-05-21
431,Luis Miranda,Female,1973-12-10,Samuelchester,Louisiana,India,2057251296,dalemurray@example.net,INS100430,2024-06-27,2025-12-05
432,Timothy Woods,Female,1980-04-25,Rachelchester,South Carolina,India,5235243970,rebeccaporter@example.org,INS100431,2025-05-03,2026-06-02
433,Cynthia Lawson,Male,1963-08-26,Leehaven,New Mexico,India,0891980848,loriperry@example.org,INS100432,2025-06-05,2026-04-18
434,Matthew Mcfarland,Male,1971-04-30,East Stephanie,Maine,India,9640442474,cpadilla@example.com,INS100433,2024-07-20,2026-01-18
435,Mr. John Singh,Female,1947-03-09,North Joseph,Rhode Island,India,6823068709,edwardsmallory@example.com,INS100434,2025-03-18,2025-11-29
436,Jenna Austin,Female,1986-01-13,South Dawn,Ohio,India,7327300596,donaldblair@example.net,INS100435,2024-03-06,2026-08-23
437,Mackenzie Bryant,Female,1968-08-31,Baileyfurt,Kentucky,India,0134814378,scott06@example.org,INS100436,2025-03-13,2026-06-13
438,Joshua Fuller,Female,1942-08-09,Lake Lindsay,Indiana,India,7153839849,rodriguezlance@example.org,INS100437,2025-01-21,2026-01-24
439,Wendy Martinez,Male,1975-04-23,Karentown,Minnesota,India,4373677377,barbaramccullough@example.net,INS100438,2024-07-16,2025-10-11
440,Christian Rowland,Male,2006-10-16,New Daniel,Utah,India,6101587798,meganfisher@example.org,INS100439,2025-02-12,2026-07-12
441,Brenda Williamson,Male,1942-07-21,South Gregory,South Carolina,India,0786976697,tracyandrews@example.com,INS100440,2024-01-01,2026-08-24
442,Sheila Reid,Male,1947-10-18,Garciabury,Ohio,India,8919078901,morganfernandez@example.org,INS100441,2024-12-24,2025-12-04
443,Mark Torres,Male,2002-06-12,East Tamara,Minnesota,India,6272482879,nancy53@example.org,INS100442,2023-10-28,2026-08-22
444,Deborah Allison,Female,1952-08-24,Lake Johnnyview,Nebraska,India,3265563986,tracy76@example.org,INS100443,2023-10-27,2026-03-28
445,Natalie Clark,Male,2007-05-25,South Steven,Maryland,India,8079841857,crystal74@example.com,INS100444,2024-11-23,2025-10-25
446,Jimmy Lee,Female,1944-05-21,East Rebeccaville,Mississippi,India,4847906146,keyjames@example.net,INS100445,2025-04-28,2026-03-21
447,Michael Hinton,Male,2001-04-28,Mariafurt,Missouri,India,7734153450,wesleyingram@example.com,INS100446,2025-07-20,2026-05-19
448,Allison Rodriguez,Male,1936-10-23,Castilloside,Hawaii,India,4170657622,dustin57@example.com,INS100447,2025-03-06,2026-08-25
449,Seth Harper,Male,1997-12-23,East Johnberg,Pennsylvania,India,2257483820,hhancock@example.org,INS100448,2024-08-08,2026-04-09
450,Jennifer Mcfarland,Male,1994-03-22,Hannahberg,Pennsylvania,India,8570497167,jamierogers@example.com,INS100449,2024-04-30,2026-09-30
451,Sandra Baker,Male,2002-04-06,Paulside,Washington,India,5995884575,thomascynthia@example.org,INS100450,2024-03-26,2025-10-01
452,Justin Rodriguez,Female,1999-05-25,South Jesus,Pennsylvania,India,8569556005,jennifer14@example.net,INS100451,2024-08-22,2026-05-20
453,Courtney Moran,Female,1988-10-06,Davisport,Arizona,India,7259079568,angel35@example.net,INS100452,2023-10-06,2026-03-18
454,Tina Mendez,Female,2001-04-27,East Cynthiamouth,Delaware,India,4600481950,qyoung@example.com,INS100453,2025-07-08,2025-10-26
455,Melissa Ortiz,Male,1963-08-29,East Samantha,California,India,7905722761,medinavictoria@example.org,INS100454,2024-09-01,2026-04-22
456,Jacob Lang,Male,1984-10-28,Mariabury,Hawaii,India,5728028941,lewisluis@example.net,INS100455,2024-12-21,2025-10-24
457,Mary Stephenson,Female,1970-06-03,Crystalshire,New Jersey,India,2189728728,jacksonvirginia@example.org,INS100456,2025-03-03,2026-08-18
458,Christina Stevenson,Male,1956-07-30,East Edward,New Mexico,India,8156551252,bhunter@example.org,INS100457,2025-06-04,2026-05-18
459,Jeffery Davis,Male,1948-06-12,North Chelsea,West Virginia,India,2164066821,hendersonmegan@example.net,INS100458,2025-08-26,2026-03-02
460,Seth Henderson,Female,1991-08-13,Thomasstad,Rhode Island,India,6415931224,mphillips@example.com,INS100459,2024-08-17,2026-09-12
461,Laurie Rivas,Male,1974-03-24,North Kevin,Missouri,India,0524508607,davidsonpatrick@example.org,INS100460,2024-01-21,2026-03-14
462,Sydney Perez,Female,1974-10-20,North Shawn,Rhode Island,India,1024716530,rmartin@example.com,INS100461,2024-05-09,2026-01-22
463,Nicole Chapman,Male,1944-01-23,Chadchester,Mississippi,India,1421786958,rjones@example.org,INS100462,2025-01-07,2026-09-13
464,Lindsey Liu,Female,1985-08-10,Cookburgh,Mississippi,India,7835963446,michellemcfarland@example.com,INS100463,2023-11-09,2026-01-28
465,Amanda Kent,Male,1963-08-26,New Dawntown,South Carolina,India,4000887485,stephanie53@example.com,INS100464,2024-07-21,2026-01-29
466,Samantha Wheeler,Male,1985-08-24,East Matthew,California,India,1497669048,travisgolden@example.net,INS100465,2024-08-14,2025-11-30
467,Andrew Yang,Female,1974-06-01,Jeffreybury,Iowa,India,2987438352,kristin38@example.com,INS100466,2024-08-02,2026-02-04
468,Anna Ramirez,Male,1973-12-05,East Manuel,Wyoming,India,0503074714,mcdonaldchristopher@example.org,INS100467,2024-05-16,2025-11-05
469,Katherine Morales,Male,1992-04-16,Kathleenfort,Maine,India,5646972259,seanhowell@example.net,INS100468,2024-08-17,2026-09-18
470,Katherine Flowers,Female,1964-05-07,Port Chelseachester,Wyoming,India,1667565153,uflynn@example.com,INS100469,2024-08-12,2025-10-13
471,Jack Elliott,Male,1982-12-08,Port Sara,Kentucky,India,1807833345,joseph70@example.org,INS100470,2024-05-01,2026-02-19
472,Katelyn Duke,Female,1969-10-08,Johnsonmouth,Oregon,India,4809522401,david32@example.net,INS100471,2024-12-25,2025-11-19
473,Angela Glass,Male,1987-08-10,New Robin,Oregon,India,7297261010,andersonjose@example.org,INS100472,2025-06-20,2026-02-11
474,Adam Fuentes,Male,1958-10-25,West Teresastad,Illinois,India,7893261958,stephenvalentine@example.com,INS100473,2024-09-22,2026-02-02
475,Cody Frye,Male,1942-07-12,Port Matthew,Nebraska,India,8397040897,ngonzalez@example.com,INS100474,2023-11-15,2026-03-06
476,Veronica Johnson,Male,1989-04-26,Joshuashire,Pennsylvania,India,5012266608,hamiltoncharles@example.com,INS100475,2024-05-03,2026-06-07
477,Melanie Valenzuela,Female,1959-11-28,Kyleberg,Montana,India,2290030399,carternicholas@example.com,INS100476,2023-12-05,2025-09-30
478,Mary Moody,Male,1951-12-23,East Devin,Arizona,India,4911170306,ngeorge@example.net,INS100477,2025-08-10,2026-09-22
479,Diane Reynolds,Female,1981-04-28,Reneeville,Washington,India,2230107094,cassidy18@example.com,INS100478,2024-04-18,2025-11-13
480,Alyssa Jenkins,Male,1952-03-04,North Markhaven,Texas,India,9394458931,harrisjeffrey@example.net,INS100479,2025-04-19,2026-09-29
481,Mary Cherry,Male,1960-05-22,Lake Linda,Massachusetts,India,2075374858,lcarey@example.net,INS100480,2024-07-05,2026-06-20
482,John Roth,Male,1936-08-06,New Tyler,Michigan,India,8006811501,lee51@example.net,INS100481,2024-04-19,2026-03-25
483,Rachel Hall,Male,2003-01-06,New Jeremymouth,New Mexico,India,0341221970,andreadelacruz@example.org,INS100482,2024-10-24,2026-01-14
484,Lisa Rodriguez,Female,1944-07-12,West Madison,Washington,India,1713112048,anthonyhendrix@example.net,INS100483,2024-03-04,2026-02-15
485,Todd Lewis,Female,1970-11-07,Andersonbury,West Virginia,India,1893142477,underwoodkimberly@example.net,INS100484,2025-09-09,2026-09-04
486,Juan Diaz,Female,1997-03-12,North Michellemouth,Wisconsin,India,2339971124,sydney29@example.org,INS100485,2024-11-23,2026-09-10
487,Amanda Krause,Female,1963-05-25,West Carolynville,California,India,6648813799,jamesarmstrong@example.com,INS100486,2024-12-29,2025-12-06
488,Megan Mercado,Male,1976-06-19,Port Gabriellaside,North Carolina,India,0774927740,stephanie24@example.net,INS100487,2023-10-15,2025-10-12
489,Debbie Hernandez,Female,1972-05-24,South Ashley,New Hampshire,India,1019889944,blairrebecca@example.com,INS100488,2024-12-07,2026-02-25
490,Jennifer Hines,Female,1969-03-20,West Reginaldton,Arizona,India,2322209046,heather74@example.net,INS100489,2025-03-11,2025-12-20
491,Taylor Smith,Male,1999-12-21,Port Steven,Wyoming,India,6848975352,walterskevin@example.com,INS100490,2024-09-18,2026-05-22
492,Lori Roberts,Male,1990-07-06,South Joannmouth,Connecticut,India,8979082185,martinamanda@example.com,INS100491,2024-06-27,2026-06-18
493,Eric Patel,Male,1991-07-11,North Brian,New York,India,0485070560,emoody@example.org,INS100492,2025-06-29,2025-09-30
494,Scott Green,Male,1943-09-08,New Mariostad,Pennsylvania,India,1367020641,iodom@example.org,INS100493,2025-08-31,2026-05-04
495,Albert Thomas,Female,1943-02-25,New Jesseville,Arkansas,India,1757093402,garnergeorge@example.net,INS100494,2024-10-20,2025-10-21
496,Joshua Scott,Female,1981-12-10,North Erintown,Massachusetts,India,8276967061,douglaswalton@example.org,INS100495,2024-06-26,2026-09-09
497,Kelly Howell,Male,1952-05-18,Woodschester,Kansas,India,8177816532,vicki77@example.org,INS100496,2025-09-16,2026-06-15
498,Suzanne Johnson,Male,1971-02-05,Dustinchester,Oregon,India,3748657672,qpetersen@example.com,INS100497,2025-07-27,2026-06-06
499,John Klein,Male,2006-05-12,Jasonhaven,Virginia,India,4120797856,zfields@example.org,INS100498,2025-08-03,2025-10-18
500,Jose Compton,Female,1995-07-01,Susanstad,Kentucky,India,2751554108,sramos@example.org,INS100499,2025-04-04,2026-03-08
501,Brooke Wright,Female,1941-07-22,Katiebury,Minnesota,India,9970997615,romandavid@example.net,INS100500,2025-06-07,2026-05-20
502,Hannah Dalton,Male,1955-06-25,Jessicafurt,Mississippi,India,9772071829,hugheschristopher@example.com,INS100501,2024-07-07,2026-09-21
503,Sheila Larsen,Male,1965-07-18,Port Sierra,Kansas,India,4029459697,christina96@example.net,INS100502,2024-07-05,2025-10-20
504,Robert Rice,Female,1962-07-16,Ericksonside,Alabama,India,3836294167,agrimes@example.org,INS100503,2023-12-17,2026-04-29
505,Jeanne Diaz,Male,1967-06-27,West Wendy,Kentucky,India,2464966943,juliepineda@example.net,INS100504,2024-09-10,2026-02-26
506,James Ramos,Male,1942-03-14,Mitchellview,Alabama,India,7708524087,brockjames@example.net,INS100505,2024-03-24,2025-10-11
507,Michael Frank,Female,1966-07-16,Lake Megan,Wisconsin,India,5734824361,asexton@example.net,INS100506,2024-11-08,2026-07-14
508,Matthew Bright,Male,1938-12-07,Jeromechester,Wyoming,India,8179122568,evelyn25@example.org,INS100507,2025-09-10,2026-09-01
509,Ashley Johnson,Female,1937-02-24,Kelseyborough,New Jersey,India,6909837466,ojackson@example.com,INS100508,2025-04-25,2026-06-05
510,Travis Casey,Male,1990-10-20,Palmerville,Rhode Island,India,5903420105,andersontodd@example.net,INS100509,2024-02-23,2026-01-05
511,William Montgomery,Male,1967-07-05,Turnerland,Delaware,India,6904965215,jessica91@example.com,INS100510,2025-07-06,2026-09-01
512,Johnny Barnett,Female,1947-04-18,North Rodney,Georgia,India,6088197077,nking@example.org,INS100511,2025-06-17,2026-06-18
513,Ashlee Campbell,Female,1943-11-12,West Mike,Maine,India,4863026569,johnrichmond@example.net,INS100512,2023-11-05,2026-05-19
514,Michael Thomas,Male,1977-02-06,Tinaland,Florida,India,5240511905,sophia71@example.com,INS100513,2024-02-20,2026-07-07
515,Benjamin Reed,Female,1960-11-18,Johnsonport,Iowa,India,6173542743,dawnhoffman@example.org,INS100514,2025-03-26,2025-10-17
516,Michael Esparza,Male,1956-11-06,West Patriciabury,Georgia,India,3272623009,kellermichael@example.com,INS100515,2024-09-19,2026-09-12
517,Allison Palmer,Male,1958-06-08,Lake Tracy,Virginia,India,2556044904,vlewis@example.org,INS100516,2024-11-08,2026-02-01
518,Laura Sanders,Female,1986-08-14,Mooreberg,Nebraska,India,7653252430,john30@example.org,INS100517,2024-05-09,2026-09-20
519,Lori Baker,Male,1982-03-03,Hernandezborough,Vermont,India,0055631768,sabrina25@example.com,INS100518,2024-01-01,2026-02-12
520,Brittany Martinez,Male,2008-08-17,Torresview,Arizona,India,8803676761,joel42@example.net,INS100519,2024-11-14,2026-08-30
521,Tammy Wilson,Female,1987-07-28,South Todd,Texas,India,5837517562,yvonne74@example.com,INS100520,2024-01-18,2026-02-22
522,Kayla Caldwell,Female,1940-07-08,Lake Jenna,New Mexico,India,6505187184,tateanthony@example.net,INS100521,2024-06-14,2026-08-11
523,Christopher Rodriguez,Male,2002-01-21,Lake Brandon,Missouri,India,5288036054,adamreynolds@example.net,INS100522,2024-05-24,2025-12-09
524,Catherine Ryan,Female,2003-04-23,Robinsonville,Hawaii,India,0720825763,alexanderdarren@example.org,INS100523,2025-02-28,2026-08-23
525,Michael Acosta,Female,1936-06-23,Johnview,Minnesota,India,5602431708,jamessingh@example.com,INS100524,2025-08-24,2025-11-24
526,Juan Lewis,Female,1994-11-07,South Jacqueline,Arizona,India,9872085435,angela08@example.net,INS100525,2024-08-27,2026-08-17
527,Richard Myers,Female,1989-11-11,South Samantha,Maine,India,1327345786,joshua00@example.org,INS100526,2024-02-12,2026-02-10
528,Todd Smith,Male,1966-07-22,Perezville,Alaska,India,4475261904,velezpamela@example.org,INS100527,2023-12-29,2026-05-03
529,Alyssa Caldwell,Male,1979-08-04,New Patrickberg,Tennessee,India,5928546506,alexandergutierrez@example.org,INS100528,2023-11-17,2026-06-07
530,Mrs. Jennifer Morgan,Male,1967-05-29,New Karen,Arkansas,India,1443325011,jordanreynolds@example.org,INS100529,2024-09-07,2026-09-30
531,Kimberly Cantrell,Female,1978-09-29,Benderburgh,New Mexico,India,9585382840,eric44@example.net,INS100530,2024-10-22,2026-02-28
532,Anthony Miles,Female,1992-08-06,Michaelville,North Carolina,India,3323541033,coxbeverly@example.com,INS100531,2023-11-21,2026-07-02
533,Alexis Wells,Female,2002-07-18,West Stephen,Indiana,India,8932776197,frank10@example.com,INS100532,2025-03-26,2025-12-04
534,Robert Strong,Female,1960-01-11,Lake Erica,Tennessee,India,8228426352,marquezeric@example.org,INS100533,2024-04-01,2026-09-30
535,Michelle Bell,Female,1987-04-12,Roberthaven,Vermont,India,3922289886,angelabennett@example.org,INS100534,2025-01-10,2026-03-06
536,Brian Chavez,Female,1952-05-03,Anthonyside,West Virginia,India,6014556927,kimlori@example.net,INS100535,2025-07-22,2026-04-28
537,Patricia Montgomery,Female,1965-04-11,Lake Derrickview,California,India,2542627528,tshepherd@example.com,INS100536,2024-12-19,2025-10-13
538,Rhonda Holden,Male,1992-07-09,Delacruzmouth,Montana,India,0713484283,teresagutierrez@example.com,INS100537,2025-03-11,2026-03-18
539,Rebecca Hull,Male,2003-02-05,Port Alexstad,Missouri,India,3072267485,lindsay08@example.com,INS100538,2025-01-20,2026-08-06
540,Brenda Murphy DDS,Female,1945-05-05,Port Andrewbury,Nebraska,India,3462967565,michael68@example.com,INS100539,2025-01-21,2026-05-17
541,Rebecca Rodriguez,Female,1986-04-19,Arthurhaven,Delaware,India,3929485654,xsoto@example.net,INS100540,2024-03-03,2025-12-22
542,Danny Soto,Female,1980-02-20,Wrightview,Minnesota,India,5941834091,alexisgibson@example.org,INS100541,2023-12-22,2025-11-09
543,Tammy Le,Male,1990-11-27,Grayville,Maryland,India,3518100308,nkennedy@example.net,INS100542,2023-11-06,2025-12-07
544,Sheila Mcdonald,Male,1955-11-29,North Patriciaborough,Illinois,India,3845402063,karen06@example.net,INS100543,2023-10-11,2025-10-11
545,Daniel Lopez,Female,1983-12-02,Mathismouth,Vermont,India,8398340054,nicolehinton@example.org,INS100544,2024-01-23,2026-06-13
546,Mitchell Williams,Female,1971-12-22,West Shelly,Washington,India,3447316877,jessicahoward@example.org,INS100545,2024-09-12,2026-05-11
547,Alison Anderson,Male,1998-12-26,East Tanya,Hawaii,India,9995706083,nhernandez@example.net,INS100546,2025-07-26,2026-01-07
548,Chelsea Morris,Male,1965-03-17,New Ronaldton,Kentucky,India,5995642514,alopez@example.net,INS100547,2024-01-13,2025-11-11
549,David Summers,Male,1937-12-12,Lake Rebeccabury,Ohio,India,9187897508,figueroastephen@example.com,INS100548,2025-03-28,2026-02-27
550,Teresa Green,Male,1992-12-21,North Isaiah,Connecticut,India,9786327886,qwashington@example.com,INS100549,2024-03-28,2026-06-14
551,Katherine Dalton,Female,1967-09-20,Jerryton,Hawaii,India,3633962427,smithcolton@example.org,INS100550,2025-02-05,2026-03-27
552,Brittany Andrews,Male,1950-06-20,Brianville,Florida,India,0730623080,perrymallory@example.org,INS100551,2023-12-04,2026-07-25
553,Nathan Ellis MD,Male,1941-12-01,North Kathryn,South Dakota,India,5738672568,teresawilliams@example.com,INS100552,2024-12-29,2025-09-30
554,Nicholas Smith,Female,1942-02-11,Lake Noahbury,West Virginia,India,0689995655,kathryn05@example.org,INS100553,2024-06-18,2026-08-03
555,Carolyn Lang,Male,1997-07-05,Bettybury,New Hampshire,India,0663990652,troyholt@example.net,INS100554,2023-11-16,2026-04-08
556,Kevin Goodman,Male,1981-06-21,West Edwardmouth,Vermont,India,3254238051,johngregory@example.org,INS100555,2023-12-28,2026-06-02
557,Jamie Odonnell,Male,1982-12-09,Port Kevinstad,Missouri,India,0323604044,robinhall@example.org,INS100556,2024-12-06,2025-10-03
558,Jeff Campbell,Female,1937-07-31,Rebeccabury,New York,India,5116376034,kerry36@example.net,INS100557,2025-09-05,2025-11-22
559,Colin Ayala,Male,1960-07-01,South Dawnborough,South Carolina,India,1031286255,lopezthomas@example.org,INS100558,2024-03-21,2026-06-09
560,Kelly Freeman,Female,1977-09-14,Cliffordfurt,Iowa,India,2089535024,wangashley@example.net,INS100559,2023-11-08,2026-08-27
561,Gerald Bright,Female,1944-10-10,New Christopher,Colorado,India,6645190372,ashleysmith@example.com,INS100560,2023-10-14,2026-08-14
562,Susan Porter,Male,1970-09-04,Robertsborough,Virginia,India,0108203272,bwilliams@example.net,INS100561,2025-09-14,2026-05-11
563,Michael Coleman,Male,1950-07-21,South Christinefort,California,India,5419205172,wanda93@example.org,INS100562,2024-04-12,2025-10-24
564,Scott Mendoza,Male,1976-12-02,Charlesfurt,Wisconsin,India,2423077938,nalexander@example.org,INS100563,2023-11-06,2026-06-25
565,Patrick Irwin,Male,1979-01-11,Bettyburgh,Florida,India,4873467473,jacksonjessica@example.com,INS100564,2024-07-25,2026-08-08
566,Michael Fisher,Female,1957-12-24,Diazview,Idaho,India,5308489561,ashley78@example.org,INS100565,2024-02-20,2025-10-26
567,Tara Padilla,Male,1987-08-03,Lake Joshuashire,Virginia,India,3303994168,zlloyd@example.org,INS100566,2024-08-31,2026-08-25
568,Spencer Walker,Male,2004-05-19,Ashleyshire,Montana,India,3213863608,laurie47@example.org,INS100567,2023-11-26,2026-01-12
569,John Davis,Male,1985-01-31,West Jimmyland,California,India,0763633380,coxalicia@example.net,INS100568,2024-05-26,2025-09-30
570,Carolyn Norris,Female,1956-07-28,Washingtonland,Maryland,India,3995304661,iansalinas@example.net,INS100569,2024-03-10,2026-03-04
571,Jacqueline Osborne,Male,1966-05-09,North Anthony,Virginia,India,5624841361,lcaldwell@example.net,INS100570,2025-02-08,2025-12-12
572,David Dominguez,Male,1945-04-06,Ronniemouth,West Virginia,India,9519389201,logan89@example.net,INS100571,2023-12-05,2026-05-23
573,Joyce Anthony,Female,2006-05-26,Meganberg,Colorado,India,2351166539,walter03@example.org,INS100572,2025-02-14,2026-09-06
574,Debra Webb,Female,1936-07-03,Carolynfort,South Carolina,India,1605979603,christina46@example.org,INS100573,2025-08-22,2026-06-13
575,Anna Weaver,Male,2004-05-01,New Micheleland,Alaska,India,2739703521,wheelerzachary@example.org,INS100574,2024-01-14,2026-06-11
576,Jasmine Combs,Male,1955-12-28,South Kim,Tennessee,India,9497844739,adam28@example.com,INS100575,2025-06-12,2025-11-16
577,Christopher Mills,Male,1962-08-24,West Johnathan,Utah,India,7993176296,stevenkelley@example.com,INS100576,2024-10-24,2026-07-07
578,Steven Ward,Male,2002-11-16,Lawrencefort,Vermont,India,0688732800,dwood@example.org,INS100577,2025-05-18,2026-04-03
579,Elizabeth Conner,Male,2007-03-22,North Jasonbury,Hawaii,India,3295793962,juliahammond@example.net,INS100578,2025-03-29,2026-01-23
580,Samantha Walters,Female,1982-12-04,Gordonfurt,Kansas,India,7071417075,zmiller@example.com,INS100579,2025-05-14,2025-11-05
581,Jamie Hayes,Female,1994-10-11,Cobbland,Tennessee,India,2631855866,baileyandrea@example.org,INS100580,2024-11-22,2026-01-13
582,Daniel Young,Male,1965-11-27,Sampsonmouth,Utah,India,6004453133,scottsue@example.org,INS100581,2025-05-19,2026-04-05
583,Matthew Thomas,Male,1959-12-18,Rachelhaven,Arkansas,India,1144388018,jennifer93@example.org,INS100582,2024-06-01,2026-01-02
584,David Henderson,Female,2003-06-23,New Joshua,Arkansas,India,3897383856,davidross@example.org,INS100583,2024-01-28,2026-04-14
585,Tracie Cox,Male,1992-09-23,Josephshire,Arizona,India,1772451759,sfrederick@example.net,INS100584,2024-03-08,2025-11-24
586,Mariah Pugh,Male,1992-04-11,South Bonnie,Texas,India,8292337098,twilliams@example.com,INS100585,2025-06-04,2026-09-06
587,Mark Smith,Male,1965-11-02,New Jeremyhaven,Missouri,India,3829001351,joshuaarias@example.com,INS100586,2024-02-19,2026-04-16
588,Jon Brown,Male,1998-05-17,Burgesstown,Montana,India,1686113591,keith21@example.org,INS100587,2025-08-21,2026-07-21
589,Katherine Fitzgerald,Male,2006-04-08,Lake Williamberg,Virginia,India,0736535392,debrabridges@example.org,INS100588,2025-07-05,2026-05-14
590,Michael Howard,Female,1959-03-29,East Matthew,Tennessee,India,0647697055,meganmcbride@example.net,INS100589,2024-03-19,2026-09-14
591,Lindsay Holmes,Male,1978-09-09,New Julie,New Hampshire,India,2076796731,brendaclark@example.org,INS100590,2024-09-13,2026-07-10
592,Kevin Mahoney,Male,1945-01-20,East Kennethton,Rhode Island,India,3334148209,jamie77@example.com,INS100591,2024-07-14,2026-06-13
593,Jennifer White,Male,1977-06-10,Lindseyport,Arkansas,India,8910177636,youngmatthew@example.com,INS100592,2024-06-30,2025-10-28
594,Anna Smith,Female,1948-10-17,Joshuachester,Kentucky,India,5732711010,lisa98@example.org,INS100593,2024-11-22,2025-10-29
595,Amy Simpson,Female,1999-11-12,East Breanna,Utah,India,1328090718,veronica59@example.org,INS100594,2025-06-18,2026-03-08
596,Grace Vega,Female,1936-06-14,Lake Lisa,Wisconsin,India,6353809061,kellybrown@example.org,INS100595,2025-02-15,2026-05-03
597,Rose Fernandez,Female,1992-05-01,West Kevin,Montana,India,2490292292,lisa29@example.org,INS100596,2024-11-28,2026-07-15
598,Brandon Wilson,Male,1975-02-18,South Cindy,Texas,India,3488916757,wjohnson@example.net,INS100597,2024-05-16,2025-12-03
599,Erika Dennis,Female,1970-09-15,Hubbardmouth,Maryland,India,4639236636,danielharris@example.org,INS100598,2024-11-06,2025-11-02
600,Jared Phillips,Male,1980-07-07,New Paul,California,India,3644468143,james92@example.org,INS100599,2024-11-10,2026-06-03
601,Lance Carroll,Male,1965-04-12,Allenburgh,Arkansas,India,9146789358,christina60@example.net,INS100600,2024-02-29,2026-05-02
602,David Kelly,Female,1964-02-26,Mccormickland,California,India,2298241509,zburnett@example.net,INS100601,2025-09-03,2026-06-25
603,Glen Case,Female,1987-06-11,North Alexander,New York,India,8774453375,bennettkayla@example.com,INS100602,2025-07-09,2026-06-30
604,Keith Lee,Female,1949-09-11,Meghanbury,New Jersey,India,3932561210,gonzalezgeorge@example.net,INS100603,2023-10-23,2026-09-22
605,Kenneth Jackson,Female,1952-12-19,East Caitlin,New Jersey,India,4727566275,halljessica@example.com,INS100604,2025-03-25,2026-08-27
606,Preston Wade,Female,1967-03-27,Stoneburgh,New Jersey,India,5716626664,watkinsmichael@example.com,INS100605,2025-07-09,2026-01-08
607,Donna Hill,Male,1964-04-20,Lake Debbiemouth,Washington,India,9762549560,vasquezdavid@example.net,INS100606,2025-04-21,2026-02-12
608,Norma Martinez,Female,1975-12-04,West Gabrielleshire,Alaska,India,6526952096,matthew06@example.com,INS100607,2024-01-10,2026-08-21
609,Terrance Burgess,Female,1954-02-26,Williamshaven,New Hampshire,India,5761842674,nicolehamilton@example.org,INS100608,2025-07-02,2026-08-30
610,Maria Clark,Female,1964-01-11,East Janice,Mississippi,India,7676931259,pamela05@example.net,INS100609,2025-06-21,2026-04-13
611,Teresa Pittman,Male,1957-03-21,Nicolebury,Colorado,India,7093279447,bowerscynthia@example.net,INS100610,2025-07-23,2026-07-05
612,Timothy Rubio,Female,1989-10-14,North Kelly,Alaska,India,2859717244,stephaniebennett@example.com,INS100611,2024-12-23,2026-09-19
613,Brenda Brown,Male,1994-11-23,New David,Wyoming,India,3616039385,dgross@example.org,INS100612,2024-02-09,2025-12-31
614,Bianca Bradley,Female,1951-05-22,New Lori,Maryland,India,0876369370,durancheryl@example.org,INS100613,2023-10-11,2026-02-09
615,Lisa Mason,Female,2006-06-01,Port Patricia,Alaska,India,0898915957,bmoore@example.org,INS100614,2024-04-11,2026-02-04
616,Brianna Lucas,Male,2002-06-26,North Timothyton,Tennessee,India,1037011095,rray@example.com,INS100615,2025-04-13,2026-04-29
617,Larry Jones,Female,1984-05-18,Port Rebecca,Texas,India,9758491283,melindadonovan@example.net,INS100616,2025-01-10,2026-01-08
618,William Hall,Male,1939-05-10,New Austinside,Ohio,India,3830757696,huntmichelle@example.com,INS100617,2025-03-20,2026-01-30
619,Chelsea Woods,Male,1947-07-22,Anneview,Massachusetts,India,6783894195,weaton@example.com,INS100618,2024-11-05,2026-03-02
620,Richard Arroyo,Male,2001-09-07,New Michael,Illinois,India,5506817668,ngray@example.com,INS100619,2025-04-24,2025-10-09
621,Anita Snow,Female,1943-08-21,Lake Meghantown,Vermont,India,8238042882,natasha50@example.net,INS100620,2025-09-01,2026-01-06
622,Kevin Lewis,Female,1998-07-18,East Christineburgh,Kansas,India,7511251309,ybryan@example.org,INS100621,2023-12-15,2025-12-16
623,Kristen Garcia,Female,1989-01-12,Madisonport,Maine,India,6062795741,brooke28@example.net,INS100622,2023-11-04,2026-07-10
624,Paul Browning,Male,1995-03-13,Lake Micheleshire,Arizona,India,4836886260,kimberly07@example.com,INS100623,2025-03-27,2025-11-17
625,Kristin Brown,Female,1962-08-16,Lauriebury,Vermont,India,5282528546,piercecourtney@example.com,INS100624,2024-07-20,2025-10-19
626,Kari Mills,Male,1956-01-16,North Timothy,California,India,2526498736,andrewwilliams@example.net,INS100625,2025-03-15,2025-12-23
627,Isaac Wilson,Female,1976-10-23,Gilbertfort,Iowa,India,7784902196,christinacabrera@example.org,INS100626,2025-08-12,2026-07-27
628,Paige Reynolds,Male,1952-01-13,North Samanthaland,Montana,India,8496841233,kevin61@example.net,INS100627,2025-02-17,2026-07-21
629,Zachary Mitchell,Male,1972-02-16,Port Kaylaton,Georgia,India,3019197771,hudsonbrandon@example.org,INS100628,2023-10-19,2025-12-31
630,Kenneth Gonzalez,Male,1953-08-25,Catherineside,Louisiana,India,2046049203,heather26@example.org,INS100629,2024-06-16,2026-05-08
631,Lori Cook,Female,1960-11-27,Kimhaven,Ohio,India,5419692036,james57@example.org,INS100630,2025-03-22,2026-02-15
632,Jason Davis,Male,1954-05-22,Mccannburgh,Texas,India,1718749267,briandavis@example.com,INS100631,2024-02-12,2025-12-20
633,Mr. Trevor Cruz,Male,1938-12-28,Robinsonton,Hawaii,India,4688629475,shelbywood@example.org,INS100632,2024-09-29,2026-02-27
634,Richard Anderson,Male,1985-08-17,Brownborough,Michigan,India,6417524837,howellkatherine@example.org,INS100633,2024-11-28,2025-12-12
635,Elizabeth Butler,Male,1956-05-28,New Kelly,Washington,India,1884847119,tracylara@example.com,INS100634,2024-05-31,2026-04-24
636,Nicole Shah,Male,1973-01-23,Ericland,Delaware,India,5845343726,rvazquez@example.org,INS100635,2024-05-12,2026-03-09
637,David Watson,Male,1963-09-03,Tylerberg,Rhode Island,India,3629142505,ramosjason@example.com,INS100636,2024-12-11,2026-02-04
638,Patricia Navarro,Female,1975-05-08,Garciaport,Montana,India,5020231231,melodydavis@example.net,INS100637,2024-06-03,2026-07-31
639,Anthony Mccoy,Female,1989-02-24,New Brian,California,India,9637739542,jesselong@example.com,INS100638,2024-05-14,2026-02-01
640,Tammy Berger,Male,1953-01-02,Woodsmouth,New Jersey,India,1030668325,amywood@example.org,INS100639,2024-07-02,2026-05-26
641,Stephen Thomas,Female,1941-03-03,West Brian,Delaware,India,8129788166,powellchristopher@example.com,INS100640,2024-10-02,2025-12-16
642,Karen Barrett,Female,1971-01-05,South April,Montana,India,0132403304,amy87@example.com,INS100641,2025-04-06,2026-05-28
643,Joseph Torres,Male,1992-06-08,East Ryan,Maine,India,2400612111,tmercado@example.org,INS100642,2024-08-20,2026-05-08
644,Cody Nelson,Male,1958-01-31,Aprilview,Nevada,India,5083617997,lisa02@example.net,INS100643,2024-04-22,2026-05-29
645,David Berry,Male,1973-11-14,South April,Iowa,India,7075326430,hunter90@example.net,INS100644,2024-12-09,2026-07-11
646,Tyler Wong,Female,1988-11-18,North Alfredburgh,North Carolina,India,4328721018,verickson@example.com,INS100645,2024-10-09,2026-09-26
647,Jeffery Evans,Male,1987-05-13,Taylortown,Montana,India,7890233812,fgonzalez@example.com,INS100646,2024-03-30,2025-12-09
648,Megan Collins,Female,1952-10-21,New Nichole,Mississippi,India,6211050064,travisdustin@example.net,INS100647,2023-11-06,2025-11-24
649,Julie Allen,Male,1960-10-27,Rodriguezburgh,Nebraska,India,4076243599,heidi02@example.org,INS100648,2024-10-09,2026-08-03
650,Tara Rogers,Female,2005-02-16,Gordonfurt,Louisiana,India,6840373199,juarezvictor@example.net,INS100649,2024-12-21,2026-06-21
651,Kristin Rivers,Male,2001-05-09,Spencermouth,Vermont,India,1851223250,harrelldonald@example.org,INS100650,2025-09-22,2025-11-30
652,Joseph Williams,Male,1988-11-03,Kellyton,New Jersey,India,3007672312,vnguyen@example.net,INS100651,2025-06-15,2026-09-28
653,Brent Goodman,Female,1961-09-24,West Rachel,West Virginia,India,1293664824,nmoore@example.net,INS100652,2024-07-13,2026-07-15
654,Jill Henderson,Female,1960-10-06,Melissaberg,Alaska,India,5275529204,william15@example.com,INS100653,2024-03-01,2026-05-03
655,James Williams,Female,1975-09-07,Haileyland,South Carolina,India,5015360119,tylerdavis@example.com,INS100654,2024-01-19,2026-09-17
656,Gregory Craig,Female,1960-12-20,Phillipton,Georgia,India,6361350359,thompsonjoseph@example.com,INS100655,2023-10-25,2026-09-01
657,Jennifer Oliver,Female,1982-01-20,South Angiemouth,Washington,India,2410834810,mary06@example.net,INS100656,2024-08-09,2026-01-13
658,Philip Marsh,Female,1943-12-09,Lisaberg,Mississippi,India,7330635337,kennethgonzalez@example.com,INS100657,2024-09-13,2026-06-18
659,Paul Hunter,Male,1999-03-08,North Robertohaven,South Carolina,India,6737647938,vgray@example.net,INS100658,2024-03-04,2026-03-10
660,Elizabeth Duncan,Female,1982-04-29,North Cynthia,Minnesota,India,0159466390,lyonswilliam@example.org,INS100659,2024-11-28,2026-03-12
661,Blake Hernandez,Male,1999-04-27,South Ana,Wyoming,India,1245588823,matthew30@example.org,INS100660,2024-11-26,2026-05-02
662,Laura Marks,Male,1973-12-18,Bethbury,Florida,India,3059460091,alejandroskinner@example.com,INS100661,2025-07-27,2026-05-25
663,Jason Campos,Female,1970-06-05,West Rose,Indiana,India,3677686953,judithstevens@example.org,INS100662,2024-01-16,2026-08-03
664,Richard Davis,Male,1971-05-25,Brentport,Idaho,India,3838492735,jenniferbrown@example.com,INS100663,2024-06-02,2026-07-18
665,Julie Stafford,Female,1968-06-28,Port Justinfort,Pennsylvania,India,8676883546,lindsayclayton@example.net,INS100664,2024-06-11,2026-05-04
666,Vincent Clark,Female,1958-01-22,Codyville,Virginia,India,3267965981,randerson@example.com,INS100665,2025-06-11,2025-12-24
667,Emily Brooks,Male,2000-05-03,Lake Paula,New Jersey,India,1289494496,sgarcia@example.com,INS100666,2024-02-13,2026-03-15
668,Catherine Andersen,Male,1966-09-11,East Samanthamouth,New Jersey,India,9646407937,nicolebryan@example.org,INS100667,2025-01-28,2026-08-21
669,John Montgomery,Female,1986-09-28,Pamelaburgh,Illinois,India,7267793308,sarahhenry@example.org,INS100668,2025-09-24,2025-10-14
670,Brianna Lee,Female,1974-10-29,East Stacey,Washington,India,5412629588,nicole82@example.com,INS100669,2024-09-11,2026-07-07
671,Dana Strong,Male,1980-12-04,South Wendyfurt,Michigan,India,1910843892,ruiztyler@example.org,INS100670,2024-09-26,2025-11-21
672,Anita Alvarez,Male,1956-11-27,Port Hunter,Arkansas,India,7609402577,lhinton@example.org,INS100671,2025-01-12,2025-10-05
673,Eric Villanueva,Male,1987-10-14,Lake Alyssa,Georgia,India,7802387221,umoreno@example.org,INS100672,2024-08-03,2026-06-27
674,Rhonda Johnson,Male,1990-04-13,Munozborough,California,India,5213505534,tiffany81@example.com,INS100673,2024-06-28,2026-03-26
675,Hannah Allen,Female,1953-12-28,Tommyville,Michigan,India,0388611941,perkinsjose@example.net,INS100674,2025-04-24,2026-04-14
676,Jared Richards,Female,1995-11-15,North Heather,Maryland,India,5078313570,comptonjeffrey@example.com,INS100675,2025-06-21,2026-02-25
677,Anthony Young,Female,1939-10-05,Thompsonhaven,Maryland,India,4251351342,lfletcher@example.com,INS100676,2025-04-17,2025-10-18
678,Megan Campbell,Female,1992-05-14,Theresaland,Louisiana,India,4383358758,phall@example.org,INS100677,2025-06-16,2026-09-02
679,Patrick Johnson,Male,1953-05-01,East Elizabethbury,Massachusetts,India,6758050139,williamslinda@example.org,INS100678,2023-10-12,2026-05-29
680,Dustin Pham,Male,1954-02-19,New Kaitlinberg,Oklahoma,India,6936879358,wheelerchelsey@example.net,INS100679,2025-09-29,2026-03-05
681,Lisa Patel,Female,2005-10-09,Port Tyler,Idaho,India,9961343320,antoniomiller@example.org,INS100680,2025-01-15,2025-11-12
682,Benjamin Johnson MD,Female,1966-06-27,West Johnathan,Oregon,India,3017420000,lawrencefrank@example.org,INS100681,2024-05-16,2026-08-17
683,Justin Roth,Female,2006-01-26,Butlerborough,Massachusetts,India,3920717966,watkinssarah@example.org,INS100682,2025-08-16,2026-02-05
684,Sarah Lopez,Female,2005-08-28,Port Deanna,Rhode Island,India,7259515484,donnahouston@example.net,INS100683,2025-09-29,2026-05-15
685,Kenneth Reid,Female,1936-08-01,Port Tammyfurt,Arkansas,India,1798350237,susan32@example.org,INS100684,2023-10-25,2026-03-29
686,Dr. Elizabeth Silva MD,Female,1945-01-27,Lake Heatherland,Kansas,India,2252804297,swallace@example.com,INS100685,2024-12-01,2025-12-24
687,Jennifer Ramirez,Female,1971-05-19,Johnport,New Jersey,India,7944027427,petersimmons@example.org,INS100686,2025-07-17,2025-11-09
688,Erin Armstrong,Female,1965-11-08,South John,Pennsylvania,India,2596881042,donaldprice@example.org,INS100687,2023-10-27,2025-11-15
689,Katherine Cruz,Female,1989-05-27,Lake Amanda,Louisiana,India,4758051095,susan79@example.com,INS100688,2024-09-24,2026-08-07
690,Christopher Curtis,Male,1955-09-12,Patriciabury,Alabama,India,6800481812,bkoch@example.net,INS100689,2025-04-06,2025-10-07
691,Devin Jones,Female,1955-08-09,Matthewbury,Iowa,India,3603218628,lisa82@example.com,INS100690,2023-11-08,2026-09-13
692,Tina Davenport,Male,1974-05-06,New Randystad,New York,India,3894720886,drogers@example.net,INS100691,2025-06-02,2026-01-30
693,Amanda Duncan,Male,1950-07-20,New Joshuaside,Virginia,India,9436336081,mmiller@example.net,INS100692,2024-02-29,2026-01-07
694,Diana Underwood,Female,1946-12-26,West Benjaminborough,Wyoming,India,5448915147,vcase@example.org,INS100693,2025-07-01,2025-10-30
695,Laura Sims,Female,1948-10-07,North Justinview,Alabama,India,2362248371,haleywatson@example.com,INS100694,2024-10-09,2026-07-15
696,Anne King,Male,1962-10-25,Michaelview,North Dakota,India,2704370501,susanodom@example.net,INS100695,2025-09-11,2026-08-13
697,Ethan Roberts,Male,1965-02-01,North Sabrina,Vermont,India,2902638411,phoover@example.org,INS100696,2024-03-25,2026-03-08
698,Tammy Hendrix,Female,1996-09-05,Markhaven,Missouri,India,0592948634,david79@example.com,INS100697,2024-12-14,2025-12-28
699,Kristin Jackson,Male,1944-06-12,Port Jamiechester,Nevada,India,4423090560,proctorkevin@example.net,INS100698,2025-04-02,2026-02-05
700,Jessica Garner,Female,1992-12-26,Port Walter,Vermont,India,3704813669,vstevens@example.net,INS100699,2024-11-27,2026-06-10
701,Daniel Henderson,Female,2005-10-15,Carlamouth,Alabama,India,6320877661,thomasmartinez@example.org,INS100700,2025-02-02,2025-11-19
702,Marissa Murillo,Female,1968-10-10,East Joelberg,Louisiana,India,2376558109,smithrichard@example.com,INS100701,2024-03-01,2025-10-28
703,Brittany Ward,Male,1963-06-16,East Susan,Missouri,India,4212849620,brenda15@example.org,INS100702,2023-12-11,2025-12-09
704,Jocelyn Hogan,Male,1966-06-12,South Andreaburgh,Massachusetts,India,2690937066,dannyjefferson@example.org,INS100703,2024-02-25,2026-01-07
705,Steve Crawford MD,Female,1956-09-23,Brittanyville,South Dakota,India,0589943709,nicholasprince@example.net,INS100704,2025-03-11,2026-07-06
706,Lisa Walsh,Male,1999-02-09,East Lisa,Wyoming,India,2411245506,parker94@example.com,INS100705,2023-12-25,2026-03-18
707,Misty Figueroa,Male,1977-12-12,Kristinashire,Nebraska,India,9291865527,allisonmiller@example.net,INS100706,2025-09-18,2026-02-17
708,Maria Orr,Male,1970-10-26,Meganshire,Georgia,India,1385379716,tom19@example.net,INS100707,2024-07-09,2025-12-09
709,Seth Ryan,Male,1974-02-03,Lake Justin,Vermont,India,3985179171,kramirez@example.net,INS100708,2024-10-31,2026-03-15
710,Charlene Hicks,Male,1991-04-28,Jessicachester,New Hampshire,India,6930840176,hillronald@example.com,INS100709,2024-05-20,2026-05-28
711,Elizabeth Riley,Male,1938-11-30,West Nathan,Oregon,India,0092654705,hullwilliam@example.org,INS100710,2024-10-15,2026-06-22
712,Justin Rodriguez,Male,1945-09-26,Beckerside,Hawaii,India,8584096047,michaelmoore@example.net,INS100711,2025-05-05,2026-07-23
713,Rebecca Cain,Female,1937-02-18,East Emilyhaven,Kansas,India,1325250183,acoffey@example.net,INS100712,2025-02-14,2026-05-10
714,Kathy Bauer,Male,1953-09-30,South Mathew,Iowa,India,3458446057,joshua26@example.net,INS100713,2024-03-14,2026-06-11
715,Mike Bush,Male,1937-09-25,East Michele,Colorado,India,6451128711,williegibbs@example.net,INS100714,2023-12-31,2026-03-08
716,Shane West,Male,1952-02-04,New Brookeberg,Idaho,India,9939355964,denise43@example.com,INS100715,2025-05-13,2026-06-20
717,Alyssa Hogan,Male,1988-10-01,Mooretown,Massachusetts,India,9446196187,allenscott@example.org,INS100716,2024-04-14,2026-01-29
718,Cindy Miller,Male,1974-07-07,South Nancy,Arizona,India,6822578667,marshmatthew@example.net,INS100717,2024-05-22,2026-08-31
719,Robert Ortiz,Male,1952-01-12,Danielleland,West Virginia,India,9003021338,whitevirginia@example.org,INS100718,2024-05-14,2026-09-05
720,Brian Rodriguez,Male,1956-05-08,Jenniferchester,Tennessee,India,7988565217,elizabethdixon@example.org,INS100719,2023-11-07,2026-05-30
721,Anthony Collins,Male,2003-11-02,Mullinsbury,Louisiana,India,0226971171,blacktimothy@example.org,INS100720,2024-04-16,2025-12-19
722,Cindy Peterson,Female,1974-09-05,East Andrewchester,Virginia,India,9235738895,timothy06@example.org,INS100721,2025-05-22,2026-01-18
723,Sarah Reed,Male,1979-05-17,Lake Davidborough,Nebraska,India,3564707819,stanley37@example.com,INS100722,2025-03-03,2026-05-21
724,Alex Moore,Male,1970-01-16,East Mark,Maine,India,1195678433,andreafreeman@example.org,INS100723,2024-06-29,2026-03-01
725,Joseph Logan,Male,1949-10-30,Michaelport,Minnesota,India,9995155110,pglover@example.com,INS100724,2024-09-12,2025-12-05
726,Samantha Brown,Male,1938-07-06,Lake Joannport,Alabama,India,2752038996,connie42@example.com,INS100725,2024-04-25,2025-10-04
727,Vanessa Smith,Female,2005-04-29,South Rodneybury,Vermont,India,8637806610,xsanchez@example.net,INS100726,2024-10-02,2025-12-06
728,Tina King,Female,2005-04-19,North Ann,Oregon,India,7210767352,taylor10@example.org,INS100727,2025-05-11,2026-02-26
729,Jeffrey James,Female,1972-12-07,Harrisland,North Dakota,India,3249664476,steven03@example.net,INS100728,2025-09-03,2026-01-15
730,Travis Long,Female,1942-07-03,Lake Doris,Pennsylvania,India,6680440726,samuelanderson@example.com,INS100729,2024-03-01,2026-01-15
731,Gloria Lewis,Female,1984-01-28,East Richardfort,Colorado,India,5001132916,kevinparker@example.com,INS100730,2024-12-11,2025-11-28
732,Christine Nguyen,Female,1938-06-11,Nicholsbury,Tennessee,India,3705324198,murraystephanie@example.net,INS100731,2025-07-05,2026-05-16
733,Melissa Davis,Female,1941-08-22,South Ann,Mississippi,India,4097051304,mckayjeffrey@example.org,INS100732,2025-06-11,2026-06-14
734,Ronald Adams,Female,1968-03-03,East Elizabethtown,Alabama,India,4829622411,kellycrawford@example.com,INS100733,2025-03-02,2025-10-19
735,Robin Grant,Female,1965-01-24,Parrishhaven,North Carolina,India,1694134141,derek54@example.org,INS100734,2025-08-07,2026-04-23
736,Erin Walton,Female,1990-01-17,West Peterland,Wisconsin,India,4328443766,matthewmartinez@example.net,INS100735,2025-08-13,2026-01-05
737,Zachary Myers,Female,1964-01-19,Smithhaven,Hawaii,India,6781128265,kimberly34@example.org,INS100736,2024-11-20,2026-09-20
738,Denise Weiss,Female,1952-06-02,Jacobmouth,Missouri,India,3192559370,randygreen@example.org,INS100737,2024-03-28,2026-09-13
739,Melissa Garcia,Female,1949-12-07,East Anitaport,Kansas,India,5038300703,hguerra@example.org,INS100738,2023-10-24,2026-07-27
740,Sarah Mcbride,Female,1972-09-06,East Carlosberg,Montana,India,0334115351,fortega@example.com,INS100739,2024-04-06,2026-06-19
741,Thomas Abbott,Female,1950-05-26,Port Ianmouth,Virginia,India,1669444065,mariagray@example.net,INS100740,2025-05-11,2026-07-17
742,Michael Brandt,Female,1959-05-27,Karafurt,Colorado,India,9450149134,nicole61@example.net,INS100741,2024-08-05,2026-08-10
743,Maria Roth,Male,1991-06-04,Martinfurt,Wisconsin,India,3575177106,gregory47@example.org,INS100742,2024-07-24,2026-01-06
744,Sandra Murray,Female,1947-04-13,New Patrick,Wisconsin,India,1793960694,ehaynes@example.com,INS100743,2023-12-04,2026-08-22
745,Monica Green,Male,1944-12-29,Christineborough,Vermont,India,1967520575,xhanson@example.com,INS100744,2024-05-08,2026-01-05
746,Kimberly Harper,Female,1942-11-22,West Andrewfurt,Vermont,India,5147042599,xjackson@example.com,INS100745,2023-12-13,2025-10-22
747,Joseph Gutierrez,Female,1997-10-03,East Noah,Montana,India,4561313128,james06@example.net,INS100746,2025-09-09,2026-06-11
748,Rachel Valdez,Male,1993-09-18,South Marktown,Missouri,India,9849528081,david66@example.net,INS100747,2025-08-01,2026-09-14
749,Courtney Sanchez,Female,1959-01-08,Aliciaburgh,South Dakota,India,2118651488,marygriffin@example.com,INS100748,2023-11-22,2026-08-17
750,Pamela Thomas,Male,1973-09-10,Torresbury,Minnesota,India,3688549058,michael58@example.org,INS100749,2023-12-25,2026-03-02
751,Angela Acosta,Male,1957-02-22,Port Gabrielton,Illinois,India,6600118313,bartletteric@example.net,INS100750,2023-11-27,2026-08-05
752,Charlotte Smith,Male,1936-07-06,Wattsberg,Utah,India,4538636238,justinrobertson@example.org,INS100751,2024-03-16,2026-02-09
753,Lindsay Kennedy,Female,1950-11-20,Lake Jessicamouth,Wisconsin,India,3091559354,kmurphy@example.org,INS100752,2023-10-02,2026-08-23
754,Hunter Yoder,Female,2000-07-04,Markstad,Washington,India,2982791229,jennifer00@example.org,INS100753,2024-04-30,2025-12-01
755,Luis Brown,Female,1992-05-08,Christianstad,Oregon,India,0515423960,juancarpenter@example.org,INS100754,2025-05-19,2026-09-26
756,Anthony Blankenship,Male,1982-04-22,North Christopher,Kansas,India,3363705603,yroth@example.com,INS100755,2025-01-31,2025-10-16
757,Amanda Romero,Male,1968-07-11,Shanefort,New Mexico,India,3819965128,ozamora@example.com,INS100756,2024-07-08,2026-08-28
758,Kayla Ball,Female,1999-02-12,Allenbury,Ohio,India,3470365442,jlittle@example.org,INS100757,2024-02-28,2026-03-25
759,Dave Hogan,Female,1953-11-29,West Katrina,Utah,India,2988627759,charlescooper@example.com,INS100758,2024-02-14,2025-09-30
760,Robert Schultz,Female,1937-03-26,Lake Aaron,North Dakota,India,1108739603,sophiagrimes@example.com,INS100759,2025-01-12,2025-11-01
761,Mark Allen,Female,1997-06-17,New Rebecca,Arkansas,India,5307400315,jholloway@example.com,INS100760,2025-05-02,2025-10-18
762,Ryan Simmons,Female,1971-03-25,Lindaton,Alabama,India,8791499192,kcollins@example.net,INS100761,2025-09-26,2026-04-13
763,William Hancock,Male,1970-12-09,Riverastad,New Hampshire,India,5010210664,qbanks@example.net,INS100762,2025-06-11,2026-03-01
764,Joseph Harrison,Male,1979-04-30,Clarkchester,New Jersey,India,4617945928,theresa44@example.org,INS100763,2025-08-30,2026-05-17
765,Shawn Sawyer,Male,1987-04-18,East Kaylamouth,South Carolina,India,1546462760,todd83@example.net,INS100764,2024-02-05,2026-01-09
766,Christopher Barnes,Female,1964-03-01,North Robert,Mississippi,India,1759224596,ataylor@example.com,INS100765,2024-05-27,2026-09-12
767,Connie Burton,Male,1961-12-13,New Anthony,Maine,India,6843975378,ycordova@example.net,INS100766,2025-04-21,2026-06-22
768,Tina Parker,Male,1960-06-11,West Jenniferstad,New Mexico,India,0525046211,chasetristan@example.org,INS100767,2025-02-06,2026-04-15
769,Steven Stevenson,Male,1967-01-03,West Isaac,Montana,India,5976146584,robinstanton@example.com,INS100768,2025-08-10,2026-07-09
770,Sherri Smith,Male,1981-09-26,Johnsonhaven,Maine,India,1205508989,msmith@example.org,INS100769,2025-01-06,2026-01-06
771,Jessica Wright,Male,1966-10-18,Lake Johnshire,Alabama,India,8785545948,jsavage@example.org,INS100770,2023-12-24,2026-06-11
772,Christopher Massey,Female,1959-03-12,Ericaton,Missouri,India,7979590634,williamturner@example.net,INS100771,2023-11-14,2026-02-05
773,Thomas Rivas,Male,1968-11-27,Hallmouth,Arizona,India,0785992310,gstewart@example.org,INS100772,2023-11-25,2026-01-04
774,Mark Kim,Female,1948-10-04,West Bryanmouth,Connecticut,India,6931208441,uhenderson@example.org,INS100773,2025-07-27,2026-01-01
775,Jason West,Female,1959-05-19,Davidland,New York,India,9091217243,pjohnson@example.net,INS100774,2024-10-19,2026-09-09
776,Michelle Beard,Female,1959-09-23,Port Anna,Nevada,India,7211005173,angelapeters@example.org,INS100775,2024-05-14,2026-01-01
777,Mikayla Snyder,Female,1993-07-27,Rebeccahaven,Texas,India,2440298038,jennifer61@example.org,INS100776,2025-03-06,2025-12-10
778,Bradley Lloyd,Female,1974-11-09,Aaronside,South Carolina,India,4876738068,tina39@example.org,INS100777,2024-12-25,2025-12-07
779,Kathleen Escobar,Male,1950-07-11,Murphyfort,Nevada,India,2714358644,katherine55@example.com,INS100778,2025-01-18,2026-08-06
780,Donna Lloyd,Male,1961-09-29,Marquezville,Tennessee,India,4043983003,stacykelly@example.org,INS100779,2024-01-07,2025-12-27
781,Scott Cook,Female,1987-03-18,Harrisland,Delaware,India,9892969001,adam36@example.org,INS100780,2025-07-14,2026-04-27
782,Adrian Shea,Female,1975-02-25,New Jennifer,Tennessee,India,8362483690,nwhite@example.org,INS100781,2025-09-08,2026-05-14
783,Justin Jones,Female,1978-07-25,Joshuahaven,New Hampshire,India,5125640855,alexanderjohnson@example.net,INS100782,2023-10-21,2026-01-07
784,Yvonne Taylor,Male,1942-04-24,South Taylortown,Washington,India,1447271471,kirbymonique@example.com,INS100783,2023-11-22,2025-11-13
785,Ryan Romero,Female,1970-03-18,Floresland,Colorado,India,7535742888,jeremy35@example.net,INS100784,2023-12-29,2026-02-13
786,Gregory Mccormick,Male,1987-02-01,Jacksonton,South Dakota,India,7012040654,robertdavidson@example.org,INS100785,2024-11-24,2026-09-16
787,Renee Cole,Female,2004-01-05,Carterberg,Michigan,India,3253169777,aking@example.com,INS100786,2024-03-01,2026-01-11
788,Jason Green,Male,2007-11-29,South Cindyport,Tennessee,India,3300737039,woodsstephanie@example.net,INS100787,2025-05-29,2026-02-16
789,Dr. Charles Evans,Female,1994-12-16,Donaldfort,Wisconsin,India,1396186533,jonesangela@example.net,INS100788,2024-06-30,2026-09-17
790,Jessica Fischer,Male,1965-10-21,East Kimberly,Ohio,India,3620340423,aburns@example.org,INS100789,2023-11-22,2026-07-05
791,Hannah Browning,Female,1986-09-13,New Samanthaburgh,South Dakota,India,7210209454,monica32@example.org,INS100790,2024-11-25,2026-09-17
792,Michael Smith,Male,1999-05-27,North Vanessaville,Georgia,India,2163378304,wujessica@example.org,INS100791,2024-02-06,2026-01-09
793,Shannon Lang,Male,1985-04-02,New Patrickstad,Illinois,India,6183074344,lestercharles@example.org,INS100792,2025-03-15,2026-04-04
794,Rebecca Burgess,Male,1936-09-11,Reneetown,Virginia,India,8472967602,sweeneymanuel@example.net,INS100793,2024-08-31,2026-09-05
795,Sara Morris,Male,1991-06-16,Lopezview,North Dakota,India,9159319697,obennett@example.org,INS100794,2023-11-05,2025-11-26
796,John Torres,Male,1943-03-22,Stevenside,Pennsylvania,India,4203794266,nealkayla@example.org,INS100795,2025-09-10,2025-10-30
797,Brendan Benjamin,Male,1939-05-14,West Juan,Maine,India,1990234570,holtjohn@example.net,INS100796,2024-04-17,2026-03-23
798,Anthony Stokes,Male,1952-07-11,Cruzshire,New Jersey,India,6763282516,jamesmartinez@example.org,INS100797,2024-01-09,2026-04-10
799,Courtney Rodriguez,Female,1950-05-03,West Christy,Tennessee,India,6023818752,lhaas@example.net,INS100798,2024-11-26,2026-04-27
800,Jenna Davidson,Female,1970-05-20,Gonzalesshire,Iowa,India,2641866477,nathan60@example.com,INS100799,2024-06-10,2026-02-03
801,Thomas Lopez,Female,1945-04-14,Andrewhaven,New York,India,7437899463,silvaapril@example.net,INS100800,2024-03-31,2026-09-29
802,Madeline Bennett,Female,1972-06-03,East Robert,North Carolina,India,6148144306,guerramatthew@example.com,INS100801,2025-02-24,2026-06-05
803,Mrs. Sandra Morris MD,Female,1948-09-02,Port Tammy,South Carolina,India,5636438443,lwilliams@example.com,INS100802,2025-02-26,2026-03-07
804,Katie Hughes,Male,1995-01-27,Ericport,Louisiana,India,2935248156,sarahpineda@example.org,INS100803,2023-12-15,2026-01-21
805,Megan Phillips,Male,1971-07-22,New Taraport,Pennsylvania,India,1806081728,amanda52@example.com,INS100804,2025-05-03,2026-07-04
806,Beth Rose,Male,1940-07-06,Dixonfurt,Georgia,India,4312229738,meganjones@example.com,INS100805,2024-03-28,2026-05-03
807,Mr. Dustin Garcia,Male,1964-10-08,Port Diana,Ohio,India,4153339800,anne33@example.com,INS100806,2024-04-06,2026-07-04
808,Jeffrey Perez,Male,1989-07-13,West Annette,West Virginia,India,1656096358,jamie13@example.org,INS100807,2025-01-18,2026-02-13
809,Julie Brown,Female,1999-01-19,New Brandonborough,Washington,India,6318070088,wongcynthia@example.com,INS100808,2024-05-08,2026-08-28
810,Veronica Hernandez,Female,1940-02-24,Lake Jeffreyville,Montana,India,0176666958,pprice@example.org,INS100809,2024-06-19,2025-12-21
811,Elizabeth Lewis,Female,1998-11-13,Thomasfurt,Vermont,India,0347018269,vanderson@example.org,INS100810,2024-05-22,2026-08-07
812,Jon Hernandez,Female,2007-06-25,Boyerview,New Mexico,India,3751968627,jenniferballard@example.net,INS100811,2025-01-25,2026-06-04
813,Christy Rice,Male,1957-05-29,Lake Mary,Louisiana,India,3285301900,jamesking@example.com,INS100812,2024-09-16,2026-05-08
814,Kyle Mclean,Male,1944-05-12,Lukeberg,Alaska,India,9722013441,toddhowell@example.org,INS100813,2024-02-05,2026-03-15
815,Mark Miles,Male,1981-10-24,Morrisside,Indiana,India,8894310147,ccohen@example.net,INS100814,2024-06-21,2025-10-03
816,Daniel Gonzalez,Female,2008-03-12,East Laurachester,Maine,India,9631244926,laurataylor@example.com,INS100815,2024-05-18,2025-10-19
817,Justin Hernandez,Male,1972-03-12,Matthewbury,Iowa,India,0520921733,nmorse@example.net,INS100816,2025-07-04,2026-05-08
818,Laura Burch,Female,1970-05-22,Whiteton,Utah,India,5320904398,norman40@example.com,INS100817,2024-09-28,2026-05-21
819,Maria Sawyer,Male,1967-01-29,South Jessicaburgh,Indiana,India,4731979533,nataliemorris@example.org,INS100818,2023-11-23,2026-07-05
820,Teresa Branch,Male,2000-06-04,Johnfurt,Oregon,India,9865714360,sarah53@example.net,INS100819,2024-05-19,2025-11-28
821,Melissa Reed,Female,1993-06-21,North Norma,Colorado,India,0625721534,ywilliams@example.org,INS100820,2023-12-03,2026-01-08
822,Michael Hopkins,Male,1955-10-06,Brownton,Arkansas,India,6358894357,prichardson@example.org,INS100821,2024-04-16,2026-02-18
823,Jared Lara,Male,1950-11-23,Ashleyland,Hawaii,India,0898545253,mario82@example.net,INS100822,2024-11-01,2026-06-29
824,Jonathan Johnson,Female,1954-07-22,New Joshua,New York,India,6566408796,barajasjeffery@example.com,INS100823,2024-03-03,2025-10-03
825,Catherine Harrison,Male,1998-06-26,North Samuelview,Iowa,India,7533500533,stephanie45@example.com,INS100824,2025-07-28,2026-09-08
826,Joseph Barker,Female,1960-12-12,West Bernard,Alaska,India,2451609136,qbradley@example.net,INS100825,2024-02-06,2026-02-23
827,Leslie Hamilton,Male,1939-12-21,West Robertfurt,Louisiana,India,2888627969,smithdenise@example.com,INS100826,2024-05-11,2026-06-23
828,John Rivera,Male,1981-04-27,Port Alishaside,Maryland,India,0229580704,jhernandez@example.org,INS100827,2025-05-21,2026-07-27
829,Cory Smith,Male,1941-09-24,Dawsonbury,Ohio,India,3621392175,brenda94@example.net,INS100828,2025-05-06,2026-01-28
830,Rhonda Martin,Male,1958-07-15,East Randymouth,Tennessee,India,7431854048,ashleymorris@example.net,INS100829,2024-03-31,2026-01-06
831,Michael Walter,Male,1963-10-11,East Jimmy,Delaware,India,5293694135,cody33@example.org,INS100830,2024-01-17,2026-09-15
832,Daniel Stanton,Male,2004-05-17,Wellsburgh,Missouri,India,7023924825,keithbray@example.net,INS100831,2025-07-07,2026-04-05
833,Mark Mullen,Male,1955-08-05,East Scott,Kentucky,India,7000070015,jennifermcgee@example.net,INS100832,2024-12-16,2026-07-12
834,Donald Barber,Male,1961-03-19,Watsonville,New York,India,4038172907,bradshawnatalie@example.com,INS100833,2025-04-29,2025-12-23
835,Jasmine Torres,Female,1968-05-02,Piercefurt,Wyoming,India,1634579378,thamilton@example.net,INS100834,2024-08-26,2026-04-15
836,Lisa Brown,Female,1961-01-15,South Todd,Kansas,India,8062695140,shaneadams@example.net,INS100835,2024-01-06,2026-07-14
837,Whitney Davis,Male,1977-08-13,East Cynthia,Wyoming,India,4821775557,angelamiller@example.org,INS100836,2024-07-31,2026-02-17
838,Cory Blake,Male,1976-09-16,Lake Juan,Idaho,India,5001223479,paulwood@example.org,INS100837,2025-09-25,2026-01-23
839,Emily Williams,Female,1972-05-17,Ericksonport,Oregon,India,8445132425,michaeldelgado@example.net,INS100838,2025-01-05,2026-08-31
840,Lindsey Zamora,Male,1988-12-07,Carneyside,Georgia,India,5569784796,colesonia@example.net,INS100839,2024-07-19,2026-05-14
841,Michael Wheeler,Male,1958-01-31,West Jennifer,Vermont,India,4266458821,sabrina91@example.com,INS100840,2025-09-09,2026-06-21
842,John Allen,Female,1962-07-25,West Julie,Utah,India,5018319986,vincent93@example.org,INS100841,2025-01-02,2026-02-03
843,Mark Tucker,Male,1972-09-18,Staceyberg,Utah,India,7630321572,courtneyedwards@example.org,INS100842,2024-11-30,2026-02-04
844,Stephanie Moreno,Male,1963-07-07,Port Robert,Alaska,India,3090713164,tasha63@example.net,INS100843,2023-11-22,2025-11-13
845,Eric Hobbs,Female,1961-02-18,New David,Oklahoma,India,4920402465,mark64@example.com,INS100844,2024-03-25,2025-12-13
846,Melissa Jones,Male,1969-06-28,Strongmouth,New Jersey,India,6452588315,nrush@example.org,INS100845,2024-05-24,2026-05-24
847,Elizabeth Smith,Male,1989-11-18,West Rhonda,Nebraska,India,9119966605,christopher27@example.com,INS100846,2025-01-30,2026-06-18
848,Michael Simmons,Female,2002-03-15,South Leslie,New York,India,6840110835,amy50@example.org,INS100847,2024-06-08,2026-01-25
849,Tyrone Forbes,Male,1940-06-08,Lake Brian,Minnesota,India,6758830393,alexchavez@example.org,INS100848,2024-04-08,2026-04-08
850,Donna Clark,Female,1966-11-26,North Justin,Virginia,India,7513944386,zevans@example.net,INS100849,2023-12-24,2025-12-15
851,Tiffany Fisher,Male,1978-01-25,Lake Kaitlynborough,Indiana,India,7835279087,natalie99@example.com,INS100850,2024-01-13,2026-08-08
852,Dustin Diaz,Male,1955-06-22,Paynehaven,Texas,India,4474827707,rogersdavid@example.com,INS100851,2023-12-21,2025-12-24
853,Mary Edwards,Female,1979-10-29,Scottview,Texas,India,6969291096,chelseyfleming@example.org,INS100852,2025-08-31,2026-02-13
854,Stacey Miller,Female,1997-11-13,West Brent,South Carolina,India,6460318424,lukewaters@example.org,INS100853,2024-04-15,2026-04-20
855,Matthew Marquez,Male,1972-12-27,West Saraland,Utah,India,2986593562,warnold@example.org,INS100854,2024-05-21,2026-01-02
856,Lawrence Cervantes,Female,1949-06-02,Sullivanhaven,New York,India,8543959719,wfernandez@example.com,INS100855,2023-11-14,2026-06-20
857,Steven Mclaughlin,Female,1972-07-07,Lake Diana,Mississippi,India,2806781017,jensenerica@example.net,INS100856,2024-11-23,2026-01-30
858,Kimberly Moreno,Male,1999-11-01,Lopezville,Colorado,India,6364591576,ikelly@example.com,INS100857,2025-01-12,2026-07-09
859,David Gutierrez,Male,1974-08-09,Carneyville,New Hampshire,India,4589918236,josephwilson@example.net,INS100858,2025-03-23,2026-06-06
860,Michelle Walker,Male,1983-02-21,Johnfurt,North Dakota,India,3151020138,meredithcuevas@example.com,INS100859,2024-03-05,2026-05-06
861,Judith Young,Female,1939-12-07,Jeremyfurt,Hawaii,India,2933506996,danielle62@example.org,INS100860,2024-12-22,2026-05-17
862,Wendy Blackwell,Female,1968-06-15,Jasonchester,Utah,India,5621539689,garyvaldez@example.com,INS100861,2024-08-31,2026-08-20
863,Elizabeth Mejia,Female,1995-05-22,Priceport,Oklahoma,India,2563017756,annpierce@example.org,INS100862,2024-04-14,2026-02-05
864,George Davis,Female,1965-10-12,North James,West Virginia,India,5951315007,shannonmichelle@example.com,INS100863,2025-03-24,2026-03-18
865,John Kennedy,Male,1963-02-25,Garciabury,New Jersey,India,1795073307,joy23@example.com,INS100864,2023-12-21,2026-08-23
866,Samantha King,Female,1937-07-29,Nicholasbury,Alaska,India,6332000093,turnerdenise@example.org,INS100865,2024-12-11,2025-12-19
867,Howard Wilson,Male,1964-08-14,Port Stephanie,Virginia,India,1965620877,rebecca40@example.net,INS100866,2025-02-25,2026-01-03
868,Edward White,Female,1983-04-01,Markton,Louisiana,India,1329608832,justin26@example.net,INS100867,2024-10-02,2026-07-01
869,Kevin Wright Jr.,Male,1986-02-23,South Kristenberg,North Carolina,India,7005856100,matthew19@example.com,INS100868,2024-10-23,2026-07-30
870,Tommy Byrd,Male,1991-05-24,Wendybury,Montana,India,4037860754,bowenelizabeth@example.org,INS100869,2023-10-21,2026-01-07
871,Matthew Hoffman,Male,1937-01-19,North Lisa,Florida,India,6895527498,orrwayne@example.com,INS100870,2024-06-12,2026-02-08
872,Christine Nunez,Female,1942-05-05,East Lisastad,Maine,India,2784901432,claire15@example.com,INS100871,2024-12-30,2026-08-31
873,Melissa Gilbert,Male,1964-05-09,Sheilaborough,California,India,8699118873,okennedy@example.org,INS100872,2024-12-18,2025-10-25
874,Jackie Smith,Male,1961-05-31,West Elizabethside,Rhode Island,India,5076780674,jason92@example.net,INS100873,2025-02-08,2026-06-08
875,Jennifer Hodge,Female,1948-03-01,Smithchester,Oklahoma,India,8272397578,upowers@example.org,INS100874,2024-10-28,2026-04-28
876,Jessica Medina,Male,1940-02-01,Crystalland,Oregon,India,0465903744,dhernandez@example.com,INS100875,2024-10-14,2026-04-10
877,Joseph Romero,Female,1946-12-27,North Joel,Wyoming,India,9232012916,douglas31@example.net,INS100876,2024-12-03,2025-12-29
878,Teresa Fields,Female,1950-02-02,Port David,New Hampshire,India,1397715831,moralesshane@example.net,INS100877,2024-05-21,2026-05-09
879,Megan Tanner,Male,1937-04-29,Kaitlynville,Wisconsin,India,1674739821,james30@example.org,INS100878,2025-09-20,2026-03-03
880,Michael Shelton,Male,1996-04-29,New Michaelton,Illinois,India,2461505187,sblack@example.com,INS100879,2024-05-19,2025-11-18
881,John Moore,Female,1938-01-19,North Todd,Missouri,India,9861277011,josephmitchell@example.net,INS100880,2025-08-30,2025-10-30
882,Tiffany Martinez,Male,1984-03-16,Adamschester,Nebraska,India,4649647511,ashleyharding@example.net,INS100881,2024-12-17,2026-08-31
883,Thomas Robinson,Female,1990-11-01,North Amychester,Vermont,India,4702647890,jeffcabrera@example.org,INS100882,2024-02-04,2026-08-15
884,Martin Koch,Female,1961-01-30,Trevinoshire,New Hampshire,India,0216276488,vwinters@example.org,INS100883,2025-06-01,2026-07-24
885,Walter Bishop,Female,2007-06-19,South Michael,New Mexico,India,2911154417,brownkatherine@example.org,INS100884,2025-09-25,2026-04-17
886,Bradley Cummings,Male,1962-10-06,Kylefurt,Tennessee,India,1193448050,alexanderhardin@example.net,INS100885,2025-05-08,2025-10-29
887,Diana Roy,Female,1939-09-02,Kyleburgh,Massachusetts,India,7526599195,brodriguez@example.com,INS100886,2025-07-15,2025-11-04
888,Paul Murphy,Male,1971-05-13,Lake Jonathanmouth,Illinois,India,5697149208,johngrant@example.com,INS100887,2024-07-23,2026-05-20
889,Darren Rivas,Male,2003-12-16,New Charles,Louisiana,India,3199946152,macdonaldmichael@example.com,INS100888,2025-09-11,2026-03-10
890,Amber Lyons,Male,1939-03-22,Port Jimmy,Wyoming,India,6267268253,cmccoy@example.net,INS100889,2024-08-17,2026-02-28
891,Meredith Bauer,Male,1990-04-18,Jeffreytown,Maine,India,4154871436,patrickhamilton@example.org,INS100890,2024-04-16,2025-10-05
892,Tracy Hall,Female,1981-01-16,Longland,Illinois,India,0104211942,perry34@example.net,INS100891,2024-04-26,2025-10-28
893,Marissa Smith,Male,1954-12-11,New Melissafurt,New Mexico,India,2486072937,lisa23@example.net,INS100892,2024-12-06,2026-03-11
894,Thomas Shelton,Female,2003-08-28,South Ryanland,Illinois,India,2058003624,davidgutierrez@example.net,INS100893,2025-04-21,2025-10-13
895,Kimberly Lewis,Female,1958-02-03,Josephhaven,Wyoming,India,4626702665,jonesjack@example.net,INS100894,2025-06-13,2026-07-17
896,Christine Cochran,Male,1963-12-28,New Kristenhaven,South Carolina,India,8749210654,elopez@example.com,INS100895,2024-09-17,2026-02-06
897,Brian Mitchell,Female,1944-09-20,Port Toni,Connecticut,India,7776553994,llarson@example.com,INS100896,2024-05-14,2026-09-18
898,Dr. Stacey Dunn MD,Female,2002-12-03,Robertland,Alabama,India,9935824247,sarahwilson@example.com,INS100897,2024-08-23,2026-06-02
899,Jennifer Butler,Male,1937-05-06,New Andre,Rhode Island,India,9107045014,edward50@example.net,INS100898,2025-07-30,2025-09-30
900,Daniel Goodman,Female,1965-04-27,Smithland,Colorado,India,9731123562,david80@example.net,INS100899,2024-09-06,2026-05-17
901,Mr. James Miller,Female,1974-11-22,Reneeshire,Virginia,India,1957672432,coreyyang@example.net,INS100900,2023-12-28,2025-11-22
902,Sara Lewis,Female,1954-06-12,South Alexanderhaven,Tennessee,India,9751788311,richardthomas@example.com,INS100901,2025-08-11,2026-05-02
903,Robert Lopez,Female,1999-10-15,Lake Jeffery,Indiana,India,1582804152,anthonywilson@example.net,INS100902,2024-02-05,2025-10-22
904,Frances Ford,Male,1955-07-29,Rubioside,Maryland,India,5902287656,wdavis@example.org,INS100903,2025-06-09,2025-11-01
905,Nicole Lynch,Female,1943-06-15,Gutierrezland,New York,India,6843760139,toddmcconnell@example.org,INS100904,2024-04-30,2026-06-09
906,Austin Cabrera,Female,1949-11-17,Port Austinhaven,Tennessee,India,3263323889,robert49@example.org,INS100905,2024-08-24,2026-03-27
907,Daniel Robinson,Female,1963-06-22,Lake Davidfurt,California,India,7779567990,xodonnell@example.org,INS100906,2024-05-27,2026-05-20
908,Samantha Brown,Female,1992-08-06,Garciaport,Georgia,India,7582393947,amberirwin@example.net,INS100907,2024-09-10,2026-04-14
909,Amanda Petersen,Male,1942-08-06,Thompsonshire,Wisconsin,India,9020892244,kimberly74@example.com,INS100908,2025-01-06,2026-07-13
910,David Nelson,Female,1961-12-16,East Vanessa,Maine,India,3161801042,penajohn@example.net,INS100909,2023-11-11,2026-04-06
911,Thomas Martinez,Male,1991-01-20,Churchton,Connecticut,India,0150442725,amygomez@example.org,INS100910,2025-04-25,2026-06-23
912,David Lawson,Female,1963-11-30,New Ashlee,Florida,India,8809490600,wmorgan@example.org,INS100911,2025-04-15,2026-06-03
913,Ronald Bradford,Male,1984-06-13,Danielburgh,Montana,India,8678544397,jesse47@example.com,INS100912,2023-12-16,2026-09-01
914,James Bailey,Male,1961-04-29,Port Jessicashire,Michigan,India,3278285379,martinanthony@example.org,INS100913,2024-02-23,2025-12-10
915,Hayley Stewart,Male,1972-04-21,West Kristinburgh,Rhode Island,India,9494840936,danieledwards@example.com,INS100914,2023-10-16,2026-05-08
916,Christopher Hanson,Male,2008-07-13,Nortonside,Idaho,India,4527099333,campbellangela@example.org,INS100915,2025-03-24,2025-11-13
917,Carmen Richmond,Male,1990-12-23,East Catherine,Washington,India,3996360486,washingtonthomas@example.org,INS100916,2025-01-07,2026-01-06
918,Jessica Johnson,Female,1972-08-23,Vazquezstad,Illinois,India,2106637409,wilsonkelly@example.com,INS100917,2024-10-21,2026-01-06
919,Richard Butler,Female,1944-08-18,Lake Angela,Tennessee,India,0964071307,calvinpennington@example.org,INS100918,2025-09-07,2026-07-26
920,Miguel Jimenez,Female,2000-12-22,Mariechester,New York,India,0054704514,sburke@example.org,INS100919,2025-08-01,2026-08-27
921,Monica Walsh,Male,2004-07-24,Lake Deanside,Illinois,India,9520778280,michele84@example.org,INS100920,2024-01-12,2026-05-26
922,James Reese,Female,1969-04-03,Port Shelly,Florida,India,3689803727,ujames@example.com,INS100921,2024-09-05,2025-11-25
923,Andrew Rodriguez,Male,1969-11-21,Maryside,Georgia,India,7736033006,marissaflores@example.org,INS100922,2024-08-06,2025-11-01
924,Susan Foster,Male,1962-02-15,Lisachester,Kentucky,India,1277591532,brianblair@example.com,INS100923,2024-07-16,2025-11-27
925,Amanda Malone,Female,1989-05-02,West Jenniferbury,Connecticut,India,0347184224,turnerheidi@example.net,INS100924,2024-07-22,2026-03-26
926,Sarah Carter,Female,2005-12-28,East Kristine,Louisiana,India,2866767882,fernandezjonathan@example.net,INS100925,2024-06-28,2026-02-06
927,Paul Gould,Male,1973-06-15,Williamsborough,Maryland,India,2514247030,waltersjoseph@example.net,INS100926,2023-11-27,2026-09-23
928,Alejandro Farmer,Male,1955-06-22,Mccoyfurt,Missouri,India,7443331866,cruzandrew@example.com,INS100927,2025-01-01,2026-04-14
929,Janice Franklin,Female,1999-06-09,New Emily,New York,India,2085291174,johnpace@example.net,INS100928,2025-01-24,2026-09-20
930,Kathy Barry,Female,1959-04-22,South Douglasfurt,Louisiana,India,8595936303,luke61@example.net,INS100929,2024-10-30,2026-06-15
931,James Watson,Female,1944-04-03,Emilyfort,Alaska,India,1201483053,wmatthews@example.net,INS100930,2025-01-12,2025-10-15
932,Karen Larson,Female,1981-05-30,Melissaborough,California,India,8412706454,tsimpson@example.com,INS100931,2024-07-06,2026-04-27
933,Lynn James,Male,1997-05-13,East Daniellemouth,South Carolina,India,3198994102,xbailey@example.org,INS100932,2025-06-06,2026-02-15
934,Donald Poole,Female,1999-08-10,Lisashire,Montana,India,2089174006,whitehannah@example.com,INS100933,2024-03-30,2026-04-27
935,Heather Hunter,Female,1945-11-10,Lake Stephanieburgh,South Carolina,India,7112246216,davisjoshua@example.com,INS100934,2024-01-26,2025-12-20
936,Matthew Knapp,Female,1952-05-01,Port Paul,South Dakota,India,0939829732,timothy26@example.org,INS100935,2025-06-13,2025-11-12
937,Dakota Russell,Male,1956-05-22,Nicholasburgh,Nebraska,India,7294963901,ipeterson@example.com,INS100936,2025-09-01,2026-01-19
938,Courtney Sims,Male,1976-04-30,Victoriashire,Nevada,India,6204293966,jennanunez@example.com,INS100937,2024-12-06,2025-11-03
939,Jason Clark,Male,1957-07-10,Lawsonstad,Colorado,India,7531527220,aclark@example.org,INS100938,2024-09-01,2026-09-29
940,Shannon King,Male,1949-10-21,Debbieshire,North Dakota,India,4866615668,gerald10@example.net,INS100939,2025-09-05,2026-03-31
941,Tammy Morris,Female,1939-12-12,Jenniferview,New Hampshire,India,4712748027,moranerin@example.org,INS100940,2025-02-04,2025-10-27
942,Ricardo Moore,Male,1963-02-03,Townsendhaven,New Hampshire,India,4599169329,gilbertthomas@example.org,INS100941,2024-08-06,2026-09-17
943,Jill Harrison,Female,1977-06-23,Jamesfort,New Mexico,India,8835501281,chris89@example.net,INS100942,2024-01-12,2025-11-15
944,Kathleen Anderson,Female,1982-08-15,South Stacyland,South Carolina,India,1048791336,thomas52@example.com,INS100943,2024-09-19,2026-01-16
945,Craig Cox,Female,1970-01-28,New Samanthaport,Georgia,India,8721772740,morganharris@example.com,INS100944,2024-10-31,2026-09-03
946,Dan Hayden,Female,1971-03-01,Harrisshire,California,India,0873970619,ubrown@example.com,INS100945,2024-05-10,2026-06-24
947,Phillip Tucker,Male,1956-01-28,Micheleview,Illinois,India,2958321238,pbentley@example.org,INS100946,2025-01-27,2026-08-24
948,Leslie Davidson,Male,1978-02-20,Lake Kara,Alabama,India,1692671206,stoutjoseph@example.com,INS100947,2025-05-17,2026-04-24
949,Barbara Bailey,Male,1990-08-31,Douglasmouth,California,India,2569166087,scottleslie@example.org,INS100948,2023-11-25,2026-01-17
950,Katherine Dunn,Female,2000-03-13,Oconnorstad,New Jersey,India,8616394329,whitney33@example.org,INS100949,2024-01-09,2026-08-18
951,Christie Estrada,Female,1949-02-03,Christinaton,Oklahoma,India,8063274391,tristanjohnson@example.com,INS100950,2024-10-01,2025-12-27
952,Antonio Simmons,Female,1986-07-16,Walkerville,Maine,India,1614591541,joshuasmith@example.com,INS100951,2025-02-03,2026-09-10
953,Janet Rogers,Female,1991-08-22,East Holly,Alabama,India,5637486279,kara67@example.net,INS100952,2024-06-08,2026-03-26
954,Misty Lee MD,Female,1968-08-23,Christopherhaven,Oregon,India,6083760022,deborahbass@example.net,INS100953,2024-09-16,2026-07-02
955,Angela Phillips,Male,1960-04-04,West Robert,New Mexico,India,5684174297,ypollard@example.net,INS100954,2025-02-26,2026-06-04
956,Steven Hall,Female,2007-02-11,Lake Teresa,Utah,India,8847162488,gschmidt@example.net,INS100955,2025-08-27,2026-03-24
957,Jesse Riley,Male,1945-09-10,Tommyville,Minnesota,India,5112672635,hunterjane@example.org,INS100956,2025-07-17,2026-01-02
958,Russell Williams,Female,1978-08-05,Ashleyfort,California,India,4505689704,kmiller@example.org,INS100957,2024-05-17,2026-05-30
959,Tracy Williams,Female,1991-01-22,Williamshaven,Utah,India,2014183017,carolynsmith@example.net,INS100958,2024-08-30,2026-06-09
960,James Serrano,Male,1977-04-18,Martinshire,Alabama,India,2234979940,silvatheresa@example.org,INS100959,2024-10-31,2026-01-10
961,Michael Thomas,Male,1947-03-31,Rachaelbury,Virginia,India,3321404758,rschultz@example.net,INS100960,2024-05-26,2025-12-21
962,Tamara Rowe,Female,1990-08-27,Rogerburgh,Arkansas,India,9102847706,djohnson@example.com,INS100961,2025-02-02,2026-05-17
963,Gail Kim,Female,1950-08-03,South Jennifermouth,Georgia,India,5192362720,ianhoward@example.net,INS100962,2024-11-21,2026-01-04
964,Kevin Rubio DVM,Female,1949-07-14,Sanchezshire,Massachusetts,India,3713142371,alicia11@example.net,INS100963,2025-06-03,2026-03-11
965,Tyler Williams,Female,1943-01-06,East Kimberlystad,Michigan,India,2842190736,greensamuel@example.org,INS100964,2024-04-23,2026-05-09
966,Ronald Simpson,Male,1951-03-03,Michaelchester,Connecticut,India,9947811624,ian35@example.com,INS100965,2024-06-01,2025-10-27
967,Kelly Patterson,Female,1952-02-21,Woodport,West Virginia,India,7957343466,jimmy33@example.org,INS100966,2025-04-24,2026-07-03
968,Amanda Oliver,Male,1971-03-06,Deborahburgh,Delaware,India,0510794674,carolyn26@example.com,INS100967,2025-07-07,2026-05-28
969,Peter Hughes,Female,1985-06-13,Crystalmouth,Colorado,India,7606821462,garciatyler@example.net,INS100968,2024-12-20,2026-08-23
970,Peter Williamson,Male,1959-01-22,Port Michael,Louisiana,India,5215037285,twood@example.net,INS100969,2024-03-27,2026-07-07
971,Cynthia Davidson,Male,1972-07-01,Christinaside,Rhode Island,India,0808368113,marshallkristin@example.com,INS100970,2024-11-04,2026-08-27
972,Terry Anderson,Female,1987-07-05,Arellanobury,Indiana,India,3222246776,sethnelson@example.com,INS100971,2024-11-19,2026-06-17
973,Brianna Carroll,Male,1972-03-11,West Cody,Alabama,India,7948547648,dayangela@example.org,INS100972,2024-07-17,2026-02-23
974,Dylan Johnson,Female,1951-10-17,Kimberlyhaven,Ohio,India,2923321805,lisablair@example.net,INS100973,2024-06-09,2026-07-02
975,Monica Moody,Male,1945-06-17,Patrickfort,California,India,9005649937,sarah71@example.org,INS100974,2025-05-02,2026-02-07
976,Amanda Gates,Female,1941-11-29,South Kimberlyberg,Utah,India,9780384837,staceyhutchinson@example.com,INS100975,2024-07-17,2026-07-24
977,Malik Henderson,Male,1999-04-17,West Morganville,South Carolina,India,5982087200,mitchelllori@example.org,INS100976,2025-01-31,2026-05-02
978,Brandon Sanchez,Female,1960-08-23,Brooksfurt,South Dakota,India,6663026650,orozcokylie@example.net,INS100977,2024-05-19,2026-07-25
979,Gabriella Hayes,Female,1963-01-30,Jacksonview,Nebraska,India,4343846483,jsmith@example.org,INS100978,2023-11-28,2026-09-22
980,Matthew Carter,Male,1957-10-15,Hillchester,North Dakota,India,7170291789,whitneysteven@example.org,INS100979,2025-03-27,2025-12-19
981,David Mitchell,Male,1994-12-27,Crawfordview,Texas,India,6241745005,paul08@example.com,INS100980,2024-10-13,2025-12-16
982,James Cole,Male,1948-01-03,Meyerview,Idaho,India,9253283326,johnsdale@example.com,INS100981,2025-05-10,2026-07-12
983,Jodi Booker,Male,1980-10-12,Port Cassidy,Arkansas,India,3215141590,michael64@example.com,INS100982,2024-02-13,2026-01-16
984,Emily Moss,Female,1983-02-05,Bauerstad,Montana,India,5617755285,dharrison@example.net,INS100983,2024-01-27,2026-05-16
985,Derrick Castillo,Male,2006-12-25,Lake Josephshire,Indiana,India,5348430913,william92@example.com,INS100984,2024-07-12,2026-09-22
986,Paul Morgan,Female,1963-03-28,Davidburgh,Michigan,India,7213394015,nicholascarey@example.org,INS100985,2025-04-01,2025-10-03
987,Brian Ward,Male,1978-02-22,Port Nicholas,Kansas,India,9980131296,wmiller@example.org,INS100986,2025-05-01,2026-02-25
988,Matthew Flores,Female,1981-05-15,Ponceshire,Nevada,India,7399024597,caldwellwendy@example.net,INS100987,2025-07-19,2026-06-03
989,Gary Schwartz,Female,1986-07-01,Brianview,Pennsylvania,India,3190627705,apacheco@example.org,INS100988,2025-02-26,2026-09-18
990,Brandi Bryant,Female,1980-05-15,East Marieland,Minnesota,India,8381808152,markramirez@example.net,INS100989,2025-03-06,2026-04-27
991,Katrina Alvarado,Female,1973-07-26,Port Monique,Oklahoma,India,0122561876,nmclaughlin@example.org,INS100990,2025-09-01,2026-05-26
992,Bonnie Walker,Male,1981-01-19,Lucasmouth,Utah,India,4629005239,batestracy@example.com,INS100991,2024-11-11,2026-06-03
993,Michael Hernandez,Male,2002-12-18,Lake Sharon,Nebraska,India,7738014993,spatterson@example.com,INS100992,2025-01-31,2026-05-08
994,William Miller,Female,1946-12-29,South Brandonview,Alaska,India,5849959954,briansmith@example.org,INS100993,2025-05-15,2026-04-06
995,Adam Campbell,Male,1948-08-15,Emilystad,Massachusetts,India,3387505745,george39@example.net,INS100994,2025-07-09,2026-04-29
996,Rachel Watts,Male,2008-01-30,Brooksberg,South Dakota,India,4501274460,townsendmichael@example.com,INS100995,2023-10-06,2026-09-22
997,Sarah Peterson,Female,1985-04-24,North Teresa,South Carolina,India,9863814089,william21@example.net,INS100996,2023-10-24,2025-11-29
998,Jill Bentley,Male,1985-07-08,Connorshire,Oklahoma,India,4743595916,meyershane@example.com,INS100997,2024-06-20,2026-04-30
999,Sarah Thompson,Male,1977-04-12,West Christinafort,West Virginia,India,2332820773,leslie17@example.net,INS100998,2024-09-17,2026-04-27
1000,Holly Myers,Male,1977-10-08,North Carrie,Arkansas,India,7168484523,mistycampos@example.com,INS100999,2024-07-15,2026-02-05
1001,Jeffrey Olsen,Female,1955-03-16,West Michelle,Nebraska,India,1074843769,dterry@example.net,INS101000,2025-09-24,2026-05-01
1002,Joel Burnett,Male,1995-09-12,New Danielleport,Ohio,India,4383728857,davisbeth@example.org,INS101001,2024-01-01,2026-01-10
1003,Lindsey Henson,Female,1960-07-17,Nguyenport,Missouri,India,0592779843,kathleenstephens@example.org,INS101002,2025-06-22,2026-05-02
1004,Michael Wagner,Male,1947-11-09,Tylerport,Tennessee,India,2375758560,tammylopez@example.com,INS101003,2024-11-19,2026-09-27
1005,Alexis Kelly,Male,1959-07-25,Proctorborough,Arkansas,India,7427626682,awilson@example.net,INS101004,2024-10-28,2026-07-09
1006,Gregory Rios,Male,1944-04-29,North Jacobville,Alabama,India,2892540959,johnsonann@example.com,INS101005,2025-07-13,2025-10-18
1007,Charles Liu,Female,1940-01-21,East Ryan,Colorado,India,4612649131,kimberlygarcia@example.net,INS101006,2025-04-05,2026-01-29
1008,Jennifer Black,Female,2001-11-13,Port Jorgeburgh,Nebraska,India,6718123507,christina40@example.net,INS101007,2024-07-01,2026-09-02
1009,Ashley Davidson,Male,1965-07-17,Mataland,North Carolina,India,1673119127,mckinneyray@example.com,INS101008,2023-11-05,2025-11-01
1010,Tonya Howard,Female,2001-12-05,West Reneemouth,Arizona,India,9536529956,richardsontodd@example.com,INS101009,2024-01-12,2026-09-01
1011,Tina Butler,Male,1972-11-27,New Keithshire,Pennsylvania,India,9110154352,mallory87@example.net,INS101010,2025-03-20,2026-05-07
1012,Jacqueline Watts,Female,2008-04-16,Port Kelly,Kentucky,India,9541096370,prattralph@example.org,INS101011,2024-03-08,2026-03-05
1013,Debbie Rush,Female,1968-12-27,Alexachester,North Dakota,India,1344261738,williamhickman@example.com,INS101012,2024-09-28,2025-11-30
1014,Joshua Krueger,Male,1961-11-21,Port Danieltown,Massachusetts,India,2735127881,douglasrichard@example.net,INS101013,2025-05-24,2026-02-17
1015,Danielle Wiley,Male,1940-02-03,Wilsonville,Hawaii,India,2918808749,rittermichael@example.com,INS101014,2024-06-14,2026-05-15
1016,Marissa Beasley,Male,1967-06-23,Port Kelli,Louisiana,India,1751677649,dshaw@example.com,INS101015,2025-07-21,2025-12-16
1017,Dawn Reyes,Male,1979-07-28,South Johnview,Nevada,India,5875281557,rebeccagarcia@example.net,INS101016,2025-09-24,2026-07-09
1018,Ryan Ortiz,Female,1975-04-20,Port Lisa,South Dakota,India,7525157043,sparks@example.net,INS101017,2024-09-21,2026-05-02
1019,Linda Lee,Female,1998-07-03,Charleschester,Arkansas,India,3375728359,wtate@example.com,INS101018,2025-06-06,2026-02-19
1020,Samantha Lynn,Female,1945-04-23,Taylorstad,Illinois,India,9606346826,jerry64@example.net,INS101019,2024-12-31,2026-09-26
1021,Henry Snow,Male,1991-06-23,Nortonville,Ohio,India,1127753816,dustingreen@example.com,INS101020,2024-01-07,2025-10-20
1022,Amy Curry,Male,1961-01-21,New Jenniferfort,Maine,India,2648556968,ctorres@example.com,INS101021,2023-10-22,2026-05-04
1023,Janet Smith,Female,1964-01-11,New Kevin,Idaho,India,4785196155,denisemoore@example.org,INS101022,2025-09-07,2025-12-22
1024,Amy Higgins,Male,1993-09-04,Chavezmouth,Wisconsin,India,4534383190,carl43@example.net,INS101023,2023-12-23,2026-09-08
1025,Kelly Weber,Female,1980-03-25,South Carolynmouth,Arkansas,India,6491718206,james43@example.org,INS101024,2024-04-21,2026-08-14
1026,Colin Burch,Female,2003-12-15,Popechester,Nebraska,India,7737000069,josephellis@example.net,INS101025,2025-03-24,2026-06-24
1027,Gavin Shaffer,Female,1948-09-06,Taylorport,Wisconsin,India,8190560341,bnichols@example.org,INS101026,2025-05-17,2026-02-20
1028,Joseph Mendoza,Female,1972-09-22,Lake Jameshaven,Michigan,India,6001768826,christina41@example.org,INS101027,2024-12-17,2026-06-26
1029,Victor Williams,Female,1956-12-16,Crystalport,Alaska,India,5084639114,halesarah@example.org,INS101028,2024-09-02,2026-07-21
1030,Joseph Horton,Male,1975-12-19,South Jacqueline,Massachusetts,India,8630038372,larry84@example.com,INS101029,2025-05-17,2026-06-01
1031,Anthony Cook,Male,2001-08-20,South Territown,Delaware,India,3300787943,billy90@example.com,INS101030,2023-11-08,2026-01-19
1032,Seth Fisher,Male,1953-08-29,Melaniemouth,Tennessee,India,6751204616,strongelizabeth@example.com,INS101031,2024-07-12,2026-07-29
1033,Arthur Nguyen,Female,1943-05-30,Bushshire,Michigan,India,3661433216,vreed@example.org,INS101032,2024-03-21,2025-12-25
1034,Heather Baker,Female,1966-03-27,Port Angelatown,Massachusetts,India,9422820285,jaimehughes@example.org,INS101033,2025-01-01,2026-03-05
1035,Misty Pena,Female,1973-10-22,Hutchinsonberg,Arizona,India,4133707737,berrynoah@example.com,INS101034,2025-06-16,2026-01-14
1036,Erica Jackson,Female,1947-09-29,West Jermaine,Hawaii,India,1613030595,andrejohnson@example.org,INS101035,2025-07-12,2026-09-18
1037,James Becker,Male,1991-11-21,Reedmouth,Hawaii,India,9758058058,janicewest@example.org,INS101036,2024-06-11,2026-07-14
1038,Michael Kaiser,Male,1982-07-10,Christophermouth,Nebraska,India,8036669410,rickgoodwin@example.com,INS101037,2023-12-27,2026-03-29
1039,Julie Salinas,Female,1987-07-17,Gardnertown,Missouri,India,3377598052,michellelara@example.com,INS101038,2024-04-20,2026-02-14
1040,Christopher Murphy,Female,1944-01-01,Greenmouth,Utah,India,1436739887,bradley76@example.com,INS101039,2024-03-05,2026-09-19
1041,Richard Holmes,Female,1968-07-03,South Jacob,New York,India,4008137884,matthew36@example.com,INS101040,2024-03-31,2026-04-17
1042,Eric Ferguson,Male,1986-06-23,Kyleshire,South Dakota,India,8798314056,murraycarol@example.com,INS101041,2025-05-09,2025-10-06
1043,Kelli Price,Male,1940-09-25,Lake Paul,Minnesota,India,8146189521,sellersamy@example.com,INS101042,2024-01-20,2026-05-07
1044,Ana Henderson,Male,1958-06-11,Hobbsville,Alabama,India,6528796283,whiteelizabeth@example.net,INS101043,2024-11-21,2026-02-07
1045,Heather Foster,Female,2004-01-20,Schultzburgh,North Carolina,India,4056207048,richard33@example.com,INS101044,2024-11-22,2026-07-01
1046,Peter Wade,Female,1959-01-30,Christopherport,Wyoming,India,1657568873,frosteric@example.org,INS101045,2025-01-28,2025-10-20
1047,Luke Wong,Male,2004-11-08,South Nicholas,New Jersey,India,2891056552,rlang@example.com,INS101046,2024-10-03,2025-11-04
1048,Dustin Townsend,Female,1976-09-26,Davidmouth,Rhode Island,India,0309372241,kristinahodge@example.org,INS101047,2025-02-14,2026-04-06
1049,Christy Parker,Male,1943-06-15,North Julia,North Carolina,India,2566740491,tuckertimothy@example.org,INS101048,2025-08-22,2025-12-10
1050,Ryan Hernandez,Female,1996-08-24,Ryanland,Utah,India,7677185821,michellepowell@example.net,INS101049,2023-11-17,2026-06-17
1051,Mercedes Mcclain,Male,1975-06-04,Thompsonside,Alabama,India,4929147668,mhenry@example.com,INS101050,2025-03-12,2026-03-15
1052,Randall Campbell,Female,2008-03-07,North Michael,North Carolina,India,0435735120,barbarawheeler@example.org,INS101051,2025-04-04,2025-10-05
1053,Robert Turner,Male,1953-02-07,South Christopher,Maine,India,5561325800,ylewis@example.com,INS101052,2025-07-31,2025-12-04
1054,Matthew Webb,Male,1981-07-16,Lake Mark,North Dakota,India,0171978522,ecochran@example.org,INS101053,2025-01-22,2025-11-20
1055,Miguel Cole,Male,1988-02-13,Port Brittany,Mississippi,India,7067266793,fitzpatrickmichelle@example.net,INS101054,2024-03-14,2026-06-14
1056,Justin Scott,Male,1978-07-03,Jocelynfurt,Hawaii,India,3935678025,kylewilson@example.com,INS101055,2025-06-27,2026-04-26
1057,Douglas Valdez,Male,1944-03-22,North Hayley,Alaska,India,2528657130,jennifer77@example.net,INS101056,2025-06-13,2026-09-11
1058,Matthew Brown,Male,1936-03-11,Martinezhaven,Utah,India,2233041328,cheryl44@example.org,INS101057,2024-07-16,2026-07-18
1059,Robert Gross,Female,1980-01-24,Benjaminland,North Dakota,India,0573185346,nberry@example.net,INS101058,2025-08-30,2025-10-18
1060,Misty Merritt,Female,1997-06-22,North Jason,West Virginia,India,1891977069,hillamber@example.net,INS101059,2025-07-09,2026-01-11
1061,Danielle Jones,Female,1989-05-26,North Ryan,New Hampshire,India,0619008697,brian20@example.org,INS101060,2024-01-31,2026-09-23
1062,Lindsay Peterson,Male,1941-03-07,Port Sharon,New Hampshire,India,5698967796,andrewreyes@example.com,INS101061,2024-01-18,2025-12-17
1063,Terry Navarro,Male,1995-09-08,Lake Kimberly,North Carolina,India,1371617245,lwagner@example.org,INS101062,2025-03-04,2025-12-08
1064,Krista Landry,Female,1984-04-10,Allisonberg,Arkansas,India,3292109956,ramirezmichelle@example.net,INS101063,2025-01-26,2026-04-04
1065,Amanda Allen,Male,1995-01-29,Port Scott,Montana,India,5386051200,caseygonzalez@example.org,INS101064,2025-05-15,2025-10-05
1066,Latoya Smith,Male,1969-06-09,South Eric,Hawaii,India,5892986910,swhite@example.com,INS101065,2024-11-05,2026-03-16
1067,Sharon Lindsey,Male,1956-03-18,Masonhaven,Hawaii,India,2117667482,sancheztravis@example.org,INS101066,2024-11-08,2025-10-07
1068,Richard Gomez,Male,2007-05-16,Port Corey,Indiana,India,3285214322,valdezsamantha@example.com,INS101067,2025-06-24,2025-12-29
1069,Jennifer Morrison,Male,1989-04-28,East Evan,Arizona,India,4502419485,dylansalas@example.net,INS101068,2025-07-16,2025-11-01
1070,Brooke Rose MD,Female,1962-12-31,Adammouth,Vermont,India,6198675825,jconley@example.com,INS101069,2025-08-20,2026-07-07
1071,Timothy Barton,Female,1940-02-21,Brightburgh,Tennessee,India,0463332385,kimlee@example.org,INS101070,2024-01-08,2026-02-27
1072,Evan Foster,Female,1951-03-28,West Danielle,Montana,India,8315218976,romerobarbara@example.com,INS101071,2024-08-22,2025-11-06
1073,Amber Sanchez,Female,1942-05-30,Barkerbury,Mississippi,India,0742693392,robrien@example.org,INS101072,2023-10-31,2026-08-23
1074,Alex Oconnell,Female,2007-10-15,South William,Arizona,India,2098594306,hhaley@example.com,INS101073,2024-11-04,2026-07-04
1075,Stephen Mann,Male,1964-02-13,Lawsontown,Wyoming,India,4395002336,aaron10@example.com,INS101074,2025-08-30,2025-10-28
1076,Jennifer Wagner,Male,1999-01-28,South Williamfort,Illinois,India,2153582695,chencindy@example.net,INS101075,2024-05-10,2026-08-27
1077,Michael Ingram,Male,2001-10-22,Abigailborough,Massachusetts,India,0351949335,rebecca48@example.com,INS101076,2025-09-06,2026-04-17
1078,Renee Martinez,Male,1980-03-17,Port Christopher,Illinois,India,1185451342,meganharrison@example.org,INS101077,2025-08-30,2026-09-17
1079,Christopher Andrews,Female,1964-11-09,Lake Sherrymouth,Colorado,India,9966403047,kellie42@example.net,INS101078,2024-05-11,2026-02-20
1080,Amanda Martin,Female,1963-02-08,Stevenshire,Massachusetts,India,9911759088,salvarado@example.com,INS101079,2024-01-19,2025-11-05
1081,Paul Maldonado,Female,1963-12-15,Mariabury,Montana,India,2641991613,kathleen18@example.net,INS101080,2025-07-27,2026-03-28
1082,Kelsey Richmond,Male,1985-05-10,Martinezville,Massachusetts,India,8076325245,ross08@example.org,INS101081,2025-09-09,2026-02-17
1083,Mark Fuller,Female,1936-03-07,North Mikemouth,Rhode Island,India,6760213508,vwilliamson@example.com,INS101082,2025-09-15,2026-04-05
1084,Paul Fuentes,Male,1962-11-19,Bellhaven,Illinois,India,2565634089,lauren12@example.com,INS101083,2023-10-28,2026-03-26
1085,Gina Wood,Female,1991-11-05,Margaretfort,Vermont,India,2991172335,johnsonsarah@example.net,INS101084,2025-07-21,2025-11-05
1086,Melody Marsh,Female,1960-11-01,Port Joshua,Hawaii,India,0755574688,james11@example.net,INS101085,2025-02-16,2025-10-15
1087,Daniel Hughes,Male,1965-02-18,Jonesland,Illinois,India,6402126927,jennifer74@example.com,INS101086,2025-06-07,2025-12-24
1088,Kimberly Larsen,Male,1962-09-08,East Elizabeth,Colorado,India,9348151926,ewilliams@example.org,INS101087,2025-02-06,2026-08-04
1089,Andrew Flores,Female,1953-03-28,New Ryan,Hawaii,India,2675484308,donna46@example.net,INS101088,2025-09-13,2026-09-10
1090,David Levine,Female,1948-12-03,Port Brian,California,India,0884158631,michellewilson@example.net,INS101089,2024-11-23,2026-06-14
1091,Meagan Cox,Male,1999-05-13,Turnershire,Idaho,India,1657474554,rosechad@example.net,INS101090,2025-05-13,2026-03-27
1092,Melissa Morgan,Female,1978-11-25,Johnmouth,Kansas,India,0865995825,stanleyashley@example.net,INS101091,2024-10-31,2026-07-25
1093,Rebecca Collier,Female,1985-12-18,Lake Joseph,Maine,India,2202404928,rwilliams@example.org,INS101092,2024-12-17,2026-04-27
1094,Katie Rhodes,Male,2000-11-17,East Derekshire,Utah,India,8539135072,clarkmario@example.net,INS101093,2025-05-09,2026-04-04
1095,David Moore,Female,1938-03-03,New Arthurton,California,India,2406976707,danielleevans@example.net,INS101094,2025-07-06,2026-03-26
1096,Lawrence Gregory,Male,1982-03-28,Wileyside,Hawaii,India,9462353786,morancindy@example.net,INS101095,2023-12-15,2025-11-04
1097,Jennifer Hall,Female,2004-05-01,North David,Florida,India,2089912118,becksteven@example.net,INS101096,2025-01-06,2025-10-08
1098,Bruce Johnson,Male,1998-03-19,Guerreroport,Indiana,India,5106140707,justin30@example.net,INS101097,2024-01-18,2025-10-12
1099,Jordan Drake,Female,1997-02-09,South Megan,Colorado,India,0196832370,zhunt@example.com,INS101098,2025-09-19,2026-07-28
1100,Tina Pineda,Male,1936-09-25,Lake Lauraland,Kentucky,India,5812458812,kelleyalexander@example.net,INS101099,2023-11-13,2026-02-21
1101,Pamela Hardy,Female,1959-09-05,Johnsonview,Oregon,India,8916565426,michael86@example.net,INS101100,2024-07-05,2026-03-24
1102,John Gross,Male,1945-07-30,New Kevintown,Alaska,India,1909550467,hmack@example.net,INS101101,2024-08-01,2026-04-11
1103,Carla Becker,Female,1950-02-17,Lopezbury,New Jersey,India,4345054809,andersonbrandon@example.org,INS101102,2024-10-09,2026-09-22
1104,Danny Powers,Female,1975-03-03,Jacquelineborough,Vermont,India,4172217307,daniellefarrell@example.org,INS101103,2024-02-12,2026-09-04
1105,Cindy Trevino,Female,1950-12-08,East Gabrielaland,California,India,6899606415,nmiller@example.com,INS101104,2024-12-28,2026-06-15
1106,Crystal Montgomery,Female,1984-12-23,Johnfort,Idaho,India,0389917741,amandahughes@example.com,INS101105,2024-10-22,2026-09-14
1107,Sheena Hampton,Female,2007-08-24,Kaylaburgh,Arkansas,India,4612105683,shanerodriguez@example.com,INS101106,2025-05-17,2026-09-28
1108,Diane James,Female,1964-01-26,South Staceystad,Indiana,India,9388467343,rpaul@example.com,INS101107,2025-09-08,2026-02-16
1109,Kyle Fuller,Female,1938-06-21,Sandraberg,South Dakota,India,1709634042,jeremiah23@example.com,INS101108,2024-10-28,2026-01-29
1110,Jeffrey Sanders,Female,1998-03-14,South Shannonland,Kentucky,India,8611278560,lyoung@example.net,INS101109,2025-06-12,2025-11-13
1111,Jennifer Cannon DDS,Female,2002-05-11,Porterton,California,India,3880595953,cantugerald@example.com,INS101110,2024-11-13,2025-11-13
1112,Caitlyn Mcpherson,Male,1989-11-22,Patrickmouth,Kentucky,India,7512768465,evansrobert@example.org,INS101111,2025-04-06,2025-12-20
1113,William Kent,Male,1983-01-03,Webermouth,New Hampshire,India,7117898945,paul81@example.com,INS101112,2025-07-10,2026-07-22
1114,Christopher Davidson,Female,1970-07-25,North Juanside,Connecticut,India,6935523532,katelyn44@example.org,INS101113,2024-08-22,2026-02-09
1115,Peter Sanchez,Male,1944-10-13,South Whitney,Maryland,India,4273067282,cameronemily@example.org,INS101114,2023-12-19,2026-01-21
1116,Michael Webster,Female,1945-01-21,West Brittanybury,Vermont,India,2567688528,jeffrey17@example.net,INS101115,2025-03-05,2026-09-13
1117,Austin Rodriguez,Female,1936-07-10,Port Kelsey,Hawaii,India,4982896424,scottcharles@example.com,INS101116,2024-07-17,2026-05-10
1118,Samuel Blanchard,Male,1969-10-23,Hannahborough,Montana,India,3035771180,carterjohn@example.com,INS101117,2025-01-20,2026-07-28
1119,Michele Hayden,Female,1982-04-02,East William,Ohio,India,5430803601,janetkennedy@example.org,INS101118,2024-02-13,2026-06-06
1120,Christopher Taylor,Female,1965-09-30,Port Curtishaven,Alabama,India,4412042906,sherimiles@example.net,INS101119,2024-04-07,2026-08-05
1121,Robert Buck,Male,1988-07-01,Hollowayton,Washington,India,9971026084,ashleysanchez@example.org,INS101120,2024-11-30,2026-07-02
1122,Joseph Scott,Male,1970-08-29,Deborahhaven,Illinois,India,6799473603,terrimitchell@example.net,INS101121,2024-09-25,2025-11-24
1123,Tammy Flores,Female,1952-04-26,Lake Thomas,Maryland,India,8343433326,deckerjoan@example.net,INS101122,2025-07-06,2025-11-29
1124,Melissa Franklin,Male,1944-03-10,Vincentview,Massachusetts,India,9583426333,amysteele@example.net,INS101123,2024-12-19,2026-03-31
1125,Summer Blair,Male,1999-04-26,Port Oliviafurt,New York,India,9489380020,katherinewilliams@example.net,INS101124,2024-11-28,2026-02-09
1126,Dr. Justin Calderon DDS,Female,1976-02-14,Burkeview,Alaska,India,1781962467,higginskaren@example.org,INS101125,2024-11-19,2026-08-19
1127,Bryan Hogan,Male,1961-02-21,Port Troy,Florida,India,7373613821,petersmichael@example.net,INS101126,2024-04-15,2025-12-03
1128,Jennifer Castaneda,Male,1978-01-22,Leeton,Ohio,India,2790460785,tmay@example.org,INS101127,2024-03-21,2026-08-16
1129,Samantha Cochran,Female,2008-05-28,Coltonmouth,California,India,5645835847,tamara22@example.com,INS101128,2024-04-28,2026-02-10
1130,Scott Fuller,Male,1980-09-08,Eduardoburgh,Alaska,India,4657392858,melissakline@example.net,INS101129,2025-08-07,2026-02-28
1131,Jimmy Sanders,Male,2001-02-13,Lake Williamview,South Dakota,India,7900023670,jwatson@example.net,INS101130,2023-12-24,2025-11-12
1132,Christopher King,Female,1967-12-03,South David,Connecticut,India,9080461513,frank62@example.org,INS101131,2024-09-20,2026-08-22
1133,Thomas Cline,Female,1997-12-23,New Lonniefurt,New Mexico,India,3029739061,theresa51@example.net,INS101132,2025-04-04,2025-10-22
1134,Matthew Murray,Female,1936-10-01,Novakside,Maine,India,7929589511,bbutler@example.org,INS101133,2024-09-26,2026-04-23
1135,Shelia Gomez,Male,1944-11-14,Lauraland,Hawaii,India,0547800437,michele85@example.net,INS101134,2025-08-08,2025-12-08
1136,Darlene Farmer,Female,1984-11-26,East Stephanie,New Jersey,India,0334783642,ugaines@example.net,INS101135,2024-10-01,2026-06-28
1137,Gregory James,Female,1936-07-09,Port Angela,New Jersey,India,9772464706,tyler60@example.net,INS101136,2024-08-02,2026-04-18
1138,Richard Rodriguez,Male,1958-05-10,Tonyshire,Arizona,India,8856332351,jenna11@example.org,INS101137,2024-10-11,2026-01-08
1139,Misty Farmer,Female,1970-12-15,Sanderstown,New Hampshire,India,4090762854,kimberlymoreno@example.net,INS101138,2024-11-05,2025-12-11
1140,Robert Moore,Female,1980-08-17,Rebeccachester,Maryland,India,6271109143,david24@example.net,INS101139,2025-07-31,2025-12-30
1141,Timothy Nunez,Female,1996-07-20,Henryville,Mississippi,India,5101736323,misty70@example.com,INS101140,2025-04-08,2026-02-22
1142,Shelley Hernandez,Female,1947-12-18,East Matthew,New Mexico,India,8463809770,jennifersmith@example.org,INS101141,2023-12-05,2026-06-06
1143,Kathleen Garcia,Male,1991-08-21,Lauraland,Iowa,India,6820087742,hcarpenter@example.org,INS101142,2024-05-02,2026-09-29
1144,Jonathan Brown,Female,1954-04-12,Johnberg,Rhode Island,India,4382279626,sbryant@example.org,INS101143,2024-10-31,2026-05-13
1145,James Young,Female,1972-12-31,Hardinhaven,North Dakota,India,5980277905,mark38@example.com,INS101144,2025-02-17,2026-06-01
1146,Beverly Fitzgerald,Male,1976-04-10,Jameschester,South Carolina,India,3115850155,jlee@example.net,INS101145,2024-03-20,2025-12-15
1147,Karen Rios,Female,1945-03-30,West Michael,Minnesota,India,9108055651,courtney07@example.com,INS101146,2023-12-14,2026-09-09
1148,Travis Burke,Male,1986-05-03,Jerryton,Mississippi,India,1437623839,westlisa@example.net,INS101147,2025-04-23,2026-03-10
1149,Christopher Bowman,Male,1986-08-03,Port Joshuaberg,North Carolina,India,0335164993,pamela87@example.net,INS101148,2025-04-02,2025-12-26
1150,Katie Ray,Male,1969-11-24,West Andrea,Wyoming,India,3446337367,stevenunez@example.com,INS101149,2025-07-28,2026-08-09
1151,Marcus Sharp,Female,1968-04-26,Jimenezville,Montana,India,6911807629,aaroncrawford@example.org,INS101150,2024-12-07,2025-11-29
1152,Richard Cooper,Male,1952-10-31,Jesusborough,Alabama,India,2764931979,gross@example.org,INS101151,2024-06-03,2026-03-21
1153,Anthony Jackson,Male,1983-04-09,Port Theresa,North Carolina,India,3962645444,ykim@example.net,INS101152,2024-12-20,2026-09-16
1154,Valerie Novak,Male,1953-03-21,Port Breanna,Montana,India,6750321604,michaelthompson@example.net,INS101153,2025-07-17,2026-01-01
1155,Nicholas Brown,Female,2005-01-29,Payneborough,Oklahoma,India,9233252475,gonzalezcasey@example.net,INS101154,2025-03-06,2026-02-08
1156,Maria Miller,Female,1962-01-10,Danielbury,New Jersey,India,0043337841,christopher25@example.org,INS101155,2024-05-17,2026-06-26
1157,Colton Collins,Female,1944-09-14,West Janefort,Illinois,India,9315293904,reynoldsmary@example.com,INS101156,2025-07-20,2026-03-09
1158,Brian Winters,Female,2001-08-26,Danielshire,Hawaii,India,6584812451,hector42@example.com,INS101157,2023-12-22,2026-08-21
1159,Nancy Warner,Female,1962-12-25,Port Tammytown,Delaware,India,8762316345,lmontoya@example.net,INS101158,2024-10-22,2026-08-09
1160,Heidi Schroeder,Female,1951-06-01,North Robertberg,Alabama,India,0859476483,smithdavid@example.org,INS101159,2023-11-03,2026-07-08
1161,Jamie Kent,Female,1982-01-27,Cuevasland,Utah,India,3418442515,melissa34@example.net,INS101160,2023-12-16,2026-09-19
1162,Jennifer Lewis,Male,1989-02-20,Harrellfort,Nebraska,India,4584079222,graykevin@example.net,INS101161,2024-09-13,2026-09-25
1163,Alexandra Jones,Male,1951-07-08,Hendersonmouth,Florida,India,8993483651,teresaguzman@example.org,INS101162,2024-08-18,2026-04-16
1164,Gina Davis,Male,1999-10-09,Sabrinaview,Connecticut,India,4247862570,eric31@example.com,INS101163,2025-05-25,2026-04-15
1165,Jerry Mills,Male,1960-07-22,Wendychester,Georgia,India,3302149629,carolsilva@example.net,INS101164,2024-07-05,2026-05-08
1166,Robert Smith,Female,1999-05-16,Kariberg,New York,India,6076179410,mollyanderson@example.org,INS101165,2024-05-17,2025-12-07
1167,Timothy Brennan,Male,1961-02-09,Martinezhaven,Missouri,India,8944286597,carsonchristopher@example.com,INS101166,2024-02-08,2026-06-22
1168,Evan Calderon,Male,1957-12-02,Markview,Wyoming,India,1184423679,kimberlywhite@example.org,INS101167,2024-04-30,2026-09-05
1169,Michael Hudson MD,Male,1945-05-31,Lake Sierra,Utah,India,3348444590,emyers@example.net,INS101168,2025-08-20,2026-05-27
1170,Jennifer Carroll,Male,1982-03-06,North Paul,Nebraska,India,7421102930,coxtiffany@example.com,INS101169,2024-08-15,2026-06-02
1171,Jorge Byrd,Female,1953-05-04,South Heathershire,Alaska,India,2319047111,fishertricia@example.org,INS101170,2024-03-10,2026-08-27
1172,Savannah Wright,Female,1994-10-30,North Hunter,North Carolina,India,6797093291,upearson@example.com,INS101171,2024-09-15,2026-02-07
1173,Nancy Gray,Female,1954-07-05,Patriciaside,Montana,India,9051080210,millerjason@example.com,INS101172,2025-05-18,2026-08-06
1174,Rhonda Jordan,Male,1983-10-08,East Jocelynside,West Virginia,India,2950426242,marciaoneill@example.net,INS101173,2024-03-11,2026-08-25
1175,Lori Gilbert,Female,1960-09-20,East Juliamouth,Virginia,India,4924871676,daniellong@example.com,INS101174,2025-06-24,2026-06-04
1176,Robert Reynolds,Male,1946-11-23,East Codymouth,Virginia,India,7408559263,underwoodamanda@example.net,INS101175,2024-02-13,2026-02-24
1177,Mark Lopez,Female,1936-12-30,South Cherylland,Wisconsin,India,7355026646,xwolfe@example.net,INS101176,2023-11-29,2025-10-26
1178,Sean Andersen,Female,1981-04-25,Manuelhaven,Arkansas,India,1843246976,debbie99@example.net,INS101177,2024-01-25,2025-10-23
1179,John Peterson,Female,1949-11-15,East Edward,Georgia,India,2807866364,melissa25@example.org,INS101178,2023-12-11,2025-10-30
1180,Debra Swanson,Female,1952-08-23,Lake Eddieland,South Dakota,India,8651603837,lmelton@example.org,INS101179,2023-12-27,2025-10-15
1181,Jason Oliver,Female,1940-10-21,Austinfurt,Virginia,India,1626950015,carolyn33@example.org,INS101180,2025-02-27,2026-01-18
1182,Aaron Newton,Male,1973-07-13,West Daniel,Vermont,India,3776638570,aking@example.net,INS101181,2024-12-24,2025-11-05
1183,William Thomas,Female,1957-04-30,Crawfordchester,Colorado,India,5469516034,ubailey@example.com,INS101182,2024-08-30,2026-08-07
1184,Madeline Taylor,Male,1986-11-01,New Davidchester,Kentucky,India,1431075222,osanford@example.net,INS101183,2024-11-20,2026-04-08
1185,Miguel Ortiz,Male,1975-05-14,Denniston,Kansas,India,8716485173,amber15@example.com,INS101184,2024-03-15,2026-04-06
1186,James Chavez,Male,1985-02-20,Marvinhaven,Georgia,India,0410011068,smithsara@example.com,INS101185,2024-08-23,2026-09-08
1187,Heather Robertson,Male,2008-01-28,Chelseaton,New Hampshire,India,1660074459,ebrown@example.net,INS101186,2025-01-24,2026-04-15
1188,Shelly Mills,Male,2000-06-24,Ramirezchester,Idaho,India,5981947965,wilsonscott@example.com,INS101187,2025-02-09,2025-10-26
1189,Adam Holt,Female,1961-07-08,Craigstad,Texas,India,0878869844,dean62@example.org,INS101188,2024-09-29,2026-06-05
1190,Stacey Hernandez,Female,1980-07-10,Allenland,Minnesota,India,4758015521,heather44@example.net,INS101189,2025-04-12,2026-09-19
1191,Debra Kelly,Female,1961-07-08,New Sarahchester,Maine,India,2742006996,tiffany51@example.net,INS101190,2024-01-05,2026-02-03
1192,George Valdez,Female,1975-11-23,Courtneystad,Vermont,India,0629635519,charlesgoodman@example.net,INS101191,2024-03-02,2025-10-04
1193,Katelyn Garcia,Male,1989-03-11,North Scottville,Alaska,India,4160372923,garrettdana@example.org,INS101192,2024-01-07,2026-07-28
1194,David Ford,Female,1940-10-19,Williambury,Arizona,India,0692801349,vedwards@example.net,INS101193,2024-10-02,2026-07-02
1195,Taylor Hays,Female,1965-04-13,Brittneyland,New Jersey,India,7269560588,gmclean@example.net,INS101194,2024-05-27,2025-11-22
1196,David Carter,Male,1975-06-16,Leonfurt,Pennsylvania,India,6477856881,carrolljesse@example.net,INS101195,2024-03-04,2026-09-08
1197,Kimberly Davis,Male,1960-08-26,Port Annetteton,Kentucky,India,6810405566,nancyramos@example.org,INS101196,2024-10-25,2026-03-02
1198,Patrick Gregory,Female,1959-08-03,Wendyborough,Maryland,India,8060512809,ftaylor@example.net,INS101197,2024-08-25,2026-06-15
1199,David Brooks,Female,1945-07-21,East Candice,Nevada,India,2346484321,scottgomez@example.net,INS101198,2025-04-10,2026-04-10
1200,Danielle Riley,Male,1992-12-09,West Marktown,Minnesota,India,9951852447,hughesrichard@example.com,INS101199,2025-06-10,2026-08-02
1201,Theresa Johnson,Female,1977-04-27,Coxmouth,North Dakota,India,9248027488,michaelgallagher@example.com,INS101200,2024-01-20,2025-12-23
1202,Michelle Perry,Female,1967-04-28,West Troytown,Wisconsin,India,5900077284,pnunez@example.org,INS101201,2023-11-11,2026-07-26
1203,Nicole Hernandez,Female,1988-10-23,Andersonville,Illinois,India,5917357328,hayesjennifer@example.org,INS101202,2025-06-27,2026-08-27
1204,Nathan Wood,Female,2003-03-09,Lake Kristin,Colorado,India,5623507198,tvillegas@example.com,INS101203,2024-10-16,2026-03-07
1205,Amanda Moore,Male,1961-01-20,Port Alexis,Nevada,India,5684046539,rachelgraves@example.com,INS101204,2024-01-11,2026-07-14
1206,Amanda Dalton,Male,1988-11-05,Jasonfort,Vermont,India,8609193819,amandamartin@example.com,INS101205,2024-03-16,2026-02-28
1207,Christine Jenkins,Male,1940-01-30,New Daniel,New Hampshire,India,2811660626,qfitzgerald@example.com,INS101206,2025-07-03,2025-12-30
1208,Nina Sherman,Female,1937-11-23,New Emily,Idaho,India,7118373946,james62@example.net,INS101207,2025-04-05,2026-08-29
1209,Jack Ryan,Female,1983-04-25,New Petertown,Pennsylvania,India,6493938723,currykatrina@example.org,INS101208,2024-01-12,2026-05-17
1210,Angela Lee,Female,1988-09-13,Garciastad,Minnesota,India,4977185033,smithanne@example.net,INS101209,2025-08-10,2026-03-20
1211,Kathryn Pittman,Female,1966-03-20,New Jimmy,New Jersey,India,5582912975,cooperrebecca@example.org,INS101210,2024-06-20,2026-06-05
1212,Karen Cunningham,Female,1998-02-11,Devinside,Wyoming,India,3223633410,beverly61@example.com,INS101211,2024-05-19,2026-04-12
1213,Bruce Thomas,Male,1936-12-09,North Shirleyfort,Arkansas,India,3718816807,catherinerasmussen@example.org,INS101212,2025-06-21,2026-02-06
1214,James Wheeler,Female,1995-04-11,East Rachelbury,Delaware,India,8406106322,nolandenise@example.com,INS101213,2025-05-23,2026-03-29
1215,Nancy Wallace,Female,1937-10-08,South Anthonytown,Indiana,India,6829596430,daniellecohen@example.org,INS101214,2024-08-30,2026-07-25
1216,Brett Williams,Male,1988-01-11,Lake Roy,Connecticut,India,0287909836,rrobinson@example.net,INS101215,2025-09-19,2026-03-21
1217,Barbara Webster,Female,1980-04-27,East Russellton,Louisiana,India,6702841159,mariehaynes@example.org,INS101216,2025-04-23,2025-11-20
1218,Brian Gilbert,Male,1994-01-17,Dixonhaven,Illinois,India,5355804547,rnguyen@example.org,INS101217,2025-03-22,2026-02-17
1219,Benjamin Hanna,Male,1974-07-26,North Shirley,Delaware,India,4339272573,boydmatthew@example.com,INS101218,2025-08-22,2026-02-27
1220,Christopher Cameron,Male,1992-10-01,Lake Alexanderville,Nebraska,India,6648374475,michael48@example.org,INS101219,2024-09-11,2026-03-05
1221,James Nichols,Male,1971-05-21,South Cynthia,New Hampshire,India,7622174506,martha09@example.org,INS101220,2025-05-17,2026-05-16
1222,Stephen Greene,Male,1956-04-25,Paigeshire,Colorado,India,7840680151,ricardo37@example.org,INS101221,2024-01-30,2026-07-14
1223,Alexis Martinez,Female,1946-03-18,Williammouth,Wisconsin,India,3236887831,ypeterson@example.org,INS101222,2024-03-13,2026-02-07
1224,Nicole Nelson,Male,1965-08-11,Kerrborough,Michigan,India,8247049609,jsmith@example.net,INS101223,2024-12-02,2025-12-05
1225,Jeffrey Davis,Male,1963-02-20,Sheatown,Washington,India,5571766329,robertphillips@example.com,INS101224,2023-12-22,2026-09-16
1226,Jeffrey Morton,Female,1962-04-23,Blairfort,Michigan,India,2195515978,josephhall@example.net,INS101225,2025-08-19,2026-08-10
1227,Kayla Howe,Female,1949-03-07,East Meghanborough,Connecticut,India,7579195593,oharvey@example.net,INS101226,2024-12-16,2025-12-31
1228,Kathleen Booth,Male,1980-06-24,South Danny,Rhode Island,India,4856328807,garycollins@example.org,INS101227,2024-11-08,2025-11-07
1229,Mikayla Parks,Female,1988-09-04,Port Alejandroland,South Carolina,India,3844033840,amanda12@example.net,INS101228,2024-08-03,2026-06-08
1230,Brenda Jenkins,Female,1983-08-04,Bethanyton,Missouri,India,2115698717,zacharymeyers@example.com,INS101229,2024-06-06,2026-06-10
1231,Andre Harmon,Male,1974-07-02,West Alyssa,Oklahoma,India,0594714176,emiranda@example.net,INS101230,2024-01-25,2026-04-29
1232,Mrs. Cathy Carpenter MD,Male,1989-06-18,Romeroshire,Connecticut,India,9227276336,aleblanc@example.com,INS101231,2024-08-22,2025-11-12
1233,Andre Marquez,Female,1970-03-25,Jamesland,Nevada,India,4728924186,wlloyd@example.net,INS101232,2025-06-05,2025-11-30
1234,Janice George,Male,1976-06-13,Lake Susanville,Arizona,India,9184958352,diamond69@example.com,INS101233,2025-02-22,2026-01-04
1235,Peggy Jones,Male,1950-03-23,Watkinsstad,Iowa,India,9504326835,zacharypage@example.org,INS101234,2024-09-28,2025-10-12
1236,Russell Trevino,Female,1981-07-23,North Scott,Arizona,India,8342725552,uodonnell@example.org,INS101235,2024-04-07,2026-08-16
1237,Manuel Moon,Male,1990-03-09,Garyland,North Dakota,India,5255777602,qjackson@example.com,INS101236,2023-10-06,2026-04-04
1238,Ryan Casey,Male,1937-01-08,East Kennethmouth,Idaho,India,4968670962,djones@example.com,INS101237,2024-03-22,2025-10-27
1239,Allison Mack,Male,1982-08-30,West Amanda,Ohio,India,1952619550,penavictor@example.org,INS101238,2025-07-03,2026-01-25
1240,Steven Cohen,Male,2000-02-17,Andrewside,Rhode Island,India,0279271662,wmacdonald@example.com,INS101239,2025-08-19,2025-11-27
1241,Curtis Padilla,Male,1970-08-01,Lake Virginia,West Virginia,India,8769168726,benjaminbell@example.net,INS101240,2023-12-25,2026-09-29
1242,Ashley Barton,Female,1963-07-05,South Tiffanyville,Mississippi,India,4427623406,kathy90@example.com,INS101241,2024-08-14,2025-11-04
1243,Kimberly Wagner,Female,1956-04-04,Pamland,Arkansas,India,6813655025,tashariley@example.net,INS101242,2023-10-17,2026-04-26
1244,Lisa Ellis,Male,1941-03-26,Pricemouth,New Hampshire,India,5599126771,ruthcarpenter@example.org,INS101243,2025-09-29,2026-08-20
1245,Amy Leonard,Female,1940-09-04,Port Veronicashire,New Jersey,India,1260923902,awalters@example.net,INS101244,2024-08-26,2026-01-30
1246,Teresa Vincent,Male,1955-11-03,Greenland,South Dakota,India,2528939985,bakerfrank@example.org,INS101245,2024-12-04,2026-01-14
1247,Jamie Williams,Male,1984-04-15,Robbinston,Florida,India,6018746256,omueller@example.com,INS101246,2023-10-29,2026-06-07
1248,Pamela Roman,Male,1997-04-10,New Ronald,New Mexico,India,8689266421,ashleysharp@example.net,INS101247,2024-09-17,2026-02-23
1249,Thomas Price,Male,1978-06-11,Hayesfort,Montana,India,7879607299,hailey29@example.org,INS101248,2024-01-18,2026-02-13
1250,Maria Davis,Male,1968-03-25,Jenniferland,Nebraska,India,6192692475,clarkryan@example.org,INS101249,2025-06-29,2026-08-12
1251,Justin Hill,Female,1954-11-14,Brownmouth,Kentucky,India,3714478183,melinda55@example.net,INS101250,2024-08-18,2025-11-08
1252,Jennifer Hayes,Female,1950-06-18,Lake Laurachester,Rhode Island,India,1407289805,qrosario@example.org,INS101251,2024-09-22,2026-04-12
1253,Melissa Jones MD,Male,1942-02-16,Port Jeffreymouth,Michigan,India,4954627603,daniel59@example.org,INS101252,2024-12-07,2026-09-11
1254,James Barrett,Female,2003-04-02,New Lisashire,Arizona,India,7222454862,daguilar@example.com,INS101253,2025-01-03,2026-09-17
1255,Misty Collier,Male,1947-04-02,Josephchester,Maryland,India,0484046258,adampowell@example.org,INS101254,2025-07-17,2025-10-14
1256,Chelsea Fry,Female,1978-02-25,Lake Tiffanyton,Ohio,India,6209017132,davidmurphy@example.org,INS101255,2023-11-29,2026-04-25
1257,Daniel Johnson,Male,1992-10-01,North Jessetown,Texas,India,1741562083,cochranwillie@example.com,INS101256,2024-10-21,2025-10-06
1258,Anthony Mckinney,Female,1965-12-18,New Sean,New Jersey,India,5955095719,campbellcody@example.org,INS101257,2023-11-11,2026-07-11
1259,Karla Boone,Male,2003-12-22,Davidton,Tennessee,India,3524681581,pmoran@example.org,INS101258,2024-07-25,2026-07-02
1260,Brittany Warren,Male,1985-07-06,Stefanieview,Ohio,India,4692958115,jefferyzuniga@example.com,INS101259,2025-02-12,2026-09-15
1261,Cindy Parsons,Female,1936-06-27,Luisshire,Indiana,India,8188578499,wrightbrittany@example.org,INS101260,2024-01-07,2025-12-06
1262,Scott Thompson,Female,2001-06-17,Mcclainstad,Virginia,India,9652105612,brandonjones@example.org,INS101261,2024-08-03,2026-03-04
1263,Louis Phillips,Male,1953-07-15,Samanthaside,Florida,India,9676696979,phillipgutierrez@example.com,INS101262,2024-12-18,2026-02-24
1264,Sarah Gibson,Female,1938-10-05,South Christian,Montana,India,9267664408,khancindy@example.org,INS101263,2023-11-12,2025-11-07
1265,Brian Kelly,Male,1946-01-28,New Andreaside,North Carolina,India,9799213972,smoody@example.com,INS101264,2025-01-15,2026-08-12
1266,Jessica Burke,Female,1943-09-08,New Benjamin,Texas,India,9170280563,russocharles@example.org,INS101265,2024-10-18,2026-07-29
1267,Jacob King,Female,1996-01-10,Port Davidburgh,Colorado,India,5648601778,ahouston@example.net,INS101266,2025-06-12,2026-07-20
1268,Nicholas Hamilton,Male,1963-03-10,Leebury,Washington,India,0818354153,mgomez@example.com,INS101267,2024-12-09,2025-11-16
1269,Paul Dominguez,Female,1996-11-13,Westbury,Ohio,India,7880447161,monroejeffrey@example.com,INS101268,2023-10-29,2026-03-03
1270,Kristen Barron,Female,1963-05-09,Anthonytown,South Dakota,India,4963056064,michael04@example.org,INS101269,2025-09-21,2026-08-17
1271,Jason Wilkerson,Male,1960-03-24,Kennethfort,Massachusetts,India,6645963064,mezachristopher@example.org,INS101270,2025-04-15,2025-12-10
1272,Daniel Daniel,Female,1968-06-28,East Carol,Nebraska,India,3296411893,andrew24@example.net,INS101271,2023-12-06,2025-10-12
1273,Jenny Blake,Male,1999-11-21,Richardstown,Maine,India,2432037852,asmith@example.org,INS101272,2024-05-03,2025-12-05
1274,Jennifer Wright,Male,1947-10-04,Morganmouth,West Virginia,India,0030946173,veronica29@example.com,INS101273,2023-12-14,2026-05-18
1275,David Reynolds,Male,1950-07-02,East Elizabethchester,Utah,India,8294440981,jaclyn62@example.com,INS101274,2023-12-27,2026-08-26
1276,Michaela Robinson,Male,1958-08-18,South Christopher,Washington,India,0427905630,ksanchez@example.com,INS101275,2024-08-05,2026-08-31
1277,Evan Butler,Male,1956-11-21,Millerchester,Georgia,India,3837097688,lisa56@example.com,INS101276,2023-11-17,2026-03-13
1278,Mark Smith,Female,1936-06-13,Christopherton,Oklahoma,India,4191694638,cobbmarc@example.com,INS101277,2024-01-03,2026-08-12
1279,John Fitzgerald,Male,2001-06-07,Warrenbury,Idaho,India,3087826078,lindafoley@example.com,INS101278,2025-01-30,2026-02-12
1280,Carly Woods,Male,1968-11-19,New Jenniferburgh,Minnesota,India,8115849828,peter18@example.org,INS101279,2023-11-08,2026-07-25
1281,Sarah Ward,Female,1958-12-13,Heatherside,Oklahoma,India,7806473281,mobrien@example.org,INS101280,2025-09-22,2026-09-17
1282,Jennifer Daniels,Female,1936-02-27,Christopherton,Massachusetts,India,9099805814,jennifer76@example.net,INS101281,2024-11-11,2025-11-20
1283,Christina Bates,Female,1991-03-18,Huertaburgh,Arkansas,India,0257568705,tammydaniels@example.org,INS101282,2024-04-03,2026-08-30
1284,John Lyons,Male,1949-02-23,North Sharonshire,Mississippi,India,3288933233,caseadam@example.net,INS101283,2024-06-20,2025-11-08
1285,Ruben Wilson,Male,1962-05-06,New Troyland,Utah,India,4292098418,craig71@example.net,INS101284,2025-09-23,2025-10-06
1286,Andrea Pratt,Male,1995-01-28,Gomezfort,New Mexico,India,4286314245,brianathompson@example.net,INS101285,2023-12-26,2026-03-12
1287,Michelle Morgan,Female,1984-02-29,Thomasside,Arizona,India,1548561367,jeffreyhiggins@example.com,INS101286,2024-05-02,2026-04-18
1288,Tom Weeks,Male,1970-12-31,West Brandon,New Mexico,India,9851920578,zmitchell@example.org,INS101287,2023-10-30,2025-12-22
1289,Tina Ross,Female,1962-03-09,North Christiestad,Arizona,India,9871292218,cannonmaureen@example.com,INS101288,2024-03-09,2026-06-11
1290,Richard Brown,Male,2006-02-28,Cathytown,Arizona,India,4370348267,tracybell@example.org,INS101289,2025-01-01,2026-07-18
1291,Robert Serrano,Female,1975-07-20,New Kristenmouth,New Hampshire,India,2858854033,richard43@example.org,INS101290,2025-08-21,2026-03-16
1292,Thomas Sullivan,Male,1940-02-11,Port Robert,Utah,India,5336626049,choward@example.net,INS101291,2025-06-09,2026-09-12
1293,Tanner Murphy,Male,1956-04-03,North Robert,North Carolina,India,2538884169,acantrell@example.net,INS101292,2025-05-28,2026-06-11
1294,Carrie Harvey,Male,1972-03-14,Port Michaeltown,New Mexico,India,1798917748,iwaters@example.net,INS101293,2025-04-30,2026-02-23
1295,Shane May,Female,1978-01-03,Walkerland,Wisconsin,India,1549958918,bfoster@example.org,INS101294,2024-10-06,2026-02-09
1296,Cody Reyes,Female,1995-07-26,New Josephfort,Colorado,India,8375184884,jonathanlee@example.net,INS101295,2025-08-15,2026-08-06
1297,Kimberly Miller,Male,2001-11-01,West Brandon,Louisiana,India,8718181908,ashleyweiss@example.net,INS101296,2024-07-27,2025-10-26
1298,Amanda Price,Male,1970-08-07,New Gary,Michigan,India,4627168388,fergusonamber@example.com,INS101297,2025-08-23,2026-06-02
1299,Melissa Santana,Male,1962-02-16,West Michelemouth,Utah,India,4030894704,esnow@example.com,INS101298,2025-04-20,2025-10-17
1300,Dr. Gloria Pugh,Female,1977-11-01,Jamieview,South Dakota,India,4017413174,lukegraham@example.com,INS101299,2025-08-31,2026-09-28
1301,Aaron Moreno,Male,1938-12-19,Melindaview,West Virginia,India,5010485161,scott91@example.net,INS101300,2024-10-07,2026-02-06
1302,Susan Wu,Male,1955-01-03,West Mary,Michigan,India,0482243726,amy79@example.com,INS101301,2024-09-06,2026-06-08
1303,Andrea Johnson,Male,2007-08-23,Jasonchester,Florida,India,8449613366,rogersthomas@example.com,INS101302,2023-11-08,2025-12-18
1304,Lisa Hopkins DVM,Male,1952-01-02,East Haroldstad,Hawaii,India,6342508403,zaguirre@example.com,INS101303,2025-08-29,2026-09-14
1305,Darren Mccarthy,Female,2008-09-11,Dakotabury,Montana,India,7414132561,ystephenson@example.org,INS101304,2024-10-02,2026-01-19
1306,Evelyn Bryant,Female,1955-07-18,South Markville,Arkansas,India,7823281100,alejandropalmer@example.org,INS101305,2025-05-28,2026-03-31
1307,Amy Crane,Male,1985-04-13,Port Nancyhaven,Tennessee,India,3817438683,brandystark@example.net,INS101306,2025-04-26,2026-01-13
1308,Kenneth Miller,Male,1986-10-07,Port Donnaside,New Mexico,India,1636501092,hobbsjonathan@example.org,INS101307,2024-08-04,2026-02-04
1309,Robin Torres,Female,1968-10-22,West Aaronmouth,Ohio,India,3522333007,bonnieparker@example.org,INS101308,2024-11-23,2025-10-17
1310,Kathleen Cortez,Female,1970-07-07,Sherryborough,South Carolina,India,6285318282,morrisoncindy@example.net,INS101309,2024-09-27,2026-04-07
1311,Jessica Maxwell,Male,1943-12-07,Port April,Massachusetts,India,0299490937,bdudley@example.org,INS101310,2024-08-10,2026-01-31
1312,Rebecca Young,Female,1961-04-29,Debrachester,West Virginia,India,8654018349,donaldross@example.com,INS101311,2025-06-29,2026-01-21
1313,Lisa Weber,Female,1981-12-31,North Robertfort,Maryland,India,5469125087,gouldsamantha@example.com,INS101312,2023-12-31,2026-03-09
1314,Jimmy Johnson DDS,Male,1968-08-04,Robertfort,North Carolina,India,8806994971,monica06@example.net,INS101313,2025-07-27,2026-05-11
1315,Andrea Tucker,Female,1943-11-23,West Ariel,Ohio,India,2507656374,rwilliams@example.org,INS101314,2025-01-16,2026-06-14
1316,Shane Sanchez,Female,1972-12-26,Port Christophertown,Kentucky,India,0268043830,sstephens@example.org,INS101315,2024-11-21,2026-07-05
1317,Christopher Rojas,Male,1942-01-15,Port Michael,Vermont,India,5229646153,qbarnett@example.net,INS101316,2025-03-17,2026-09-28
1318,Savannah Sanders,Male,2007-09-11,Kristinamouth,Connecticut,India,4660990418,torreselizabeth@example.net,INS101317,2025-03-13,2025-12-21
1319,Ashley Torres,Female,1979-01-30,Davidsonville,California,India,7514618311,christopher58@example.com,INS101318,2023-10-22,2026-09-03
1320,Mrs. Michelle Sanchez,Male,2008-07-27,Newmanhaven,Massachusetts,India,6443645547,tamaramartin@example.net,INS101319,2024-01-01,2025-12-31
1321,Adam Davis,Female,1939-02-16,Barnettberg,Connecticut,India,8833623832,michael67@example.org,INS101320,2024-10-28,2026-02-15
1322,Stephanie Miller,Male,1965-03-04,New Stephaniemouth,Idaho,India,4052603989,catherinesmith@example.com,INS101321,2024-11-19,2026-01-07
1323,Gabriel Rivera,Female,1941-09-06,Port Kayla,Arkansas,India,2417103630,brandijimenez@example.net,INS101322,2025-06-07,2025-11-02
1324,Colleen Harrell,Male,1946-02-09,Angelaland,Washington,India,7912798305,bsimpson@example.com,INS101323,2023-12-26,2026-08-24
1325,Charles Martinez,Female,1971-07-14,Heathershire,West Virginia,India,0479740237,robinsonalexandria@example.org,INS101324,2023-10-16,2026-03-18
1326,Laura Harris,Female,1938-04-01,Arnoldville,Montana,India,8138585274,teresasutton@example.org,INS101325,2024-01-12,2026-03-26
1327,Ashley Smith,Female,1941-06-05,Bowmanside,North Dakota,India,8582719593,gabriel58@example.net,INS101326,2025-05-26,2025-10-03
1328,Dr. Denise Perkins,Male,1958-08-09,Lake Amy,Arkansas,India,9398739872,hilldevin@example.net,INS101327,2023-11-30,2026-04-04
1329,Gabrielle Roman,Male,1951-03-20,Luisview,Kansas,India,0115412022,arianasmith@example.org,INS101328,2025-04-29,2025-11-08
1330,Travis Perez,Female,1983-07-27,Anthonymouth,Oklahoma,India,3083257182,gutierrezmaureen@example.org,INS101329,2024-10-17,2026-08-26
1331,Nicole Bridges,Female,1971-01-17,West Markberg,Iowa,India,3486603240,brentweeks@example.net,INS101330,2024-05-30,2026-08-05
1332,Erin Zamora,Male,1989-10-24,Lake Samuelfurt,Pennsylvania,India,8774568120,bfigueroa@example.net,INS101331,2024-05-11,2026-03-24
1333,Janet Kennedy,Male,1952-01-21,North Andreamouth,Virginia,India,8439832139,barrettangela@example.com,INS101332,2024-09-02,2026-08-23
1334,Sarah Robertson,Male,1942-02-03,Sullivanville,Florida,India,0615871571,michael27@example.org,INS101333,2024-09-15,2026-03-27
1335,Paul Webster,Male,1988-01-15,Ronaldhaven,Iowa,India,7041370429,tayloredward@example.net,INS101334,2024-09-30,2026-05-23
1336,Roger Brooks,Male,1938-06-30,Josephfort,Rhode Island,India,3092309614,mlowery@example.com,INS101335,2025-05-26,2026-01-25
1337,Ryan Porter,Male,1981-09-04,Lake Rachelview,Rhode Island,India,6407279913,twelch@example.net,INS101336,2025-05-04,2026-07-15
1338,Antonio Ryan,Female,1957-01-21,East Ashley,Alaska,India,1443671976,josephsarah@example.com,INS101337,2025-04-20,2026-01-01
1339,John Li,Male,1966-01-31,Sharonland,Maine,India,5605225734,xhernandez@example.net,INS101338,2025-06-23,2026-07-22
1340,Kristen Bryant,Female,1937-01-13,New Summer,Nebraska,India,8892998095,william70@example.com,INS101339,2025-05-27,2025-12-25
1341,Angela Salinas,Male,2006-01-04,South Calebhaven,Oklahoma,India,5697836565,idaniels@example.net,INS101340,2024-01-22,2026-08-27
1342,Amanda Becker,Male,1982-01-24,Munozland,Michigan,India,5689430415,malvarez@example.com,INS101341,2025-04-25,2025-12-03
1343,Teresa Hamilton,Female,1982-08-04,Anitaport,Maine,India,3413205731,kerry52@example.org,INS101342,2024-10-03,2026-06-16
1344,Juan Harrison,Female,1952-09-26,East Paulmouth,California,India,8879023606,brittanybrennan@example.net,INS101343,2024-01-04,2026-07-08
1345,Mark Ramirez,Male,1938-09-15,Jasonshire,Pennsylvania,India,4006221448,melissaking@example.org,INS101344,2024-11-13,2026-01-10
1346,Rachel Clay,Female,1939-10-14,Murphyfurt,Wisconsin,India,5840761300,cheryl76@example.com,INS101345,2024-12-29,2025-10-29
1347,Derrick Hawkins,Female,1964-08-12,Douglasfort,Vermont,India,5367308762,michaelbarrett@example.com,INS101346,2024-03-20,2026-07-24
1348,Andrew Lane,Female,1951-02-08,New Debraton,Ohio,India,0350416684,kenneth72@example.com,INS101347,2025-07-18,2025-10-15
1349,Rachel Peterson,Female,1973-01-20,Chambersshire,Georgia,India,5905992584,ccardenas@example.com,INS101348,2024-03-17,2026-04-09
1350,Danielle Kelley,Male,1953-05-25,New Jefferyshire,New Hampshire,India,9013253001,leemelanie@example.com,INS101349,2025-01-21,2026-06-26
1351,Tyler Brooks,Female,1941-10-19,South Charles,Kansas,India,1170807976,michaelobrien@example.net,INS101350,2024-04-09,2026-05-21
1352,Dennis Hayes,Male,2005-09-04,South Kevinport,New Hampshire,India,0289955011,matthew93@example.com,INS101351,2024-10-24,2025-11-11
1353,Stephen Holmes,Male,2003-07-16,Gordonborough,Utah,India,0444530841,ncopeland@example.org,INS101352,2025-08-24,2026-02-15
1354,Elizabeth Clarke,Male,1980-05-16,Brianstad,Tennessee,India,1312033554,gho@example.com,INS101353,2024-04-21,2026-02-04
1355,Barbara Martin,Male,1980-10-01,Cameronfort,Delaware,India,9202761964,destiny67@example.org,INS101354,2025-07-29,2026-06-08
1356,Sophia Thompson,Female,1942-02-14,Smithton,Kansas,India,5760188229,mason92@example.org,INS101355,2024-01-21,2026-09-06
1357,Julie Barron,Female,1953-09-05,South Damontown,Colorado,India,1085269943,rgardner@example.org,INS101356,2024-01-26,2026-05-05
1358,Kelly Sanchez,Male,1994-09-05,Vazquezview,Idaho,India,2031981301,pageshawn@example.org,INS101357,2024-09-20,2025-12-19
1359,Bianca Smith,Male,1947-08-09,North Angela,Massachusetts,India,0672206466,kbradley@example.org,INS101358,2025-01-27,2026-03-21
1360,Tony Thompson,Male,1999-04-13,East Aprilfurt,Florida,India,1720070236,garzaclaudia@example.net,INS101359,2024-04-15,2026-08-13
1361,Patricia Cantrell,Male,1939-05-26,Harristown,Massachusetts,India,8234972484,matthewhopkins@example.net,INS101360,2025-09-17,2026-04-24
1362,Theresa Page DDS,Female,1958-02-19,New Lisafort,North Dakota,India,8982421947,christopherbarajas@example.net,INS101361,2024-05-06,2026-01-04
1363,Kenneth Jackson,Male,1948-07-09,New Amandaport,West Virginia,India,1032743322,williamskimberly@example.org,INS101362,2024-06-07,2025-11-16
1364,Tammy Montes,Female,1989-07-12,Beltranfort,Oregon,India,9494596220,sarah41@example.net,INS101363,2025-08-27,2026-03-16
1365,Juan Hart,Male,1948-07-22,Port Rebecca,New Hampshire,India,1180687208,georgesandoval@example.com,INS101364,2024-06-08,2026-07-03
1366,Dr. Linda Lopez,Male,1950-10-04,Johnsonchester,Rhode Island,India,4968246029,kmcneil@example.net,INS101365,2024-06-16,2026-04-01
1367,Renee Rosario,Male,1975-03-11,Port Katherine,Idaho,India,7529284397,floydbrittney@example.com,INS101366,2025-08-23,2026-08-24
1368,Stephanie Wilson,Male,2008-04-10,South Susanburgh,California,India,4259949125,barbarastanley@example.net,INS101367,2025-01-24,2026-04-18
1369,Christopher Buchanan,Female,1946-03-28,Port Vickiton,Kentucky,India,3824187119,ksmith@example.net,INS101368,2024-06-21,2026-08-31
1370,Miss Christine Watson,Female,1974-01-18,East Graceborough,New Hampshire,India,2924232374,dickersonjoseph@example.net,INS101369,2025-05-18,2025-09-30
1371,Carla Schneider,Female,1967-05-04,New Timothyville,Kentucky,India,6260542325,michaellawrence@example.com,INS101370,2024-12-05,2026-09-08
1372,Diana Anderson,Male,1961-10-29,Leehaven,Nevada,India,5360470669,richardskaren@example.org,INS101371,2024-04-25,2026-08-08
1373,Allison Nash,Male,2004-01-14,Christinahaven,Missouri,India,0365293360,kaylafloyd@example.com,INS101372,2024-12-07,2026-05-30
1374,Steven Gutierrez,Female,1952-12-29,Williamshaven,Vermont,India,8809048896,walkermarcus@example.net,INS101373,2024-01-07,2026-08-08
1375,Thomas Day,Female,1975-02-19,Elizabethland,Connecticut,India,2369646711,oconnellshawn@example.com,INS101374,2024-12-17,2026-06-02
1376,Meagan Carson,Male,1977-10-20,Wilsonmouth,Connecticut,India,5549157943,daleblair@example.org,INS101375,2025-03-10,2026-09-24
1377,Kenneth Carpenter,Male,1976-06-20,Adamside,Virginia,India,5100910552,lerenee@example.net,INS101376,2024-05-23,2026-01-30
1378,Michelle Reyes,Female,1952-10-06,Port Deannaside,Kentucky,India,9872242728,deanjohn@example.net,INS101377,2025-01-26,2026-03-29
1379,Kevin Little,Male,1964-06-02,Greghaven,New Hampshire,India,6996026554,wellsjamie@example.net,INS101378,2025-06-08,2026-08-23
1380,Jason Wood,Male,1992-05-20,Amberborough,Texas,India,9966559880,dgarcia@example.org,INS101379,2024-12-22,2026-05-25
1381,Maria Gray,Female,2000-06-09,Cobbchester,Washington,India,5139564176,jeffery34@example.org,INS101380,2024-07-06,2026-03-03
1382,Robert Clark,Male,1968-04-12,Smithshire,Tennessee,India,0440573316,armstronglindsey@example.com,INS101381,2023-11-24,2025-12-09
1383,Kimberly Shelton,Female,1956-08-08,Danielberg,New Jersey,India,5339808100,walkerjustin@example.net,INS101382,2024-01-13,2026-01-09
1384,Dalton George,Male,1993-02-07,North Oscar,Virginia,India,9914466604,ericksonadam@example.com,INS101383,2024-12-02,2026-01-17
1385,Matthew Lewis,Female,1996-06-30,Baileystad,Utah,India,8241349830,jonathanhancock@example.net,INS101384,2025-07-15,2026-09-09
1386,Shannon Hutchinson,Male,1993-06-11,Annaville,Nebraska,India,5253180641,badams@example.com,INS101385,2025-06-12,2026-05-07
1387,Anthony Valdez,Female,1948-05-30,East Jasonborough,Oregon,India,5685743436,estradaann@example.org,INS101386,2024-10-05,2025-12-12
1388,Autumn Edwards,Female,1972-05-14,Lake Catherineview,New Mexico,India,8090779241,brendabell@example.com,INS101387,2024-04-02,2025-11-22
1389,Justin Hensley,Female,1956-12-21,New Duanefurt,Georgia,India,3775854959,timothyberry@example.com,INS101388,2024-05-29,2025-11-21
1390,Ryan Powell,Female,1956-03-06,New Derrickmouth,Kansas,India,9885321245,michaelsmith@example.org,INS101389,2025-09-25,2026-02-03
1391,Jeffrey Nicholson,Male,1986-03-15,New Brittanyfurt,Wisconsin,India,1960401307,james86@example.com,INS101390,2025-03-26,2026-07-04
1392,David Wells,Male,1944-04-28,Lake James,California,India,4116604673,meghansexton@example.net,INS101391,2024-08-23,2026-03-16
1393,Jacob Smith,Female,1953-07-17,Michaelfurt,Hawaii,India,0898279331,lopezkevin@example.org,INS101392,2025-08-19,2026-07-17
1394,Isaiah Martinez,Male,1945-09-06,East Julie,Wyoming,India,8622023974,nparker@example.net,INS101393,2024-02-09,2026-05-20
1395,Joseph Moore,Male,1948-11-15,Lake Johnfort,Louisiana,India,4241878032,harperbethany@example.com,INS101394,2023-10-23,2026-09-27
1396,Jessica Anderson,Male,1953-02-25,Finleyburgh,Connecticut,India,0772114754,justin50@example.com,INS101395,2024-04-13,2026-08-18
1397,Benjamin Martinez,Male,1959-06-06,Lake Stevenview,New Jersey,India,8468797235,bvalenzuela@example.com,INS101396,2024-10-11,2026-05-31
1398,Danielle Pierce,Male,1940-07-25,New Raymondville,Colorado,India,3518289661,smithmary@example.com,INS101397,2024-08-26,2026-01-21
1399,Timothy Thompson,Female,1982-05-26,Ryanborough,South Dakota,India,2101003470,rdominguez@example.net,INS101398,2025-04-11,2026-08-06
1400,Megan Torres,Female,2000-01-25,Andrewstad,California,India,7436781976,halleric@example.org,INS101399,2025-02-25,2025-12-21
1401,Michael Brady,Female,1992-10-09,Dawsonfort,Wisconsin,India,9106294646,emily69@example.net,INS101400,2025-05-03,2025-12-12
1402,Peggy Howell,Female,1940-08-08,North Michellefort,Illinois,India,3281387683,ryanyoung@example.net,INS101401,2025-03-06,2026-05-25
1403,Cynthia Montgomery,Male,1955-10-24,Hayesland,Georgia,India,4407295962,kayleetownsend@example.org,INS101402,2025-05-11,2025-10-06
1404,Kathleen Thompson,Male,2003-01-07,Martinezbury,New Mexico,India,4086260680,fvaldez@example.net,INS101403,2025-02-06,2025-10-22
1405,Melissa Mccoy,Female,1947-05-06,Lake Stephanie,Maine,India,4689993330,lmitchell@example.net,INS101404,2023-11-07,2025-11-23
1406,Robert Brewer,Male,1953-12-04,Keithview,Maine,India,1693642776,hartmandawn@example.net,INS101405,2024-08-04,2026-03-19
1407,Connie Ross,Male,1985-12-18,East Jeffrey,Utah,India,3966365470,hansenalan@example.net,INS101406,2025-02-21,2025-12-28
1408,Craig Lang,Female,1964-12-13,New Albertbury,Kansas,India,2584812170,williamgonzalez@example.com,INS101407,2025-07-02,2026-04-15
1409,Rachael Clark,Male,1958-01-18,Gilmoreville,Kentucky,India,9781997376,amberbullock@example.org,INS101408,2025-07-08,2026-01-01
1410,Kimberly White,Female,1944-06-24,Michaelchester,South Dakota,India,1177644853,jonathan06@example.org,INS101409,2025-06-10,2026-09-07
1411,Anthony Chavez,Female,1939-11-20,Jacobshire,California,India,0575527389,saramccoy@example.com,INS101410,2024-08-23,2026-01-16
1412,Raymond Burnett,Male,1975-08-23,Port Stephanietown,South Dakota,India,8774006084,bradleymann@example.org,INS101411,2024-11-20,2025-11-04
1413,Jennifer Berry,Male,2001-06-20,North Rebeccastad,Missouri,India,2239665511,thomasmurphy@example.com,INS101412,2025-07-29,2026-01-19
1414,Steven Kirk,Female,1968-09-10,Mariamouth,Utah,India,1139681368,juliefleming@example.com,INS101413,2023-11-12,2025-11-08
1415,Kelly Sullivan,Female,1966-11-24,Tashashire,West Virginia,India,1248461998,adam13@example.com,INS101414,2025-07-11,2026-08-22
1416,Jay Franklin,Male,1942-02-28,Kerrview,New Jersey,India,2825248747,fernando70@example.net,INS101415,2023-11-20,2025-11-30
1417,Dawn Benton,Female,1956-02-27,Reidland,Kansas,India,6190108420,stevenfranklin@example.com,INS101416,2024-02-04,2026-04-21
1418,Monica Wiggins,Female,1967-03-22,Jasonfort,New Hampshire,India,2043416577,stevendawson@example.net,INS101417,2025-05-26,2026-08-15
1419,Tammy Garcia,Female,1955-01-12,Crawfordfurt,Alaska,India,1773646312,steven02@example.org,INS101418,2025-05-29,2025-12-21
1420,William Dunn,Male,1954-11-28,Martintown,Utah,India,1753425690,oallen@example.com,INS101419,2023-12-30,2026-07-18
1421,Adam Bishop,Female,1999-12-30,Mathisburgh,Delaware,India,9979634796,franciscarla@example.org,INS101420,2023-10-19,2026-09-29
1422,Madeline Dunn,Male,1961-04-03,Tapiafurt,Wyoming,India,6353729533,megankaiser@example.org,INS101421,2023-10-26,2026-06-24
1423,Mary Simmons,Female,1955-05-31,West Gina,Maryland,India,4511809322,michellecook@example.com,INS101422,2024-04-27,2026-06-19
1424,Angela Holland,Male,2002-10-26,Zimmermanmouth,Hawaii,India,9665491940,tbanks@example.org,INS101423,2025-06-17,2026-05-15
1425,Virginia Allen,Female,1948-03-02,West Kristine,Minnesota,India,4610918086,john77@example.org,INS101424,2025-02-20,2026-02-17
1426,Mrs. Joy Bowen,Male,1964-07-19,Smithborough,Texas,India,9460872156,elizabeth47@example.com,INS101425,2024-01-05,2026-03-27
1427,Scott Parker,Male,1938-06-19,East Jacob,Virginia,India,4273780471,crosscory@example.com,INS101426,2025-02-27,2026-08-19
1428,Trevor Nguyen,Male,1938-09-18,North Travis,Kansas,India,4656118395,hmcgee@example.org,INS101427,2025-06-07,2025-11-28
1429,Brett Medina DDS,Female,1987-04-30,Lake Steven,Oklahoma,India,4683535463,yesenia70@example.com,INS101428,2024-08-02,2026-05-03
1430,Ronald Mullins,Female,1958-08-28,Elizabethbury,Virginia,India,2757431492,marquezgina@example.org,INS101429,2024-04-28,2026-06-23
1431,Jessica Cox,Female,1947-09-11,Port Lucas,Massachusetts,India,7260006478,kathleen75@example.com,INS101430,2024-04-19,2026-05-19
1432,Beth Newman,Male,1975-12-29,Rachelmouth,Washington,India,1041350349,douglasjeremiah@example.net,INS101431,2024-01-13,2026-06-13
1433,Emily Fleming,Female,1997-04-16,Bethanyton,Oregon,India,3341046435,nicole63@example.org,INS101432,2024-07-08,2026-03-26
1434,Victor Moore,Male,1943-02-14,Coleton,Washington,India,3091158116,ngreen@example.net,INS101433,2025-08-31,2026-03-17
1435,Blake Graham,Female,1940-09-21,Mortonfurt,Indiana,India,0540784027,hannahthomas@example.org,INS101434,2024-08-11,2026-06-16
1436,Kyle Richards,Male,1997-08-27,Brentburgh,Nebraska,India,7917242196,iwebb@example.net,INS101435,2024-02-20,2026-01-19
1437,Travis Pruitt,Male,1997-08-01,Charlesview,Louisiana,India,5902767516,allen81@example.com,INS101436,2024-01-10,2026-09-20
1438,Julie Pollard,Male,1936-04-11,Lawsontown,Utah,India,8188755989,jordananna@example.com,INS101437,2024-04-28,2026-09-16
1439,Brandon Moreno,Female,1957-06-04,West Maria,Iowa,India,2647993281,jduarte@example.com,INS101438,2024-04-08,2025-12-15
1440,Christopher Foster,Female,1977-10-16,New Jesse,Arkansas,India,5353035803,tholland@example.net,INS101439,2024-11-11,2026-03-05
1441,Alexandra Lloyd,Female,1967-04-07,Lake Sabrina,Maryland,India,1945701090,smithtammy@example.org,INS101440,2024-12-16,2026-08-01
1442,Mark Mccarty,Male,1948-04-15,Laurieport,Utah,India,1366340191,kirbywayne@example.org,INS101441,2025-06-14,2025-11-29
1443,Sara Hill,Male,1947-04-26,Coxhaven,Wisconsin,India,1792307484,karen71@example.net,INS101442,2025-04-03,2026-01-12
1444,Laurie Gonzalez,Female,1976-01-16,Port Jerry,Nevada,India,0319573541,webercrystal@example.com,INS101443,2024-10-22,2026-03-18
1445,Scott Stone,Female,1970-12-04,Laurenstad,Michigan,India,4464631471,jonathancampbell@example.com,INS101444,2025-01-31,2026-04-10
1446,Susan Snyder,Female,1997-12-09,Lake Justinton,Wyoming,India,0132382814,ubarber@example.org,INS101445,2024-08-12,2026-03-18
1447,Daniel Parks,Male,1950-04-04,South Brookeborough,Massachusetts,India,1601792882,elizabeth78@example.net,INS101446,2024-02-13,2025-10-01
1448,Ashley Hendricks,Male,1974-11-05,Wilsonmouth,Wisconsin,India,6573009550,dalesimmons@example.net,INS101447,2025-06-25,2026-09-14
1449,George Mccullough,Male,1940-07-28,Seanmouth,Montana,India,2437500791,lclarke@example.com,INS101448,2024-01-29,2026-04-24
1450,David Wilson,Male,2006-10-04,Nathanport,Massachusetts,India,4829390954,suzanne58@example.org,INS101449,2023-10-05,2026-07-02
1451,Jonathan Brown DDS,Male,2005-05-18,New Juan,Arizona,India,2849069195,dschmidt@example.com,INS101450,2025-02-05,2026-07-10
1452,Robert Young,Female,1994-05-18,Lanemouth,Florida,India,1929410963,ericgraves@example.org,INS101451,2025-04-05,2026-04-04
1453,Stacey Smith,Male,1936-08-05,Shawmouth,Arizona,India,6575654893,martinmegan@example.org,INS101452,2025-01-20,2025-10-20
1454,Patrick Maddox,Male,1954-04-25,Aprilview,Idaho,India,4653054700,rangeljoshua@example.org,INS101453,2024-03-28,2026-09-20
1455,Juan Fisher,Male,1949-05-17,Morrisontown,Hawaii,India,5791269892,robert22@example.org,INS101454,2025-02-22,2026-05-11
1456,Corey Miller,Male,1982-09-03,Port Cody,Alabama,India,9357411791,kevin43@example.org,INS101455,2024-06-16,2026-08-25
1457,Philip Freeman,Male,1941-12-31,West Scott,New Hampshire,India,3944259084,apeterson@example.net,INS101456,2025-01-21,2026-09-20
1458,Laura Hurley,Female,1965-01-29,New Amanda,Kansas,India,7560984560,kennethwhite@example.net,INS101457,2024-02-29,2026-01-26
1459,Kevin Chapman,Male,1957-01-23,South Adamchester,Washington,India,9640225634,jacksonandrea@example.org,INS101458,2024-07-20,2026-06-21
1460,Pamela Franklin,Male,2001-10-26,West Nicholehaven,Florida,India,8078286059,sarajohnson@example.net,INS101459,2025-01-10,2026-07-23
1461,Theresa Roberson,Male,1944-09-09,North Tracy,Missouri,India,7620386763,stephanierichardson@example.net,INS101460,2024-07-01,2026-02-10
1462,Marc Johnson,Female,1953-09-14,Hessville,North Carolina,India,0801584845,meganbailey@example.com,INS101461,2024-02-06,2026-09-12
1463,Beth Walker,Female,1948-03-11,Robertstad,Minnesota,India,5002608019,sbrown@example.org,INS101462,2024-11-06,2025-11-15
1464,Alice Mcdonald,Female,1989-02-23,West Christopher,South Dakota,India,2143667202,jill27@example.net,INS101463,2024-09-08,2025-10-24
1465,Alexander Weber,Male,1974-09-19,Spencerstad,Massachusetts,India,9459200522,qmorrison@example.org,INS101464,2024-01-16,2026-07-24
1466,Robin Ortiz,Female,1995-04-01,Tonyamouth,Connecticut,India,8672813479,galvanlawrence@example.net,INS101465,2023-11-20,2026-05-07
1467,William Lee,Male,1982-01-06,Lopezfurt,Missouri,India,0948473111,ajohnson@example.net,INS101466,2024-05-09,2025-12-23
1468,William Park,Male,1980-04-13,Kaylaport,Vermont,India,1432138583,bhowell@example.org,INS101467,2024-12-18,2026-08-20
1469,Jordan Haley,Female,1971-12-18,New Emmachester,West Virginia,India,7682324243,troybright@example.net,INS101468,2025-04-05,2026-04-12
1470,Michael Hansen,Male,1996-08-18,Sarahside,Florida,India,5369934278,bryanbrooks@example.org,INS101469,2025-02-03,2025-12-18
1471,Kristina King,Male,1949-11-03,South Karina,New York,India,0410046922,abrown@example.com,INS101470,2025-05-22,2026-01-15
1472,Amanda Sweeney,Male,1993-02-26,Fordtown,Indiana,India,6847014211,zamorabrian@example.com,INS101471,2023-12-03,2025-11-13
1473,Erin Cooper,Female,1999-08-10,East Amyport,Oregon,India,2523563418,chandlerpeter@example.net,INS101472,2024-08-27,2026-02-12
1474,Mathew Edwards,Male,2006-11-08,West Jacobbury,New Jersey,India,4605368791,martinezkristine@example.org,INS101473,2025-04-28,2025-10-20
1475,James Johnson,Male,2004-06-24,Knightmouth,Texas,India,3235027883,melissa67@example.net,INS101474,2025-06-11,2025-12-20
1476,Alex Weber,Female,1949-05-27,Johnville,Hawaii,India,7249211696,mariaharris@example.com,INS101475,2025-01-02,2026-03-27
1477,James Thomas,Male,1964-06-25,Port Lisa,Maine,India,9923018433,xjohnson@example.org,INS101476,2025-07-29,2026-03-10
1478,Dana Gonzales,Male,2006-10-15,South Chaseberg,New Jersey,India,7695422988,stephaniegarner@example.net,INS101477,2024-09-03,2026-04-25
1479,Sierra Cox,Female,1981-07-01,Snyderhaven,Texas,India,1391792282,jbrown@example.net,INS101478,2023-12-18,2026-06-13
1480,Julie Dominguez,Male,1994-08-08,North Jocelynburgh,Alaska,India,0237853697,dnelson@example.com,INS101479,2025-09-05,2026-08-08
1481,Nicholas Long,Male,1977-09-23,South Michaelberg,Minnesota,India,7993414293,jameslynn@example.net,INS101480,2024-06-30,2026-03-18
1482,James Torres,Male,1961-12-10,Lake Williamside,Kansas,India,7692495305,irodriguez@example.org,INS101481,2024-11-12,2026-05-29
1483,Amanda Gomez,Male,1975-11-29,New Alyssastad,Alabama,India,8731811797,fisherbrady@example.com,INS101482,2023-11-23,2026-02-21
1484,Brandon Powell,Male,1991-07-20,South Dominic,Massachusetts,India,5397235998,melvin76@example.org,INS101483,2025-03-14,2026-01-15
1485,Pamela Arnold,Female,1997-09-15,Ericfort,Hawaii,India,9739645703,williamsandrea@example.net,INS101484,2023-12-04,2026-04-20
1486,Jeffery Tran,Female,1960-08-11,Josebury,Nebraska,India,2862667669,wilkinsonbeth@example.com,INS101485,2025-01-07,2025-12-23
1487,Cynthia Ingram,Female,2004-06-11,East Darrellland,Maine,India,1335060815,nfrazier@example.net,INS101486,2024-08-27,2026-07-23
1488,Alan Hart,Female,1938-11-19,Michellemouth,Georgia,India,1311378053,cunninghamrobert@example.com,INS101487,2023-10-08,2026-06-28
1489,Elizabeth Smith,Male,1968-10-17,Emilyhaven,Delaware,India,9992892073,michelle30@example.org,INS101488,2025-03-29,2026-05-03
1490,Eric Mcintosh,Male,2001-08-20,Port Loriville,Indiana,India,5092117525,erinjensen@example.com,INS101489,2025-05-23,2025-10-14
1491,Victoria Ayala,Male,1988-06-11,Port Ericabury,California,India,0885270461,walterwilliams@example.com,INS101490,2024-09-30,2026-04-01
1492,Michael Bradley,Male,1978-04-15,Kempshire,Kentucky,India,3130402319,gscott@example.org,INS101491,2025-05-20,2025-10-03
1493,Mr. William Hayes,Male,1990-09-20,Katherinechester,Oregon,India,4732959016,cynthia47@example.net,INS101492,2025-01-05,2025-12-31
1494,Paul Wall,Female,1971-06-05,Horntown,Montana,India,9434120381,charlesjones@example.org,INS101493,2024-05-27,2026-02-08
1495,Steve Garner,Female,1996-11-17,West Kayla,Rhode Island,India,1660808941,cbrown@example.org,INS101494,2024-05-26,2025-11-17
1496,Christopher Smith,Male,1992-01-15,South Robert,North Carolina,India,9100523508,bakersusan@example.org,INS101495,2025-04-20,2026-02-01
1497,Brian Henderson,Male,2000-08-31,South William,Georgia,India,3510405331,jonathanpetersen@example.net,INS101496,2024-03-05,2026-01-29
1498,Susan Owen,Male,1983-02-14,Michaelmouth,Illinois,India,3369044167,sarah24@example.com,INS101497,2024-04-14,2026-05-16
1499,Allen George,Female,1950-12-28,Glenborough,Pennsylvania,India,6830212965,marc01@example.com,INS101498,2024-08-22,2026-01-27
1500,Michelle Greene,Male,2008-05-01,Tammyfort,Kentucky,India,1370317242,usmith@example.net,INS101499,2023-12-03,2025-12-02
1501,William Benitez,Male,1989-06-11,South Jacquelineland,Michigan,India,1971567296,gonzalesmelanie@example.com,INS101500,2025-03-08,2026-06-25
1502,Meghan Gutierrez,Male,1996-08-25,New Lisa,Vermont,India,8041610717,yvazquez@example.com,INS101501,2023-11-26,2025-10-26
1503,Aaron Barton,Female,1943-06-19,Williamsonmouth,Washington,India,1336189255,josephward@example.com,INS101502,2024-01-03,2026-01-06
1504,Matthew Lewis,Male,1991-12-30,Hunterfurt,Iowa,India,9607634303,wardlance@example.com,INS101503,2025-09-12,2026-04-02
1505,Melissa Pena,Female,1980-12-09,Donaldstad,Michigan,India,1970855104,stevenerickson@example.com,INS101504,2025-07-24,2026-07-15
1506,Jennifer Chandler,Female,1976-08-12,Port William,Idaho,India,5278158350,watsonnicole@example.org,INS101505,2025-09-12,2025-11-29
1507,Miss Amber Rodriguez,Female,1983-12-16,West Ronaldfort,Michigan,India,7437069486,tmueller@example.com,INS101506,2025-01-02,2026-02-26
1508,Jeffrey Martinez,Female,1948-12-31,East Michaelport,Rhode Island,India,1530512682,silvajustin@example.com,INS101507,2025-05-07,2025-11-20
1509,Michael Webb,Female,1952-09-03,Zunigamouth,Iowa,India,0036763839,francis91@example.org,INS101508,2023-12-02,2026-04-13
1510,Danny Hansen,Female,1977-07-06,Marquezfort,Maine,India,6912043500,simsshawn@example.com,INS101509,2025-04-03,2026-07-17
1511,Edward Todd,Male,2006-06-04,Deanburgh,Montana,India,7530616037,jonesdavid@example.org,INS101510,2024-03-09,2025-10-31
1512,James Rogers,Male,1952-03-15,Patriciaton,Iowa,India,1915311025,chad65@example.net,INS101511,2025-06-25,2026-09-16
1513,Melanie Conner,Male,1981-09-28,Lake Stephaniefurt,Idaho,India,9944782247,brucestewart@example.org,INS101512,2024-05-13,2026-01-14
1514,Anna Taylor,Female,1971-12-03,Richardsmouth,North Carolina,India,8750782790,brandon04@example.com,INS101513,2025-01-18,2026-05-22
1515,Connor Finley,Male,1984-02-23,New Angelafort,Colorado,India,7333807707,guyvelasquez@example.com,INS101514,2025-03-18,2026-06-17
1516,Allen Cox,Female,1953-07-27,Lauraview,Kansas,India,0518128419,lwhitaker@example.com,INS101515,2023-11-01,2026-07-07
1517,Robert Jimenez,Female,1990-06-20,West Danielview,Washington,India,4533881764,uchen@example.net,INS101516,2025-05-08,2025-12-13
1518,Briana Hunter,Female,1962-08-13,Port Elizabeth,Minnesota,India,2052544793,mstewart@example.com,INS101517,2024-04-10,2026-09-02
1519,James Adams,Male,1939-04-23,Hoganfurt,Washington,India,3545631565,travis57@example.net,INS101518,2024-07-03,2025-10-31
1520,Michelle Mejia,Female,1947-07-19,South Kathleen,New York,India,5867892954,michael25@example.com,INS101519,2025-06-27,2026-06-17
1521,Barbara Edwards,Female,1986-10-25,Hillshire,Arizona,India,7391336205,andradekimberly@example.net,INS101520,2024-10-26,2026-03-04
1522,Nicholas Ramos,Male,1981-11-26,Millershire,California,India,6785447163,lrobinson@example.com,INS101521,2024-08-21,2026-01-06
1523,Jacqueline Zimmerman,Male,1952-09-11,Johnsonchester,Nebraska,India,9216870651,woodjessica@example.com,INS101522,2025-09-10,2026-09-13
1524,Robert Wagner,Female,1940-02-16,North Valerieburgh,Pennsylvania,India,6038516302,william18@example.net,INS101523,2024-05-22,2025-11-24
1525,Victoria Wilson,Female,1941-01-14,Lindseyview,Idaho,India,8706629369,bellrobert@example.com,INS101524,2024-07-02,2026-09-08
1526,Rebekah Hill,Male,1964-08-07,Christopherborough,Oregon,India,9017732057,anna34@example.net,INS101525,2024-09-27,2025-10-29
1527,Jason Wright,Male,1991-05-31,East Ashleyview,New Hampshire,India,9535799094,christinacrawford@example.com,INS101526,2025-07-28,2026-04-24
1528,Julie Todd,Male,1954-03-31,Newmanbury,Iowa,India,4326572081,dcaldwell@example.org,INS101527,2024-08-18,2026-06-09
1529,Justin Logan,Female,1979-07-11,Lake Amyshire,Florida,India,6399476705,dawn76@example.net,INS101528,2024-04-27,2026-01-23
1530,Raymond Hancock,Male,1977-02-28,Charlesside,Vermont,India,6516971291,aharris@example.org,INS101529,2025-03-18,2026-05-21
1531,Melinda Warren,Male,1961-11-05,East Brett,Massachusetts,India,1159735215,normankimberly@example.org,INS101530,2024-01-12,2026-05-19
1532,Helen Nelson,Male,1959-12-04,South Thomas,Utah,India,9106222607,yjames@example.net,INS101531,2025-04-25,2026-09-21
1533,Sheri Hensley,Female,1972-10-05,Richstad,Delaware,India,4191110745,peggylowe@example.com,INS101532,2023-10-20,2026-08-08
1534,Rachel Smith,Male,1980-02-09,Joshualand,Illinois,India,1292437958,charles78@example.org,INS101533,2024-10-31,2026-02-04
1535,Jacob Browning,Male,2008-02-13,Hansenchester,Vermont,India,4893372426,daniel48@example.org,INS101534,2024-06-01,2026-08-17
1536,Stacey Moody,Male,1966-04-04,Jenniferstad,Indiana,India,0811473499,olong@example.com,INS101535,2025-04-20,2026-02-06
1537,Maria Howard,Male,2006-11-01,Lake Cynthiaburgh,Mississippi,India,2361623155,bryantjacob@example.org,INS101536,2025-03-11,2026-03-27
1538,Kayla Johnson,Male,1974-03-06,Kristinchester,Louisiana,India,2579115247,carol01@example.org,INS101537,2025-07-24,2026-09-21
1539,Timothy Wang,Female,1982-07-07,Port Victoriafurt,Rhode Island,India,2786647366,michael22@example.org,INS101538,2025-01-08,2026-02-05
1540,Chad Garcia,Female,1991-02-28,Philipland,Maryland,India,6484426453,patrickriley@example.com,INS101539,2024-01-23,2026-04-04
1541,Alexandra Adkins,Female,1951-05-18,Derrickfurt,Rhode Island,India,7586489662,fwest@example.com,INS101540,2025-03-23,2026-04-01
1542,Timothy Martinez,Male,1995-02-06,Stephenland,Maryland,India,6083522146,john65@example.com,INS101541,2024-09-14,2026-05-07
1543,Andrew Jones,Female,1974-07-04,West Anthony,Louisiana,India,9478586874,raystevens@example.net,INS101542,2025-03-06,2026-06-15
1544,Dr. Samantha Brown,Female,1937-08-27,West Kyle,Nebraska,India,1814381673,wlam@example.net,INS101543,2023-11-27,2026-01-08
1545,Diane Eaton,Female,1976-10-23,East Melissa,Delaware,India,7498400214,kevin22@example.com,INS101544,2024-05-28,2026-06-12
1546,Michael Jackson,Male,2000-11-19,Smithmouth,Pennsylvania,India,9125750731,olivingston@example.org,INS101545,2024-10-07,2026-06-29
1547,Wanda Holloway,Male,1937-10-02,Sherrybury,Connecticut,India,5841319186,aprilgriffin@example.org,INS101546,2023-11-30,2026-06-17
1548,Brandon Carey,Female,1983-02-24,Lamborough,Minnesota,India,3706990155,thomasalan@example.org,INS101547,2023-11-03,2026-09-11
1549,Lisa Smith,Female,1941-11-02,Sanchezside,Alaska,India,2071552846,shelly67@example.net,INS101548,2024-03-10,2026-05-17
1550,Brent Jordan,Male,1986-10-20,Weeksview,Indiana,India,5560928282,arielhernandez@example.com,INS101549,2024-01-26,2026-08-05
1551,Amanda Stone,Male,1988-07-06,Amystad,Idaho,India,6697635826,wlynn@example.com,INS101550,2023-11-23,2026-07-10
1552,Melissa Smith,Female,1944-08-14,West Erin,Tennessee,India,0848312084,jameskim@example.net,INS101551,2024-08-12,2026-09-11
1553,Lauren Baker,Male,2005-05-23,Port Victoria,Mississippi,India,0366419888,kelsey40@example.org,INS101552,2024-09-08,2025-10-07
1554,Andre Patterson,Female,1978-01-27,Lake Lauraport,Kansas,India,5823561510,stephenthompson@example.org,INS101553,2025-08-28,2026-06-27
1555,Jose Franco,Male,1978-09-10,Alvarezstad,Kentucky,India,7560053947,ginalarsen@example.org,INS101554,2024-08-03,2026-08-01
1556,Mason Lucas DDS,Female,1949-05-05,Kochville,Mississippi,India,8819411649,anne79@example.org,INS101555,2025-01-21,2026-09-22
1557,Michael Phillips,Female,1971-05-27,East Johnnyberg,Colorado,India,8761340379,woodmaria@example.net,INS101556,2024-05-02,2026-09-14
1558,Sarah Velez,Male,1939-04-11,West Carl,South Carolina,India,6131601659,gutierrezricky@example.org,INS101557,2025-09-22,2026-05-06
1559,Jessica Lucas,Female,1989-06-08,Doylemouth,Washington,India,7301893141,juliamartin@example.com,INS101558,2023-12-01,2026-09-12
1560,Philip Robinson,Female,1964-01-04,New Timothy,Hawaii,India,9633296940,charles84@example.com,INS101559,2025-04-28,2025-10-03
1561,Dennis Patterson,Female,1958-05-08,Lake Rebecca,Missouri,India,8286208968,zimmermanrobert@example.org,INS101560,2025-09-13,2025-10-09
1562,Sandra Jones,Male,1936-12-20,Raymondport,Texas,India,1163677298,cooleyrobert@example.com,INS101561,2024-02-27,2026-09-01
1563,Amber Lawson,Male,1980-10-03,Washingtonland,Arizona,India,0109653554,richard78@example.org,INS101562,2023-12-09,2026-02-04
1564,Carrie Welch MD,Male,1949-03-19,Kathleenfurt,Montana,India,9332578430,pparker@example.org,INS101563,2024-09-13,2025-11-09
1565,Amanda Carpenter,Female,1985-01-29,Port Phyllis,South Dakota,India,6388277686,samanthahenderson@example.net,INS101564,2025-07-24,2026-01-01
1566,Dawn Atkinson,Male,1983-09-26,Jenniferton,North Carolina,India,7313967599,ldavis@example.org,INS101565,2024-06-26,2025-10-11
1567,Melanie Russell,Female,1950-08-24,Brewerberg,Kentucky,India,6858678393,wgonzalez@example.org,INS101566,2024-12-24,2026-01-29
1568,Natasha Adams,Female,1949-09-30,Andersonfurt,Maine,India,4861467421,wsnyder@example.org,INS101567,2025-07-07,2026-08-18
1569,Albert White,Male,1951-08-24,Christopherhaven,Kentucky,India,1278154179,bsimmons@example.net,INS101568,2024-07-08,2026-04-11
1570,Stuart Lewis,Male,1971-08-20,Williamstad,Virginia,India,3192539186,benjamin01@example.com,INS101569,2023-12-24,2026-05-15
1571,Alyssa Schultz,Female,1960-07-14,Gilmoreshire,New Jersey,India,2547882584,gardnermark@example.net,INS101570,2023-10-19,2026-03-08
1572,Christopher Johnson,Female,1983-05-15,Wellschester,Pennsylvania,India,3793034067,david01@example.net,INS101571,2024-06-27,2026-05-13
1573,Carol Hatfield,Male,1939-02-03,Foxfort,Michigan,India,2709157498,kevinmosley@example.net,INS101572,2025-01-12,2026-03-07
1574,Tim Davenport,Male,1992-05-15,West Michelleland,Idaho,India,7875509759,debraallen@example.net,INS101573,2025-04-20,2026-07-15
1575,Thomas Li,Male,1947-02-06,Campbellborough,Alabama,India,8686924097,ashleycarter@example.org,INS101574,2024-06-21,2026-02-17
1576,Keith Miller,Female,1942-09-17,New Omar,New Jersey,India,5836958222,deborah45@example.org,INS101575,2024-05-23,2026-05-29
1577,Vanessa Allen,Female,1972-08-12,Snydershire,Illinois,India,2359800911,scottmendoza@example.com,INS101576,2024-05-30,2026-04-23
1578,Joel Foster,Female,1983-03-19,Stevenshire,Arkansas,India,2187951619,suttonbarbara@example.org,INS101577,2024-02-14,2025-10-05
1579,Judy Patterson,Female,1980-01-15,New Davidville,Mississippi,India,4230531106,shermanheather@example.org,INS101578,2025-01-11,2026-05-31
1580,Christopher Solis,Female,1996-07-05,South Thomas,Montana,India,6846299709,kking@example.com,INS101579,2024-02-25,2026-04-16
1581,Ashley Kramer,Male,1970-03-06,West Stephanie,South Dakota,India,1311755768,mrobinson@example.org,INS101580,2024-06-04,2025-12-10
1582,Connor Huang,Male,1950-05-05,Jeremyside,Iowa,India,4160701480,oconnellthomas@example.org,INS101581,2025-07-16,2026-03-13
1583,Jordan Zavala,Female,1968-12-02,Michelleland,Florida,India,6501934195,christine96@example.com,INS101582,2025-04-04,2026-03-24
1584,Jennifer Owens MD,Female,1974-09-23,Jaredstad,Texas,India,5060733135,lori62@example.com,INS101583,2024-09-08,2025-11-12
1585,Amy Andersen,Male,1975-09-17,Tuckerside,Idaho,India,1505964854,ann76@example.org,INS101584,2025-03-26,2026-06-05
1586,Logan Bates,Male,1988-12-10,Lake Jacob,Idaho,India,2448597450,qsanchez@example.com,INS101585,2024-07-07,2026-06-16
1587,Tammie Cruz,Male,1972-02-19,Ericastad,Ohio,India,1887429624,catherinemoore@example.org,INS101586,2025-02-10,2026-04-24
1588,Angela Aguilar,Male,1947-08-02,Mckinneyfort,Arizona,India,7658811770,smiller@example.net,INS101587,2025-05-18,2025-10-23
1589,Kristina Ellis,Female,1943-01-31,East Jesus,Alabama,India,7642523081,sarahhuber@example.net,INS101588,2024-06-06,2026-01-29
1590,Jason Chambers,Male,1952-12-01,South Tinaberg,North Carolina,India,0895554460,thomassmith@example.com,INS101589,2024-06-08,2026-04-20
1591,Holly Thomas,Female,1994-08-21,Paulview,Florida,India,8089423812,sheppardanthony@example.net,INS101590,2023-12-17,2025-10-06
1592,Tiffany Moore,Male,1969-05-31,Christopherside,West Virginia,India,8644933351,delgadojohn@example.org,INS101591,2023-11-02,2026-06-10
1593,Felicia Martin,Male,1966-02-24,Hoganton,Nebraska,India,9274547499,cperez@example.com,INS101592,2024-05-11,2025-11-24
1594,Ashley Tucker,Male,1985-07-12,Matthewston,Minnesota,India,0723623552,erik71@example.com,INS101593,2025-07-05,2026-05-18
1595,Bruce Watts,Female,1971-06-19,Armstrongport,North Carolina,India,6506742276,tatedanielle@example.org,INS101594,2024-03-04,2026-03-04
1596,Brian Martin,Female,1942-07-17,Davidland,New York,India,6887624039,robersonjamie@example.com,INS101595,2024-04-13,2026-04-08
1597,Sherry Davis,Male,1976-01-08,Andrewtown,Oregon,India,8700777739,uwaters@example.com,INS101596,2025-05-03,2025-11-25
1598,Caitlin Patel,Female,1995-12-15,Madisonberg,Wisconsin,India,8109314931,manderson@example.org,INS101597,2024-01-10,2025-10-05
1599,Maria Coleman,Female,1998-01-14,Port Stevenchester,Vermont,India,2088609699,rflores@example.org,INS101598,2024-11-18,2026-02-09
1600,Walter Tucker,Male,1974-03-06,Johnsonmouth,California,India,2468388145,groberts@example.com,INS101599,2024-07-15,2026-01-06
1601,Steven Carr,Male,1973-08-02,North Emily,Colorado,India,0779462898,tuckerpaula@example.net,INS101600,2025-06-13,2026-06-23
1602,Kevin Larsen,Female,1978-12-13,Port Rebecca,Ohio,India,4211780551,teresa03@example.net,INS101601,2025-09-22,2026-05-01
1603,Gabriel Higgins,Female,1955-05-05,Richardfurt,Oklahoma,India,6952337806,jeaton@example.org,INS101602,2023-10-15,2025-12-28
1604,Brittany Lewis,Female,1989-07-30,North Chloeshire,Ohio,India,8731750622,johnsonhenry@example.org,INS101603,2024-09-28,2026-03-03
1605,Cynthia Austin,Male,1995-10-28,Fishertown,Georgia,India,8738124472,arthur47@example.com,INS101604,2024-01-31,2026-06-15
1606,Cassandra Murphy,Male,1947-02-18,Port Adrianburgh,Idaho,India,5418114969,johnwalsh@example.org,INS101605,2024-11-26,2026-03-10
1607,Allison Coleman,Female,1957-07-08,New Courtneyfort,Georgia,India,3188590281,michaeljones@example.org,INS101606,2024-08-02,2026-06-19
1608,Cheryl Mueller,Male,1975-03-26,Amytown,New Mexico,India,4683170006,moorechristopher@example.com,INS101607,2025-06-17,2026-03-10
1609,Joseph Williams,Male,1984-06-03,South Nicoleton,Alabama,India,6825218308,grahamjames@example.org,INS101608,2025-05-16,2026-03-04
1610,Samuel Villegas,Female,1968-05-10,West Ericaview,Missouri,India,6301819945,dhays@example.com,INS101609,2024-11-16,2026-02-10
1611,Thomas Oliver,Female,1994-05-23,New Jamieland,Ohio,India,1944122691,yorkelizabeth@example.net,INS101610,2024-06-24,2025-12-25
1612,Julia Hunt,Male,1970-03-10,Heathmouth,New Hampshire,India,0399356009,ryaneric@example.org,INS101611,2025-07-16,2026-03-05
1613,Wendy Perez,Male,1963-06-02,New Morganmouth,Vermont,India,3279536483,jacobgross@example.org,INS101612,2023-10-10,2026-03-18
1614,Donald Schultz,Female,1946-06-22,West Jacob,New York,India,6848117330,williamslarry@example.org,INS101613,2025-07-29,2026-08-14
1615,Wendy Miller,Male,1962-07-04,North Garyton,Kansas,India,7130492843,coleemily@example.com,INS101614,2024-08-10,2025-10-09
1616,Megan Drake,Male,1981-06-29,Moraleshaven,Michigan,India,7052329411,krystalsolis@example.org,INS101615,2025-08-10,2025-11-10
1617,Andre Pollard,Female,1993-11-12,East Jessicastad,Kansas,India,6069970118,ashleymcmahon@example.net,INS101616,2024-11-26,2026-05-19
1618,Daniel Harrison,Female,1993-08-26,Parksport,Connecticut,India,1118353758,haleypeterson@example.net,INS101617,2024-04-16,2025-11-16
1619,Kathleen Marshall,Male,2000-12-21,Antoniomouth,Oklahoma,India,9216157530,deanbailey@example.org,INS101618,2024-05-03,2026-09-05
1620,Jonathan Taylor,Male,1945-06-17,Jenniferfurt,Ohio,India,4975794885,bryanterry@example.com,INS101619,2025-05-30,2025-10-05
1621,Robin Foster,Male,1944-06-18,Nathanside,Vermont,India,4803442927,wayneherrera@example.net,INS101620,2025-07-14,2026-09-24
1622,Alejandra Hamilton,Female,1981-07-06,Morganstad,Colorado,India,3339999206,nellis@example.net,INS101621,2025-04-25,2025-11-18
1623,Lindsey French,Male,1941-02-15,Port Peter,Nevada,India,6369224353,davisjanet@example.com,INS101622,2025-08-27,2026-08-30
1624,Paul Miller,Male,1977-12-30,South Jonathanport,California,India,2551345637,alisharobinson@example.com,INS101623,2025-05-07,2026-01-25
1625,Sean Johnson,Female,1960-05-05,Hollyfort,Missouri,India,3961739167,jerry26@example.net,INS101624,2024-08-26,2026-01-22
1626,Robert Valdez,Female,2007-10-21,South Jessica,Wyoming,India,7827434333,david76@example.org,INS101625,2023-11-22,2025-12-04
1627,Dr. Taylor Coleman,Male,1981-05-08,Port Judithton,Massachusetts,India,1294740301,amanda43@example.org,INS101626,2023-11-15,2026-01-12
1628,Wendy Palmer,Female,1958-08-02,Lake Michele,Kentucky,India,7570038632,andersonkrystal@example.net,INS101627,2025-03-09,2026-02-26
1629,Alexandra Molina,Female,2005-11-14,Bowenmouth,Missouri,India,3506057759,amyroberts@example.net,INS101628,2024-09-26,2026-09-24
1630,Jacob Massey,Male,1965-02-22,Caitlynmouth,Tennessee,India,1877238925,ghall@example.net,INS101629,2025-07-14,2026-03-17
1631,Michael Harris,Female,2004-10-07,Tracyberg,California,India,9307568772,kellyjill@example.com,INS101630,2025-05-11,2026-08-24
1632,Kara White,Female,1984-08-08,Theresafurt,Michigan,India,6814444181,delgadokatrina@example.net,INS101631,2024-12-05,2026-01-24
1633,Aaron Wolfe,Male,1937-08-30,Johnsonhaven,Kansas,India,8126812844,patrick41@example.net,INS101632,2025-04-17,2026-03-28
1634,Christopher Houston,Female,1975-09-30,Williamstown,West Virginia,India,8399755538,munozleslie@example.net,INS101633,2024-07-20,2026-04-08
1635,Angela Fowler,Male,1968-12-05,West Timothy,New Hampshire,India,1162774214,christophercunningham@example.org,INS101634,2023-11-21,2025-10-11
1636,Sharon Williams,Male,1997-03-10,Collinsfort,Connecticut,India,1683017718,porterdamon@example.net,INS101635,2024-04-01,2026-06-22
1637,Shari Duncan,Female,1945-03-18,Juanville,North Dakota,India,0678205305,smithmaria@example.net,INS101636,2024-09-10,2025-10-07
1638,Michael Butler,Female,1961-05-10,North Jay,Delaware,India,7816964807,jaimeanderson@example.net,INS101637,2023-12-19,2025-10-24
1639,Elizabeth Ward,Female,1950-03-14,North Calvinchester,Oklahoma,India,1057645269,philip84@example.org,INS101638,2025-08-23,2026-05-24
1640,Timothy Moore,Male,2005-06-16,New Richardfort,Indiana,India,5446910793,vhunter@example.com,INS101639,2025-06-16,2026-09-18
1641,Donald Perez,Female,1944-07-18,Katherineview,Maryland,India,8274237697,krausejonathan@example.com,INS101640,2025-05-24,2026-04-23
1642,Denise Powell,Male,1990-01-09,Priceport,Iowa,India,4270898944,benjamin83@example.org,INS101641,2025-07-22,2026-02-19
1643,Jennifer Barajas,Female,1954-05-11,New Annaburgh,Connecticut,India,3398749242,umorgan@example.com,INS101642,2025-09-19,2026-01-27
1644,Brian Ramos,Female,2005-07-02,East Charlesborough,North Dakota,India,0669467330,pmontoya@example.org,INS101643,2024-01-18,2026-02-20
1645,Tamara Alexander,Female,1980-06-10,West Paulfurt,Louisiana,India,0397302800,ryan66@example.org,INS101644,2025-05-26,2025-11-25
1646,Michael Barrett,Male,1970-05-11,Watsonton,Kentucky,India,6746781239,ischmidt@example.com,INS101645,2023-10-10,2025-11-15
1647,Melanie Fuller,Female,1977-06-25,Katherinechester,Alabama,India,0774485146,lhumphrey@example.net,INS101646,2024-10-13,2026-02-07
1648,Edwin Fisher,Female,1965-03-02,South Lesliemouth,Virginia,India,6582343322,crystal52@example.com,INS101647,2024-02-22,2026-04-18
1649,Michael Choi,Male,1959-01-08,Port Amy,South Dakota,India,3290970486,michaelhernandez@example.net,INS101648,2025-03-02,2026-02-09
1650,Dylan Gonzales,Male,1992-02-09,North Marvin,South Dakota,India,6784600218,christina03@example.com,INS101649,2025-04-30,2026-05-03
1651,Bethany Lee,Female,1974-04-19,East Elizabeth,Washington,India,0742884856,stoneanthony@example.org,INS101650,2025-08-28,2025-11-08
1652,Shannon Gay,Female,1974-09-18,Lake Johaven,Florida,India,0842746551,zavalajustin@example.net,INS101651,2025-02-07,2026-04-01
1653,Jesus Novak,Female,2005-06-29,Port Robert,Iowa,India,3224100173,marywilson@example.org,INS101652,2024-09-06,2026-01-20
1654,Todd Vang,Male,1961-01-15,Lake Joseph,Hawaii,India,7448479946,lindseyjones@example.org,INS101653,2024-08-22,2026-02-09
1655,Erica Ward,Male,1983-05-04,North Katherine,Washington,India,6205464940,lmoore@example.org,INS101654,2024-02-08,2025-12-08
1656,Nicholas Vincent,Male,1959-05-08,Tracybury,New Mexico,India,3593508408,smithmark@example.org,INS101655,2024-02-12,2026-09-25
1657,Jesse Park,Male,1978-10-12,Johnbury,New Jersey,India,1061583944,jacksonbeth@example.org,INS101656,2024-01-12,2026-09-21
1658,Kristen Fletcher,Female,1945-07-28,New Adamview,South Carolina,India,0682819576,cacevedo@example.net,INS101657,2025-07-08,2026-07-09
1659,Susan Johnson,Male,1968-08-29,Port Taramouth,Arkansas,India,2308060495,jmiller@example.net,INS101658,2024-12-06,2026-07-15
1660,William Weber,Male,1965-12-09,Loriside,Oregon,India,8429114746,rubenherring@example.net,INS101659,2025-07-01,2025-10-27
1661,Holly Edwards,Male,1978-05-27,Rodriguezshire,New York,India,8722635596,zhahn@example.net,INS101660,2024-05-11,2026-08-25
1662,Jason Williams,Female,1991-07-19,Wagnertown,Mississippi,India,8820445392,cassie98@example.com,INS101661,2024-08-21,2026-08-17
1663,Joshua Morris,Female,1979-01-10,Jessicaside,Nevada,India,5003258959,moorecheryl@example.net,INS101662,2025-05-30,2026-05-07
1664,Maria Diaz,Male,1986-11-10,Miguelhaven,South Dakota,India,6278532580,harrisonheather@example.org,INS101663,2024-07-11,2026-02-16
1665,Briana Murphy,Male,1973-07-27,Virginiafurt,New Mexico,India,1128262871,uwhite@example.org,INS101664,2025-09-20,2026-06-14
1666,Erin Griffith,Female,1955-02-06,New Kylestad,North Dakota,India,9787099982,monicasanchez@example.com,INS101665,2023-11-08,2026-02-05
1667,Anna Robinson,Female,1999-08-05,Bellchester,Missouri,India,4960630452,douglasholden@example.org,INS101666,2025-09-23,2026-03-24
1668,John Banks,Female,1969-08-15,South Charlestown,New Mexico,India,2007677234,adamjohnson@example.net,INS101667,2025-01-29,2026-04-18
1669,Jonathan Lee,Female,1969-11-17,Jeremyside,Florida,India,5828350676,leblanctimothy@example.com,INS101668,2023-10-31,2025-10-30
1670,Leah Ross,Female,1963-07-18,New Michellefurt,Missouri,India,0277629461,floreskimberly@example.net,INS101669,2023-10-21,2026-06-19
1671,Jacqueline Curry,Female,1993-01-11,Gregoryside,Vermont,India,3547703607,juanshaw@example.net,INS101670,2025-08-04,2026-03-29
1672,Erin David,Female,1962-10-31,Parkermouth,Washington,India,4914244102,anna05@example.com,INS101671,2023-10-18,2026-01-08
1673,Clinton Moore,Female,1996-03-07,New Tylerborough,Oregon,India,1569482827,annesmith@example.net,INS101672,2024-05-14,2025-12-08
1674,Robert Navarro,Male,1948-02-23,Lake Kaylee,Texas,India,6124608720,kthomas@example.com,INS101673,2025-08-01,2025-10-29
1675,Riley Harvey,Male,1953-11-26,Lake Linda,Oregon,India,9078324574,lorifinley@example.com,INS101674,2025-07-13,2026-06-14
1676,Penny Doyle,Male,1999-11-02,Port John,Florida,India,7143149131,angelicacurtis@example.org,INS101675,2025-05-27,2026-06-03
1677,Jill Edwards,Male,1974-03-07,Port Cynthiastad,Kentucky,India,6278968121,timothythomas@example.org,INS101676,2025-07-18,2026-02-08
1678,Regina Olson,Male,1992-10-16,Smithbury,South Carolina,India,3168596701,eugenewalker@example.org,INS101677,2025-02-10,2026-09-08
1679,Becky Wade,Male,1977-11-09,West Rhonda,Washington,India,1980515748,mcdonaldsue@example.net,INS101678,2024-11-08,2026-06-14
1680,Mrs. Meghan Villarreal,Female,1980-11-08,New Scott,Indiana,India,4563952097,murrayjoanne@example.net,INS101679,2025-07-31,2026-05-02
1681,Lisa Maxwell,Female,1986-08-20,East Susan,Tennessee,India,2783563222,vanessacampbell@example.com,INS101680,2024-09-14,2026-04-24
1682,Christine Wang,Male,1945-07-15,Lake Deanna,Mississippi,India,0912815924,tparker@example.org,INS101681,2024-05-23,2026-09-26
1683,Denise Yates,Male,1960-05-09,South Michaelborough,New Hampshire,India,5727243153,stephen96@example.org,INS101682,2025-08-25,2026-04-27
1684,Mandy Taylor DVM,Female,1942-05-02,Andersonberg,Indiana,India,2777277878,jenniferwhite@example.net,INS101683,2025-03-11,2026-04-27
1685,Claire Wallace,Female,1936-02-28,North Tanya,Missouri,India,8891346314,pleblanc@example.com,INS101684,2024-01-04,2025-11-06
1686,Cynthia Cameron,Female,1936-03-24,Port Shannonton,Hawaii,India,2709702195,joshuabrown@example.com,INS101685,2024-06-14,2025-10-03
1687,Felicia Williams,Male,1988-12-30,Timothyberg,Montana,India,3062100279,langmark@example.net,INS101686,2023-12-09,2025-12-02
1688,Charles Spencer,Female,1942-05-24,Summerport,California,India,4156251439,charleswarren@example.org,INS101687,2025-02-05,2026-06-06
1689,Raven Duncan,Male,1993-05-26,East Phillip,North Carolina,India,8634313087,fraziermichelle@example.net,INS101688,2024-01-27,2026-07-26
1690,Daniel Johnson,Male,1956-12-19,Russellland,Idaho,India,6181883782,timothy51@example.org,INS101689,2025-06-22,2026-04-02
1691,Michelle Powell,Female,1964-08-02,Port Logan,Wyoming,India,2596110304,scott35@example.com,INS101690,2024-05-16,2026-09-15
1692,Molly Hooper,Female,2000-05-19,East Amber,Georgia,India,3224658356,tiffany07@example.org,INS101691,2024-11-05,2025-12-30
1693,Joanne Lopez,Male,2008-07-10,Grantstad,Utah,India,1464127306,regina58@example.net,INS101692,2025-04-25,2026-04-07
1694,Jasmin Torres,Female,1965-07-10,Jamesmouth,Delaware,India,0433158306,joshua16@example.org,INS101693,2024-09-20,2026-08-19
1695,George Yu,Female,1994-03-13,Lake Christopher,Washington,India,3114157402,brian67@example.com,INS101694,2024-06-15,2025-10-20
1696,Joel Harris,Male,1972-07-27,North Carolstad,Wyoming,India,9474203498,timothygibson@example.net,INS101695,2025-08-16,2026-09-30
1697,Nathaniel Baird,Female,1949-04-03,West Linda,New Mexico,India,3612023891,terriwilliams@example.net,INS101696,2024-10-15,2026-03-29
1698,Scott Alexander,Male,2002-03-24,East Karenstad,Montana,India,8057727812,matthewherrera@example.net,INS101697,2024-08-04,2025-12-10
1699,Jacqueline Smith,Male,1941-01-14,South Cynthiaside,New Mexico,India,9678601851,bellamanda@example.org,INS101698,2025-05-27,2026-06-07
1700,Angela Peterson,Female,1981-10-14,Wardtown,Hawaii,India,4419521654,meghan44@example.net,INS101699,2023-12-11,2025-10-28
1701,Christina Cox,Male,1981-02-13,Lake Patrickborough,Alaska,India,5400412646,rsosa@example.com,INS101700,2025-05-14,2025-11-19
1702,Dr. Kendra Barry,Male,2006-12-22,Teresashire,Arizona,India,2500794145,kingcynthia@example.net,INS101701,2025-07-21,2025-10-29
1703,Traci Walker,Female,2008-05-04,Meghanberg,New York,India,0264486389,hullshelly@example.org,INS101702,2024-08-15,2026-01-15
1704,Charles Pace,Female,1935-12-25,East Jessicaberg,Colorado,India,3602828319,amandaadams@example.org,INS101703,2024-01-27,2026-05-16
1705,James Young II,Female,1939-10-02,Toddville,Florida,India,6826464709,scastillo@example.com,INS101704,2024-08-25,2026-05-31
1706,Gloria Perez,Male,1971-10-23,Stevenshire,Missouri,India,5312764987,fhurst@example.com,INS101705,2024-05-23,2025-11-06
1707,William Russell,Male,1978-11-01,Port Valerieport,North Dakota,India,9574375178,kayla38@example.org,INS101706,2024-08-10,2026-02-13
1708,Jessica Santiago,Female,2002-04-24,South Keithburgh,New Jersey,India,2096218178,christopherwolfe@example.com,INS101707,2024-01-11,2026-04-01
1709,Karen Wilson,Male,2002-09-30,Sheilatown,Delaware,India,8796178673,aguirrechristopher@example.org,INS101708,2023-11-08,2026-09-24
1710,Adam Robinson,Female,1969-06-27,North Kathrynport,Wisconsin,India,3788511924,veronicahamilton@example.org,INS101709,2024-09-12,2026-09-09
1711,Barbara Collins,Female,1944-12-16,New Timothyville,West Virginia,India,1895015242,melaniehoward@example.org,INS101710,2025-01-01,2026-02-26
1712,Jessica Steele,Male,1988-04-24,Williamston,Nevada,India,3839049962,obrown@example.com,INS101711,2024-06-09,2025-12-19
1713,William Thomas,Female,1978-09-11,Lake Danielchester,South Dakota,India,9455781082,emoore@example.net,INS101712,2024-07-19,2025-11-16
1714,Michael Keith,Male,1961-01-14,Garrettland,Vermont,India,5309395213,annjones@example.net,INS101713,2025-02-22,2026-01-22
1715,Eric Frederick,Male,1948-01-24,Holmeschester,Maryland,India,9285686369,scottchelsea@example.com,INS101714,2025-05-03,2026-09-06
1716,Sarah Johnson,Female,1947-06-01,Davidshire,Kansas,India,5969422208,iwilson@example.net,INS101715,2024-05-23,2025-10-16
1717,Robert Davila,Male,1957-07-01,Christopherton,Missouri,India,9456783524,rfigueroa@example.org,INS101716,2025-05-15,2026-07-24
1718,Chad Douglas,Female,1966-01-09,Charlesmouth,Vermont,India,6260597631,amygrant@example.net,INS101717,2025-09-08,2025-12-23
1719,Brittany Gallagher,Male,1996-03-01,Grayborough,Hawaii,India,9916069551,gonzalezian@example.net,INS101718,2025-09-18,2026-06-24
1720,Maria Freeman,Male,1991-11-07,New Chadborough,Iowa,India,2341067834,heatherhernandez@example.com,INS101719,2023-12-08,2025-12-21
1721,Christopher Abbott,Male,1970-06-19,Matthewville,Idaho,India,0880558869,christian33@example.net,INS101720,2024-12-09,2026-06-04
1722,Barbara Reed,Female,1943-02-22,Kellymouth,Hawaii,India,2395718863,arivera@example.org,INS101721,2025-01-21,2026-05-26
1723,Colleen Johnson,Male,1987-03-26,Russellshire,Arkansas,India,5951133662,jamielewis@example.org,INS101722,2025-03-04,2026-02-11
1724,Kathryn Christensen,Female,1999-08-01,Parsonsburgh,Vermont,India,2862448309,perryariel@example.org,INS101723,2025-08-24,2026-05-31
1725,Gloria Carlson,Male,2002-01-18,New Jamesborough,Delaware,India,4503570926,terryfrank@example.org,INS101724,2025-05-28,2025-11-22
1726,Jaclyn Cook,Male,1940-08-23,Lisafort,Ohio,India,8935073881,thompsonamy@example.net,INS101725,2025-07-19,2025-11-20
1727,Julian Johns,Female,1989-09-06,East Brandon,Alaska,India,4742663899,brandimorris@example.org,INS101726,2024-02-09,2026-08-20
1728,Kelly Hernandez,Female,1995-05-23,New Chelsealand,South Dakota,India,2415435444,rochaalicia@example.net,INS101727,2024-02-25,2026-02-13
1729,Michele Baker,Female,1967-05-08,Ellenmouth,Rhode Island,India,4531616680,samanthathomas@example.net,INS101728,2023-11-25,2026-08-27
1730,Elizabeth Bailey,Female,2002-11-24,Michaelberg,Rhode Island,India,1460207642,grayadrian@example.com,INS101729,2024-12-01,2026-03-25
1731,Joseph Hurst,Female,1960-01-12,Jimmyport,Montana,India,0665408942,syoung@example.com,INS101730,2025-08-28,2026-08-28
1732,Lisa Jackson,Male,2002-01-18,East Rodneytown,Florida,India,8291602233,morgan21@example.org,INS101731,2024-11-07,2026-01-14
1733,Donald White,Male,1962-01-25,Jonathanshire,Oregon,India,6751271197,mcfarlandchristine@example.com,INS101732,2024-01-19,2025-12-07
1734,Shannon Hall,Female,1956-11-01,Jordanfurt,Wisconsin,India,7304741562,markjones@example.org,INS101733,2025-04-08,2026-03-02
1735,Rachel Robinson,Male,1990-11-28,Kristashire,Michigan,India,1201737652,ljuarez@example.org,INS101734,2025-09-24,2026-03-16
1736,Sergio Burns,Male,1979-06-02,Mitchellmouth,West Virginia,India,1534206182,alexisstokes@example.org,INS101735,2024-07-04,2026-04-02
1737,Scott Clark,Male,1946-06-25,New Jonathan,Louisiana,India,9021208290,jessica26@example.net,INS101736,2024-01-17,2026-04-05
1738,Karen Gilmore,Female,1979-05-21,South Daniel,Massachusetts,India,7687640692,michael04@example.net,INS101737,2024-01-06,2026-06-05
1739,James Patel,Male,1980-04-21,Robertberg,Kentucky,India,2071914234,jenniferdoyle@example.com,INS101738,2025-03-01,2026-03-22
1740,Faith Griffin,Male,1964-09-13,Brittneyport,Massachusetts,India,3626824461,jamesdorsey@example.org,INS101739,2024-10-21,2026-06-14
1741,Stephanie Williams,Male,1974-02-28,Josehaven,Mississippi,India,1682090950,bobbyalvarez@example.org,INS101740,2025-02-24,2025-12-14
1742,Mary Christensen,Female,1937-03-29,Cherylhaven,Washington,India,8804243240,bassdillon@example.org,INS101741,2025-02-07,2025-11-20
1743,Robert Gonzalez,Male,2008-08-27,East Joelhaven,North Dakota,India,8585716726,susanhill@example.com,INS101742,2024-12-22,2026-05-24
1744,Kaylee Medina,Male,2005-12-23,South Charlesfurt,Oklahoma,India,4498528231,donaldsondaniel@example.com,INS101743,2025-08-09,2026-04-22
1745,Glen Wallace,Female,1987-10-13,Mcdonaldborough,Iowa,India,5714249591,baguilar@example.org,INS101744,2025-08-28,2025-12-04
1746,Andrew Carter,Female,1955-02-19,Port Shelbyshire,Kansas,India,5321814968,jacobwright@example.com,INS101745,2023-12-12,2026-09-03
1747,Amber Collier,Male,1992-05-28,South Kristina,Nevada,India,0888208595,bwilliams@example.net,INS101746,2025-06-03,2026-05-23
1748,Jaime Warren,Male,1971-07-07,Ingramhaven,Kentucky,India,9384148271,phawkins@example.org,INS101747,2023-10-23,2026-06-14
1749,Kevin Contreras,Female,2004-02-04,South Heidi,North Carolina,India,1469915478,thomas81@example.net,INS101748,2024-09-30,2026-03-17
1750,Michael Webb,Female,1953-02-26,North Barbaraberg,Wisconsin,India,7159357144,rebeccahurst@example.net,INS101749,2023-10-16,2026-05-30
1751,Brian Watson,Female,1978-08-07,West James,Louisiana,India,7484403651,brian41@example.net,INS101750,2025-02-27,2026-07-19
1752,Kenneth Garza,Female,1984-11-03,Rachaelbury,Georgia,India,5041549227,vgaines@example.org,INS101751,2025-08-24,2026-06-09
1753,Christopher Brown,Female,1964-03-04,Armstrongmouth,South Carolina,India,4217486806,tturner@example.com,INS101752,2025-01-29,2026-02-24
1754,Matthew Kim,Female,1946-03-03,Angelaland,Wisconsin,India,6545293595,rodriguezthomas@example.net,INS101753,2025-05-18,2026-07-10
1755,Katherine Cook,Female,1951-06-11,Richardbury,Mississippi,India,3945172675,mckaymichael@example.org,INS101754,2025-05-07,2026-02-03
1756,Derek Martinez,Male,1965-06-29,Padillaburgh,California,India,6154676488,harrismelissa@example.com,INS101755,2025-05-12,2026-01-12
1757,Scott Russell,Female,1936-09-02,East Jenniferberg,New Jersey,India,4976665691,sullivanteresa@example.com,INS101756,2024-08-04,2025-12-09
1758,Patrick Ford,Female,1977-08-14,Jasonmouth,Louisiana,India,1654745713,gking@example.org,INS101757,2024-01-23,2026-01-21
1759,Tamara Hickman,Male,1947-07-24,Lake Tim,Florida,India,6951535273,kimcrystal@example.net,INS101758,2024-12-14,2026-01-16
1760,James Brown,Female,1985-10-13,East Joshuaport,Virginia,India,3954476604,carpenteramanda@example.org,INS101759,2024-01-28,2026-05-03
1761,Dana Reed,Female,1965-05-03,Lake Brittanyshire,North Carolina,India,8639785204,johnsonlaura@example.net,INS101760,2025-01-11,2026-01-20
1762,Steven Williams,Male,1962-04-05,Port Bryan,Kansas,India,9873344373,christopher24@example.net,INS101761,2024-10-01,2026-07-03
1763,Mark Stewart,Female,1988-09-28,Thompsonburgh,South Carolina,India,9179059686,jessicawong@example.net,INS101762,2024-07-20,2026-09-01
1764,Tabitha Phillips,Male,1962-09-02,Portershire,Montana,India,5067109503,agilmore@example.com,INS101763,2025-01-27,2025-12-15
1765,Jordan Thornton,Male,1989-01-02,Yoderport,Florida,India,0647982472,yolandajackson@example.net,INS101764,2025-07-28,2026-05-16
1766,David Simmons,Male,2003-02-15,Sanchezchester,Texas,India,3759185915,stephen23@example.org,INS101765,2024-10-25,2026-06-02
1767,Steven Brock,Male,1980-06-04,New Tanya,Oklahoma,India,0411499348,wsmith@example.org,INS101766,2024-12-17,2025-11-30
1768,Christina Webster,Female,1984-08-22,Murphyville,Ohio,India,4108115975,kingkaren@example.org,INS101767,2024-10-08,2025-11-10
1769,Joshua Johnson,Male,1975-06-13,Jamesside,Arkansas,India,2585217776,tara96@example.com,INS101768,2025-01-19,2026-07-29
1770,Elizabeth Lopez,Male,1952-09-07,North Julialand,Arkansas,India,4916814256,anthony69@example.com,INS101769,2023-11-13,2026-06-19
1771,Jasmine Armstrong,Female,1997-01-29,Sullivanhaven,Rhode Island,India,9486648908,rachelmorgan@example.org,INS101770,2024-08-17,2026-04-01
1772,Angela Sanchez,Male,1936-11-27,East Darrenfurt,Connecticut,India,6370763580,mayoalexandra@example.org,INS101771,2024-01-20,2026-08-03
1773,Lindsay Bates,Male,1987-07-25,Kennedyville,Maine,India,5441386908,stevenking@example.org,INS101772,2023-11-19,2026-01-10
1774,Lisa Lopez,Male,1996-12-12,Alanview,West Virginia,India,3017311439,jherrera@example.org,INS101773,2024-06-18,2025-11-25
1775,Erin Sullivan,Male,1984-02-24,West Alyssa,Texas,India,2561360058,snyderrobert@example.org,INS101774,2025-05-31,2026-03-28
1776,Danielle Baker,Female,1990-01-23,Matthewberg,Virginia,India,4159553459,robert96@example.com,INS101775,2024-03-26,2026-06-10
1777,Andrew Hicks,Male,1978-02-02,Juanfort,South Carolina,India,0425357909,vcoleman@example.com,INS101776,2024-05-24,2026-08-20
1778,Wendy Butler,Female,1983-11-14,New Amyfurt,Vermont,India,2627891818,ygarcia@example.org,INS101777,2023-11-24,2026-02-07
1779,Kevin Hunter,Female,1969-09-07,East Aaronport,Louisiana,India,4522693346,danielwest@example.com,INS101778,2024-04-10,2025-11-11
1780,Max Hicks,Male,1991-07-27,North Amanda,Alaska,India,8262977832,simpsonwilliam@example.org,INS101779,2024-12-13,2026-06-23
1781,Monica Cantrell,Male,1953-10-04,North Kimberly,Illinois,India,5060406902,benjaminphillips@example.net,INS101780,2025-06-05,2026-09-26
1782,Joshua Cervantes,Male,1941-12-08,Rogerston,Pennsylvania,India,8688813858,allison75@example.net,INS101781,2024-01-23,2026-05-09
1783,John Walker DVM,Male,1949-01-26,Danielside,North Dakota,India,8976277584,mandylee@example.com,INS101782,2025-09-15,2026-04-07
1784,Lindsey Cummings,Female,1960-12-08,Chambersborough,Minnesota,India,7370574732,jennifermccoy@example.net,INS101783,2024-08-28,2025-11-01
1785,Donald Drake,Female,1991-03-26,Wilsonville,Iowa,India,1936895186,fvalenzuela@example.com,INS101784,2024-05-20,2026-01-22
1786,Monica Fisher,Female,2002-09-05,West Rodney,Utah,India,6548262026,stevenguerrero@example.com,INS101785,2024-10-04,2026-04-29
1787,Monica Cobb,Male,1960-06-19,Harriston,Oregon,India,4844778706,campbellcrystal@example.net,INS101786,2025-09-09,2026-02-01
1788,David Williams,Female,1982-10-02,West Steven,Indiana,India,4121140177,mendezjared@example.net,INS101787,2025-02-09,2026-07-24
1789,Kenneth Scott,Male,1952-01-27,West Gracemouth,North Carolina,India,9216419305,hunter32@example.com,INS101788,2025-06-08,2026-02-13
1790,Amy Chan,Male,1943-05-04,Riveraville,Idaho,India,4232604713,yjackson@example.org,INS101789,2024-07-15,2026-07-19
1791,Kelly Rogers,Male,1988-02-24,Stokesside,Delaware,India,5693390312,donnasherman@example.net,INS101790,2023-11-02,2026-03-17
1792,Bradley Wilkerson,Male,1987-12-31,East Victoriastad,Missouri,India,9246818713,scottpaul@example.net,INS101791,2023-11-14,2026-03-17
1793,Michele Dean,Male,1936-07-31,Michellefurt,Rhode Island,India,0260570914,fbeasley@example.net,INS101792,2023-11-15,2026-09-28
1794,Katrina Graves,Female,2005-08-28,Port Stephanieview,Arkansas,India,7975264477,wardhaley@example.org,INS101793,2024-07-04,2025-12-02
1795,Christy Palmer,Female,1999-12-24,Kristenhaven,Oklahoma,India,0553303070,jonesisabella@example.org,INS101794,2024-11-22,2026-07-15
1796,Rose Gonzales,Male,1995-06-12,East Kathryn,Louisiana,India,3515268311,spierce@example.net,INS101795,2024-11-12,2025-10-28
1797,Rita Wang,Female,1993-01-30,Javierside,Alabama,India,2015991250,xlee@example.org,INS101796,2025-09-10,2026-09-18
1798,Angela Stevenson,Male,1967-04-03,Weberhaven,Hawaii,India,5503721328,justin39@example.org,INS101797,2024-08-12,2026-05-29
1799,Theresa Bryant,Male,2003-06-20,Riveraview,Texas,India,4849449952,mccoyalexis@example.net,INS101798,2023-10-08,2026-02-09
1800,Lee Morris,Male,1954-09-07,West Daisy,Wyoming,India,5125002543,williscraig@example.org,INS101799,2025-01-25,2026-02-04
1801,Alexander Rodriguez,Female,1992-03-09,Port Justin,Minnesota,India,0980606847,barnettjocelyn@example.net,INS101800,2025-02-20,2026-01-31
1802,Brenda Avila,Male,1994-07-28,Leechester,Alaska,India,1933728404,kellerchristopher@example.net,INS101801,2024-10-12,2026-03-31
1803,Robin Riddle,Male,1957-07-07,Christophermouth,South Carolina,India,6583586333,balexander@example.org,INS101802,2024-11-05,2026-07-17
1804,Mark Adams DVM,Female,1970-10-26,Sonialand,South Carolina,India,7762172961,williamjenkins@example.org,INS101803,2025-04-18,2026-04-15
1805,Paul Moore,Female,1974-03-12,South Tyler,Indiana,India,2771397576,mooredaniel@example.net,INS101804,2025-09-23,2026-04-26
1806,Ashley Miller,Female,1969-10-05,Lake Michaelton,Hawaii,India,1630698525,gcunningham@example.org,INS101805,2024-06-21,2026-05-05
1807,Joanne Jennings,Male,1992-01-16,Bellchester,Vermont,India,3061425577,qallen@example.com,INS101806,2023-11-08,2026-01-17
1808,Eric Stevens,Male,1982-06-27,Crystalshire,Minnesota,India,1584444453,webbjanice@example.net,INS101807,2024-11-29,2025-11-07
1809,Cameron Howard,Female,1972-02-23,Sloanmouth,Washington,India,2713936096,morenosara@example.org,INS101808,2025-05-04,2026-01-10
1810,Justin Smith,Male,1952-06-03,Brownfurt,Hawaii,India,8267327407,dylangolden@example.com,INS101809,2024-12-11,2026-05-25
1811,Juan Ramirez,Female,1959-02-04,East Victorport,South Dakota,India,0345953200,qgarcia@example.com,INS101810,2024-10-23,2026-09-19
1812,Brandon Anderson,Female,1993-07-31,Port Chelsea,Oregon,India,9141938977,everettandrea@example.org,INS101811,2025-02-02,2026-01-19
1813,Jennifer Cantrell,Male,1998-01-22,New Raymondhaven,Michigan,India,5360058166,jhunt@example.org,INS101812,2023-12-24,2025-11-25
1814,Madison Jones,Male,2007-07-25,Benjaminfurt,Rhode Island,India,6863512889,johnsonmary@example.org,INS101813,2024-02-22,2026-04-28
1815,Christine Perez,Female,1937-10-07,Powerstown,Massachusetts,India,0205125362,ychen@example.net,INS101814,2023-11-24,2026-01-28
1816,Christopher Ford,Female,1960-11-10,Port Michaelport,Oklahoma,India,7588900829,ejones@example.com,INS101815,2024-06-14,2025-10-29
1817,Tammy Hardy,Female,1995-07-29,West Christine,Illinois,India,9989156065,castillolisa@example.net,INS101816,2024-12-05,2026-08-12
1818,Lance Miller,Female,1973-07-14,Edwardton,Texas,India,9933493092,williamsbrandon@example.com,INS101817,2024-02-28,2025-12-05
1819,Antonio Brennan,Male,1937-02-09,Amandaburgh,Washington,India,8257093964,ssanders@example.com,INS101818,2024-05-16,2025-11-25
1820,Shannon Waller,Female,1943-10-06,Johnsonville,Maine,India,0276181901,felicia94@example.org,INS101819,2023-10-20,2026-09-19
1821,Megan Tucker,Female,2006-03-14,South Nicole,Georgia,India,1107778165,brandi63@example.net,INS101820,2024-11-29,2025-10-20
1822,Dennis Daniels,Female,1993-07-10,Pearsonberg,Vermont,India,1084456537,kara79@example.org,INS101821,2024-03-28,2026-09-24
1823,Julie Ortiz,Male,1992-01-22,Smallfurt,Connecticut,India,4856173376,timothyrobinson@example.com,INS101822,2025-08-20,2026-03-11
1824,Colton Underwood,Male,1968-08-30,Gomezview,Tennessee,India,4553086207,rochakendra@example.net,INS101823,2024-12-03,2026-06-04
1825,Amy Duran,Female,1977-08-18,Lake Traciburgh,Mississippi,India,0745568898,cookjack@example.com,INS101824,2024-04-20,2025-11-29
1826,Stacy Bailey,Male,2008-08-29,Randallshire,New Hampshire,India,7881904892,williamsmichael@example.net,INS101825,2023-11-25,2026-07-24
1827,Peter Cook,Male,1990-09-30,South Nicholemouth,Oklahoma,India,1435840807,qcox@example.net,INS101826,2024-06-14,2025-11-10
1828,Michael Morgan,Male,2006-07-25,Johnsonfort,Tennessee,India,5084936515,robertfox@example.com,INS101827,2024-11-09,2026-08-03
1829,Shane Murphy,Female,1972-12-30,North Joseph,Wyoming,India,1305874441,crystalserrano@example.org,INS101828,2025-02-10,2025-11-27
1830,Theresa Williams,Female,1982-08-10,Joshuaberg,Oregon,India,3655186746,matthew90@example.com,INS101829,2024-04-05,2026-08-12
1831,Sarah Moore,Male,1964-12-20,Davishaven,California,India,8336854274,calvin56@example.org,INS101830,2025-09-28,2026-03-12
1832,Melissa Johnson,Female,1945-06-19,Onealberg,Arkansas,India,8604796240,ihicks@example.com,INS101831,2025-03-21,2026-05-08
1833,Mr. Daniel Gordon,Female,1994-12-07,Greenhaven,Texas,India,6077904816,michaelwu@example.net,INS101832,2024-05-06,2026-03-14
1834,Nancy Gray,Male,1957-07-17,Bakertown,Oregon,India,0050385687,christina88@example.org,INS101833,2025-09-05,2026-08-14
1835,Melanie Guerrero,Male,1965-06-05,Johnathantown,Texas,India,1161053996,leezachary@example.org,INS101834,2024-03-10,2025-11-25
1836,Holly Williams,Female,1955-04-20,Bonillahaven,Michigan,India,1886369501,codyreed@example.org,INS101835,2024-09-29,2026-03-09
1837,Mary Clark,Male,1939-05-27,Veronicastad,South Carolina,India,4692015229,gsuarez@example.com,INS101836,2024-06-09,2025-12-23
1838,Willie Turner,Female,1983-09-15,Nealfort,Kentucky,India,5791679744,palvarez@example.com,INS101837,2024-07-17,2025-10-17
1839,Joseph Yates,Female,1960-02-06,East Janiceville,Ohio,India,9423886192,ryan33@example.net,INS101838,2024-06-08,2026-03-10
1840,Mariah Rosales,Male,1978-03-05,New Ericside,Tennessee,India,7785349093,durantimothy@example.org,INS101839,2024-03-25,2026-07-20
1841,Jessica Cole,Female,1971-05-29,Ryanfurt,Iowa,India,0899828274,jessicamathews@example.net,INS101840,2023-10-21,2026-09-27
1842,Amy Smith,Female,1953-03-31,Brooksburgh,Oregon,India,8648177537,dvaldez@example.org,INS101841,2025-04-14,2026-08-15
1843,Larry Turner,Male,2004-05-28,West Natalieton,Maryland,India,9073909135,swilliams@example.org,INS101842,2024-03-09,2026-07-15
1844,Teresa Carlson,Male,2003-02-24,Martinhaven,Missouri,India,9112658454,gutierrezlinda@example.net,INS101843,2025-08-09,2026-02-19
1845,Kari Walker,Male,1955-06-14,Lake Daniel,Arkansas,India,2656267531,jeffreystevens@example.org,INS101844,2024-03-15,2025-11-14
1846,Catherine Sullivan,Female,1987-08-29,West Elizabethstad,Washington,India,6965108307,andrearichardson@example.com,INS101845,2025-06-04,2026-09-26
1847,Christopher Kelly,Male,1988-09-20,West Edwardmouth,Montana,India,5806788928,ronaldsmith@example.org,INS101846,2025-08-22,2026-04-16
1848,Daniel Costa,Male,1947-12-28,Port Tylerstad,Vermont,India,7443463862,scott89@example.net,INS101847,2024-04-27,2026-07-19
1849,Kristie Clark,Male,1996-04-22,Thomasstad,Kentucky,India,6280744837,yallen@example.com,INS101848,2024-04-14,2026-09-10
1850,Michael Smith,Male,1953-06-16,Wallschester,Colorado,India,6719541007,keithamanda@example.org,INS101849,2025-04-07,2026-02-05
1851,Robert Nelson,Female,1991-09-05,Lopeztown,Iowa,India,9697931633,shaheric@example.org,INS101850,2024-01-30,2025-12-27
1852,Robert Becker,Female,1993-12-08,Riceville,Illinois,India,6875838542,weekschristopher@example.org,INS101851,2024-02-05,2026-03-28
1853,Melinda Romero,Male,1987-05-01,Matthewview,Connecticut,India,4886206120,jacobroberts@example.org,INS101852,2024-08-02,2026-04-10
1854,Karina Hunt,Female,1949-11-05,Ryanberg,Delaware,India,1921278688,michael86@example.net,INS101853,2025-07-02,2026-07-07
1855,Patricia Turner,Male,1937-07-30,New Mark,Alaska,India,4366929721,jimmy07@example.net,INS101854,2024-03-30,2026-07-20
1856,Timothy Petty,Male,1941-08-02,West Crystalton,South Dakota,India,7406512973,loriwagner@example.net,INS101855,2023-11-22,2026-09-17
1857,Melissa Johnson,Female,1985-04-05,Port Carolview,Florida,India,5468619744,qblack@example.net,INS101856,2024-08-04,2026-02-27
1858,Jessica Jefferson,Female,1977-04-08,Robinsonton,Ohio,India,6449297564,christine13@example.com,INS101857,2025-06-21,2025-10-09
1859,Erin Garcia,Male,1993-10-15,Lake Melvin,Connecticut,India,6817288947,freed@example.net,INS101858,2024-10-04,2026-08-18
1860,Shane Malone,Male,1996-10-12,West Melissabury,Delaware,India,6953833446,xpratt@example.com,INS101859,2024-06-23,2026-05-13
1861,Michael Munoz,Female,1944-02-04,Matthewstad,New Mexico,India,8851817247,katie83@example.org,INS101860,2024-10-24,2026-08-09
1862,Donald Ramirez,Male,1951-08-29,Lorettaton,Hawaii,India,4767766244,holly66@example.net,INS101861,2025-05-02,2026-04-25
1863,Brian Newman,Female,2000-08-08,Lake Carolchester,Florida,India,6014449567,daylarry@example.org,INS101862,2024-05-16,2026-09-23
1864,Amber West,Male,1949-11-22,Lewistown,Arkansas,India,6431778306,lisataylor@example.org,INS101863,2024-12-08,2026-08-10
1865,Kevin Andrews,Male,1996-03-16,New Patriciachester,New York,India,1024960885,brittney34@example.net,INS101864,2024-08-19,2026-07-17
1866,Barbara Clark,Female,1979-04-19,New Victoria,Illinois,India,0958590569,holmesdanielle@example.org,INS101865,2025-06-26,2026-05-18
1867,Austin Bryant,Female,1939-07-13,New Ashley,California,India,7426618848,uhart@example.org,INS101866,2024-09-03,2026-02-22
1868,Briana Green,Female,1969-11-12,East William,Rhode Island,India,5232216043,harold30@example.com,INS101867,2025-05-18,2025-10-18
1869,Jesus Parsons,Female,1950-08-01,Websterport,Alabama,India,6356769082,newmangrace@example.net,INS101868,2024-06-27,2026-09-27
1870,Jason Adkins,Female,1990-07-10,New Caseyton,Kentucky,India,3365302317,fanthony@example.com,INS101869,2024-08-13,2026-03-19
1871,Candace Flores,Female,1976-03-05,West Brian,South Dakota,India,7238540392,curryemily@example.org,INS101870,2024-06-07,2025-11-12
1872,James Alvarado,Female,1960-03-28,Sanchezbury,Nevada,India,4013179893,lesliehester@example.org,INS101871,2024-02-12,2026-01-03
1873,Warren Hart,Male,1992-08-04,Morrisborough,Nebraska,India,4637773454,jennifer91@example.com,INS101872,2023-10-16,2026-09-10
1874,Dean Garcia,Male,1966-07-12,Cherylside,Hawaii,India,0866462493,monica82@example.net,INS101873,2025-06-09,2025-12-27
1875,Brent Edwards,Male,1976-08-23,Petersonland,West Virginia,India,6921991128,kwelch@example.org,INS101874,2023-12-08,2026-07-03
1876,Joshua Lyons,Female,1976-07-25,Sheliamouth,Arkansas,India,8288348925,adam96@example.org,INS101875,2025-09-22,2026-02-08
1877,Antonio Herrera,Female,1952-05-24,Garciachester,Colorado,India,5259482319,bellclarence@example.com,INS101876,2025-02-08,2026-01-25
1878,Chelsea Lawrence,Female,1943-10-09,South Karen,Arkansas,India,0727683345,brendawilliams@example.net,INS101877,2024-01-04,2026-05-28
1879,Robert Brown,Male,1951-03-06,Christopherview,Wisconsin,India,5652180125,watersderek@example.com,INS101878,2024-03-05,2026-05-18
1880,Terry Sanchez,Female,1969-02-09,East Charlesstad,Wisconsin,India,5811425566,hramos@example.net,INS101879,2025-03-28,2025-11-26
1881,Jamie Wilson,Female,1975-12-19,Stevenberg,California,India,3071064618,jennifer55@example.net,INS101880,2024-02-23,2026-03-09
1882,Michael Petersen,Male,2008-04-20,Port Nicholasfort,Utah,India,6886255226,grace56@example.org,INS101881,2024-05-18,2026-06-21
1883,Carol Rivera,Female,1970-04-30,Amyton,Alaska,India,9947254782,bethchambers@example.com,INS101882,2024-03-26,2026-07-06
1884,Samantha Patton,Male,1942-04-14,Wallacemouth,New Jersey,India,7784385405,charlesriddle@example.net,INS101883,2024-09-08,2025-10-27
1885,Rebecca Mcdonald,Male,1967-03-31,Gutierrezview,Indiana,India,1141891806,rosalespaul@example.org,INS101884,2024-04-18,2025-11-21
1886,Jordan Jackson,Female,1957-08-21,Dorothyhaven,Georgia,India,3266386721,ryan69@example.net,INS101885,2025-02-07,2026-04-08
1887,Stephen Carey,Female,1952-02-17,Oscarshire,Illinois,India,2718570059,james67@example.com,INS101886,2025-08-16,2026-05-18
1888,Chad Vincent,Female,1967-07-16,South Juan,Texas,India,3995977874,melissa94@example.org,INS101887,2024-07-01,2025-10-31
1889,Angel Williams,Male,1967-01-15,West Janice,Alabama,India,2818585909,caitlynjoseph@example.org,INS101888,2025-04-19,2026-01-11
1890,Crystal Ramirez,Male,2004-12-10,East Dennisfurt,New York,India,3891868397,emmaallen@example.org,INS101889,2025-09-16,2026-01-20
1891,Erin Lopez,Male,1980-06-24,East Johntown,Michigan,India,6670319443,myu@example.net,INS101890,2024-12-27,2026-06-09
1892,Kimberly Turner,Female,1996-03-28,Millerland,South Dakota,India,1079895144,davisalejandro@example.com,INS101891,2025-07-26,2026-02-15
1893,Alexander Moore,Female,1958-11-23,Lake Todd,Texas,India,6605859496,carterkimberly@example.net,INS101892,2025-07-23,2026-01-26
1894,Kimberly Hall,Female,1964-01-04,Breannabury,Mississippi,India,6636287224,stephaniebauer@example.org,INS101893,2023-12-06,2025-10-20
1895,Justin Steele,Female,1947-06-27,South Tyler,Virginia,India,5410013471,kevin04@example.com,INS101894,2024-09-28,2026-04-16
1896,Adam Moreno,Male,1990-08-18,North Kennethfurt,Tennessee,India,9396711372,jesseblair@example.com,INS101895,2025-05-12,2026-05-29
1897,Ronald Perez,Male,1952-02-05,West Zachary,South Carolina,India,7770742298,martinezandrea@example.com,INS101896,2025-07-11,2025-11-06
1898,Amanda Ward,Male,1939-01-19,North Courtneystad,Louisiana,India,6496768567,reedmichael@example.org,INS101897,2025-07-11,2026-02-17
1899,Michael Peters,Male,1992-11-27,South Jason,New York,India,7672954109,vdavid@example.com,INS101898,2025-06-28,2026-04-07
1900,Travis Chambers,Female,1950-11-25,Williamsside,Texas,India,6606927816,brendascott@example.com,INS101899,2024-11-11,2026-05-22
1901,Molly Carter,Female,1988-10-09,North Briannamouth,Massachusetts,India,6369090050,wzhang@example.net,INS101900,2025-02-05,2026-09-02
1902,Joel Lopez,Female,1987-12-08,Brownport,Texas,India,3214466231,reneedavis@example.net,INS101901,2025-01-23,2025-11-08
1903,Christie Cervantes,Male,1984-04-18,Jonathanport,Virginia,India,7567810339,imcdonald@example.org,INS101902,2025-03-15,2026-09-19
1904,Brandon Hernandez,Male,1969-04-19,Zacharyville,North Dakota,India,1467142862,mary83@example.org,INS101903,2024-02-19,2026-07-21
1905,Isaac Stone,Female,1956-01-07,East Mark,Vermont,India,2656213687,devon16@example.org,INS101904,2025-07-29,2026-08-14
1906,Danielle Wilcox,Female,2005-11-01,South Jasonfurt,Arkansas,India,2809492868,dixontyler@example.org,INS101905,2023-10-24,2026-09-05
1907,Amanda Wolf,Male,1959-04-30,Rogersville,Maine,India,3818885061,tara73@example.com,INS101906,2024-12-24,2026-06-27
1908,Glenn Johnson,Female,1955-05-08,Port Jill,Ohio,India,4076768898,april45@example.org,INS101907,2025-06-20,2025-11-27
1909,Sandy Branch,Male,1987-01-09,New Ashleymouth,Oklahoma,India,8411090900,joyce44@example.com,INS101908,2024-07-09,2026-01-19
1910,Ryan Price,Male,1948-11-02,Lake Juliaborough,Montana,India,9981061909,jameshall@example.net,INS101909,2024-11-11,2026-03-05
1911,Leslie Martin,Male,1989-06-28,South Jamesstad,Georgia,India,3189320811,egallagher@example.net,INS101910,2025-06-06,2025-10-15
1912,Brian Smith,Female,1962-08-05,Port Seanhaven,Utah,India,2814436101,hrodriguez@example.org,INS101911,2024-11-29,2026-06-10
1913,Joseph Roberts,Female,2007-10-21,Mccallstad,Indiana,India,7809300078,dukeeddie@example.org,INS101912,2024-06-08,2026-02-08
1914,Roy Hubbard,Male,1970-11-09,Knoxbury,Alaska,India,3486897120,erica96@example.com,INS101913,2023-12-04,2026-01-02
1915,Patricia Smith,Female,1938-12-10,Charleschester,Vermont,India,7880090753,vsalinas@example.com,INS101914,2024-04-03,2026-05-10
1916,Edward Williams,Male,1962-04-09,Juliehaven,Texas,India,0448158938,johnjackson@example.com,INS101915,2024-04-23,2026-04-21
1917,Amanda Adams,Male,1996-03-28,East Cristinaview,Tennessee,India,1720665349,iwebster@example.org,INS101916,2024-09-29,2025-12-08
1918,Jeffrey Jones,Male,1966-08-08,South Brianshire,Texas,India,2211006979,hannahturner@example.com,INS101917,2024-01-07,2025-12-25
1919,Jean Warner,Male,2000-06-16,Jamesshire,Georgia,India,2386879339,sstanton@example.org,INS101918,2025-01-25,2025-11-20
1920,Michael Moody,Female,1986-03-16,Roberthaven,Nevada,India,2358428987,denise62@example.com,INS101919,2024-06-10,2026-06-28
1921,Samantha Macdonald,Male,1973-12-22,Lake Andrew,Arizona,India,1912259083,qbenjamin@example.org,INS101920,2025-03-29,2026-02-07
1922,Roy Hall,Male,1984-01-27,Port Nathanview,New Hampshire,India,0447368467,hendersonteresa@example.net,INS101921,2023-10-28,2025-12-12
1923,Scott Barnes,Female,1973-09-18,Aprilchester,Connecticut,India,7053891010,shawrobert@example.org,INS101922,2024-01-26,2026-07-05
1924,Brandi Jordan,Male,1994-07-22,Port Briannaberg,Tennessee,India,1168248984,dreyes@example.net,INS101923,2024-07-22,2025-11-25
1925,David Barron,Male,1956-12-31,Paynehaven,Arizona,India,0039474629,davistodd@example.net,INS101924,2025-02-22,2026-09-28
1926,Donald Glass,Female,1949-10-13,South Kyle,Iowa,India,9334248845,richard85@example.net,INS101925,2024-09-16,2025-12-04
1927,Catherine Green,Female,1938-04-21,Jacksonland,Utah,India,2530740538,oclark@example.com,INS101926,2024-07-22,2026-03-01
1928,Stephen Graham,Female,1945-09-21,Royland,Washington,India,8083101881,mcgeedanielle@example.org,INS101927,2025-09-17,2026-08-28
1929,Ralph Gordon,Male,1995-12-08,Lake Elizabeth,Minnesota,India,8366949526,matthew85@example.net,INS101928,2025-04-15,2026-09-26
1930,Bryan Butler,Female,1985-07-02,East Charles,North Carolina,India,8166377510,edickson@example.com,INS101929,2025-05-01,2025-10-09
1931,Amy Lopez,Female,1991-07-02,Lake Shannonmouth,Nebraska,India,9614325867,charlessullivan@example.com,INS101930,2025-07-25,2026-01-01
1932,Ryan Paul,Male,1993-10-21,Danielleland,Massachusetts,India,2638940782,gwagner@example.net,INS101931,2024-05-29,2026-07-29
1933,Michael White,Male,1981-01-21,Carlburgh,Nevada,India,4391014357,mathewhamilton@example.net,INS101932,2023-11-11,2026-01-12
1934,Cody Barron,Male,1939-09-02,Smithfurt,Alabama,India,1597232753,richardsanchez@example.com,INS101933,2024-10-07,2026-03-27
1935,Jessica Carter,Male,1998-06-13,New Christinaport,Tennessee,India,8642352227,jamie52@example.net,INS101934,2024-07-01,2025-11-14
1936,Jared Robertson,Male,1963-04-05,Matthewfurt,Idaho,India,0327816183,parkerstone@example.com,INS101935,2024-10-27,2026-04-22
1937,Elizabeth Pierce,Female,1947-12-05,Charlesville,Michigan,India,8909723411,alexanderdiaz@example.com,INS101936,2024-06-26,2025-10-21
1938,James Reid,Female,1960-07-13,New Amy,Rhode Island,India,7601494975,yvonnevilla@example.com,INS101937,2024-07-25,2026-03-22
1939,Steven Johnson,Female,1978-09-28,Jeffreyland,Massachusetts,India,3158590344,aliciacarter@example.net,INS101938,2023-12-11,2026-03-13
1940,Christopher Anderson,Male,1957-05-22,Josephberg,Maine,India,8918483944,galvanchristina@example.net,INS101939,2024-12-25,2026-07-02
1941,Jeffrey Henry,Male,1977-01-22,Port Nicoleport,Illinois,India,0236753416,jmedina@example.net,INS101940,2025-09-14,2025-12-16
1942,Mike Wolfe,Male,1963-03-04,Laurenmouth,Nevada,India,4395078318,angelaanderson@example.net,INS101941,2024-04-22,2026-03-27
1943,Donna Campbell,Female,1948-07-03,Henrymouth,Arkansas,India,5723284799,ycolon@example.com,INS101942,2025-06-02,2026-05-23
1944,Christopher Alexander,Female,1960-05-25,Melindaland,Illinois,India,7463287014,patrick24@example.com,INS101943,2024-08-13,2025-10-13
1945,Meghan Martinez MD,Male,1975-04-19,South Timothytown,Missouri,India,7119147286,aschmidt@example.net,INS101944,2025-02-01,2026-08-22
1946,April Francis,Female,1954-05-09,Mccoybury,Minnesota,India,6417023319,ashley42@example.net,INS101945,2024-07-21,2025-12-15
1947,Elizabeth Johnson,Male,1957-07-22,Lake Amanda,Missouri,India,2323060367,kevin27@example.com,INS101946,2024-10-09,2026-07-08
1948,Renee Lopez,Female,1957-07-29,North James,New Mexico,India,5437947758,burnslucas@example.com,INS101947,2025-04-15,2025-10-11
1949,Matthew Anderson,Female,1956-10-15,Patrickport,Illinois,India,7371536266,bryantstephanie@example.net,INS101948,2025-07-14,2026-07-19
1950,Jack Gould,Female,1942-08-16,West Tasha,Idaho,India,1262686285,nicolewhitney@example.net,INS101949,2024-03-19,2026-05-15
1951,Paul Wright,Male,1961-04-07,Jamesmouth,Utah,India,6524471373,daniel11@example.org,INS101950,2024-12-03,2025-10-18
1952,Sarah Carter,Female,1987-12-08,West Autumn,Illinois,India,7795729826,waltonmichael@example.org,INS101951,2023-10-05,2026-02-23
1953,Eric Joyce,Female,1991-08-20,New Brendabury,Wisconsin,India,4063386987,misty89@example.org,INS101952,2024-02-14,2025-10-04
1954,Nicole Bailey,Male,1980-03-07,East Charles,Washington,India,3596848068,johnsontony@example.net,INS101953,2025-05-06,2025-10-01
1955,Carrie Vasquez,Female,1961-07-23,Amybury,Oklahoma,India,5054002458,michellescott@example.com,INS101954,2025-07-09,2026-08-25
1956,Kristen Osborne,Male,1959-08-31,Port Wesley,Alaska,India,3393088303,ctaylor@example.com,INS101955,2023-11-13,2026-02-22
1957,Sean Hughes,Male,1941-03-19,Clarkmouth,Mississippi,India,7556339112,gomezpaul@example.org,INS101956,2025-06-19,2026-04-08
1958,Travis Willis,Male,1964-08-22,Aliciaburgh,Alabama,India,3895631599,joseph89@example.net,INS101957,2023-11-01,2026-01-14
1959,Angela Thomas,Male,1987-05-04,Sheenamouth,Pennsylvania,India,6890036653,kelseymiller@example.net,INS101958,2024-09-30,2026-01-29
1960,Brent Chen,Male,2000-03-28,Robinbury,Arkansas,India,8116586743,carrkenneth@example.com,INS101959,2024-01-01,2026-07-20
1961,Lorraine Smith,Female,1947-11-22,Robertstad,Montana,India,5733303756,shannongomez@example.com,INS101960,2024-01-20,2026-02-27
1962,Stephen Deleon,Male,1952-04-12,Danielville,Pennsylvania,India,3462013791,omarfowler@example.net,INS101961,2024-06-21,2026-03-27
1963,Emily Cunningham,Male,1999-08-27,Tuckertown,New Hampshire,India,9163217708,brooksdonald@example.com,INS101962,2025-02-23,2025-10-10
1964,Diana Perkins,Male,1964-07-17,Michaelhaven,Arizona,India,4356866970,tracydorsey@example.com,INS101963,2024-07-04,2026-04-13
1965,Timothy Graves,Male,2006-06-08,Smithside,Vermont,India,1561373621,ddiaz@example.org,INS101964,2024-12-11,2026-04-10
1966,Alex Wu,Female,2001-06-12,East Anna,Massachusetts,India,2451543281,collinsjamie@example.org,INS101965,2025-07-13,2026-07-20
1967,Robert Weber,Male,1960-08-24,Pittschester,Wisconsin,India,7624548907,theresablake@example.net,INS101966,2025-08-29,2026-01-28
1968,Kimberly Case,Female,1997-09-02,Port Triciastad,Delaware,India,8661597624,novakjesse@example.net,INS101967,2024-06-18,2025-11-02
1969,Edward Escobar Jr.,Male,1962-06-14,Teresaport,West Virginia,India,2990523728,carrillojonathan@example.com,INS101968,2023-10-02,2026-08-21
1970,Kristine Vasquez,Female,1980-03-07,Timothyberg,Wisconsin,India,1672996808,reyesmary@example.net,INS101969,2025-08-24,2026-04-22
1971,Michael Ellis,Male,1987-05-23,Meganside,Nebraska,India,3671240205,carlos77@example.org,INS101970,2025-07-31,2026-06-18
1972,Brian Carter,Male,1956-03-28,Howeville,Idaho,India,2127212331,patricia79@example.org,INS101971,2024-10-10,2026-06-24
1973,Joseph Wilson,Female,2002-08-09,Grantland,Mississippi,India,9649575202,angela27@example.org,INS101972,2024-03-25,2026-08-05
1974,Victoria Gomez,Male,1990-06-28,North Julia,Rhode Island,India,5593006390,robertsonjustin@example.net,INS101973,2025-04-22,2026-01-13
1975,Deborah Kramer,Female,1949-02-07,Lake Williamchester,Oregon,India,7537120033,piercejacob@example.com,INS101974,2025-04-22,2025-10-13
1976,Debra Nelson,Male,1968-05-15,East Samantha,Kentucky,India,1332521759,jennifer91@example.com,INS101975,2023-10-28,2026-01-29
1977,Monica Johnson,Female,1970-12-22,South Rachel,Oklahoma,India,4906584646,palmertimothy@example.net,INS101976,2025-05-03,2026-01-10
1978,Jessica Newman,Male,1988-01-09,Jasonport,Illinois,India,4141435642,tinagriffin@example.net,INS101977,2023-12-22,2025-12-26
1979,Nicholas Carey,Male,1968-10-12,Munozview,Indiana,India,7456264244,marksantana@example.net,INS101978,2024-03-26,2026-08-16
1980,Danielle May,Female,1945-09-07,West Janice,South Dakota,India,3443616151,smills@example.org,INS101979,2023-11-22,2026-09-10
1981,Teresa Ramos,Male,1975-12-26,Brownborough,New Hampshire,India,8475117134,cynthia81@example.com,INS101980,2024-10-24,2026-01-17
1982,Jennifer Adams,Male,1960-04-19,New Georgemouth,Wyoming,India,0888833713,jthomas@example.org,INS101981,2024-03-20,2026-02-16
1983,Christopher Hancock,Male,1982-04-20,Robinsontown,Illinois,India,3258978320,edwin69@example.com,INS101982,2025-03-15,2026-05-07
1984,Matthew Ross,Male,1956-07-27,Johnathanberg,California,India,3099597579,amandaschroeder@example.net,INS101983,2025-06-30,2026-01-21
1985,Angela Davis,Male,1950-05-23,Lake Billy,Delaware,India,7315227696,cynthia29@example.net,INS101984,2025-02-11,2026-07-02
1986,Jordan Smith,Male,1936-09-19,Davisville,West Virginia,India,8064814373,christinahill@example.net,INS101985,2024-11-30,2026-03-17
1987,Stephanie Kelley,Female,1952-11-11,West Johnview,Alabama,India,1208098680,kristin45@example.com,INS101986,2023-12-20,2025-11-04
1988,Heather Long,Female,1958-03-30,South Jamesside,Ohio,India,6120548051,tdavis@example.org,INS101987,2024-06-15,2026-06-21
1989,Elizabeth Simmons,Female,1981-02-19,Port Tonya,Tennessee,India,9702337416,jennifer37@example.net,INS101988,2024-08-17,2026-02-19
1990,Michelle Rodriguez,Male,1995-03-08,Whiteville,Illinois,India,7202695401,whiteangel@example.com,INS101989,2024-07-16,2026-05-10
1991,Timothy Wagner,Female,1987-12-26,West Sharon,North Carolina,India,2239716670,gcarlson@example.com,INS101990,2024-06-11,2026-08-30
1992,Susan Williams,Male,1987-04-20,Steventown,Washington,India,5998367755,jason79@example.net,INS101991,2024-04-18,2026-02-07
1993,Lauren Stewart,Male,1974-04-08,Port Jillburgh,South Carolina,India,7300858816,krausenicole@example.com,INS101992,2025-04-08,2026-04-07
1994,Kara Jones,Male,1956-11-26,Martinhaven,Minnesota,India,0077175851,zanderson@example.com,INS101993,2025-09-12,2025-10-21
1995,James Barry,Male,1994-12-23,Maryhaven,Nevada,India,0047294747,regina22@example.com,INS101994,2024-07-23,2025-10-13
1996,William Lee,Female,1949-01-05,Port Masonfurt,Utah,India,6057530976,roberthenderson@example.org,INS101995,2023-11-09,2025-12-05
1997,Mark Allen,Male,1978-05-09,North Ashleyfurt,Missouri,India,8411791123,aprilrios@example.org,INS101996,2024-03-31,2026-05-03
1998,Matthew Ruiz,Female,1979-03-07,South Amystad,Louisiana,India,5251586005,ronald32@example.org,INS101997,2024-03-22,2026-06-02
1999,Heather Herrera,Male,1959-12-27,Billytown,Tennessee,India,8157703736,evanskevin@example.net,INS101998,2024-04-21,2026-04-25
2000,Natalie Hernandez,Female,2003-01-21,Solomonberg,Georgia,India,4524620375,ikirby@example.com,INS101999,2023-10-14,2026-03-04
2001,Shari Guerrero,Female,1989-03-30,East Stephen,Washington,India,3537483787,robertnichols@example.org,INS102000,2025-07-08,2025-10-23
2002,Jeffrey Ramirez,Female,1963-10-06,Debbieborough,Oregon,India,3687837498,diane68@example.net,INS102001,2024-04-24,2025-11-21
2003,Donald Quinn,Female,1983-04-10,Vaughnshire,West Virginia,India,1264790967,kimberly03@example.net,INS102002,2023-11-04,2026-02-21
2004,David Gregory,Female,2005-09-13,Burkeberg,Iowa,India,7163603824,poolehannah@example.com,INS102003,2025-07-21,2025-10-20
2005,Mr. Fernando Potter,Female,1947-03-11,Garciatown,Hawaii,India,9906272462,qmack@example.org,INS102004,2025-07-02,2025-10-11
2006,Michael Stevenson,Male,1972-04-07,Anthonyfurt,New Mexico,India,7179813002,jkerr@example.com,INS102005,2024-08-11,2026-08-12
2007,Teresa Kim,Female,2004-09-05,Port Brianville,Virginia,India,0504508718,jessica11@example.net,INS102006,2025-03-14,2025-10-17
2008,Kenneth Hogan,Male,1989-02-09,New Vanessafort,Florida,India,7397567072,jenniferjohnson@example.com,INS102007,2024-08-26,2026-06-25
2009,Christine Velez,Female,1992-10-10,Marymouth,North Dakota,India,5794224553,victoria16@example.com,INS102008,2024-01-31,2026-02-02
2010,Sharon Walton,Male,1983-08-28,Lake Jessica,Wyoming,India,6099184996,harriskimberly@example.com,INS102009,2024-12-14,2026-01-13
2011,Wendy Mckee,Female,1951-12-16,South Suzannestad,South Carolina,India,9901257488,robertcharles@example.com,INS102010,2024-04-12,2026-02-24
2012,Jennifer Chapman,Female,1978-10-18,West Veronica,Vermont,India,8801747012,reynoldskenneth@example.org,INS102011,2025-09-14,2026-01-18
2013,Jason Richardson,Male,2006-07-25,East Diana,Tennessee,India,0625177663,agarcia@example.net,INS102012,2024-10-09,2026-08-08
2014,Michael Allen,Female,1938-06-07,Whitetown,Connecticut,India,7584037418,davidellison@example.org,INS102013,2023-10-15,2026-09-28
2015,Timothy Lopez,Female,1965-08-18,East Kimside,California,India,3299415693,browncharles@example.net,INS102014,2025-08-08,2025-10-06
2016,Brandon Moore,Female,1964-12-05,New Jessica,North Carolina,India,7584566246,wesleydavis@example.org,INS102015,2024-09-08,2025-11-05
2017,David Yang,Male,1948-06-13,West Calvinberg,Hawaii,India,0484417759,gina24@example.net,INS102016,2024-02-10,2026-09-20
2018,Spencer Valenzuela,Female,1968-05-08,North Michael,Florida,India,1279567734,sserrano@example.net,INS102017,2023-10-09,2025-12-03
2019,Margaret Olson,Male,1987-12-11,West Nicolefort,Iowa,India,6560165021,trevor30@example.org,INS102018,2025-08-13,2026-02-12
2020,Sally Torres,Female,1992-02-22,South Pamela,Utah,India,0442624851,riddleadam@example.org,INS102019,2024-07-19,2026-03-26
2021,Victor Johnson,Female,1969-12-12,Brendaville,Rhode Island,India,5854044077,webertimothy@example.net,INS102020,2024-11-24,2026-03-28
2022,Joshua Horton,Male,1948-03-07,Amyfurt,Alaska,India,5290236948,iwheeler@example.net,INS102021,2024-03-01,2026-05-11
2023,James Boyle,Female,1979-12-08,Grahamview,South Dakota,India,6820421738,richardrobert@example.org,INS102022,2023-12-31,2026-05-15
2024,Daniel Miller,Female,1989-01-29,Michaelburgh,Wyoming,India,6256119381,clee@example.com,INS102023,2025-04-14,2026-01-23
2025,Erin Arnold,Male,1945-07-23,Jenniferland,Colorado,India,6772322930,sandrarios@example.com,INS102024,2023-10-23,2025-12-17
2026,Scott Johnson,Female,1949-01-15,Kathleenton,Virginia,India,3135091418,courtney60@example.net,INS102025,2025-05-14,2026-03-15
2027,Nicole Romero,Male,2007-07-22,Pamelaborough,Texas,India,4350066380,keith73@example.net,INS102026,2024-03-13,2026-04-26
2028,Jerry Cervantes,Male,1978-12-12,North Michelleville,Minnesota,India,3937971272,stephanie05@example.org,INS102027,2023-12-05,2026-02-19
2029,Paige Pearson,Male,1947-12-18,Warnerbury,Idaho,India,7719049037,jeremiah86@example.net,INS102028,2025-07-06,2026-03-11
2030,Amber Reyes,Female,1979-03-15,Lake Stephanie,Arkansas,India,6025914239,crystalsmith@example.org,INS102029,2023-10-13,2026-01-31
2031,Adam Becker,Male,2004-05-23,North Kevin,Michigan,India,6243172285,schmidtbrett@example.com,INS102030,2024-03-11,2026-03-13
2032,Jeremy Webb,Male,1987-12-14,Rosefurt,Connecticut,India,7716776698,nunezjacob@example.com,INS102031,2025-07-29,2026-01-12
2033,Jennifer Hodge,Female,1937-07-29,New Michelestad,Vermont,India,9161636383,joe95@example.net,INS102032,2024-11-02,2025-10-26
2034,Katherine Anderson,Male,1981-04-06,Hollandchester,Wisconsin,India,5092282362,floresrobyn@example.com,INS102033,2025-02-11,2025-12-15
2035,James Phillips,Female,1967-12-12,Wallerchester,Michigan,India,4143408158,yhuber@example.org,INS102034,2025-09-06,2026-06-20
2036,Sara Velasquez,Female,1980-10-31,West Danielmouth,Florida,India,6505661801,kayla27@example.com,INS102035,2025-08-15,2026-08-13
2037,Daniel Hall,Female,1960-09-21,New Christopher,North Carolina,India,3606830618,joshua54@example.net,INS102036,2025-02-16,2025-12-31
2038,Alexander Chambers,Female,1950-08-15,East Julie,Arkansas,India,1871234618,jasoncook@example.com,INS102037,2023-12-09,2026-03-31
2039,Lawrence Smith,Male,2001-12-15,Port David,Maryland,India,9326919990,jacksonsandra@example.org,INS102038,2025-08-09,2025-10-29
2040,George Carroll,Male,1962-12-03,West Rebeccafort,Nebraska,India,0064150676,patrickmartin@example.com,INS102039,2025-07-18,2026-03-03
2041,William Ramirez,Male,1972-08-08,West Christopherchester,Colorado,India,5379437051,adam09@example.net,INS102040,2025-02-06,2026-03-27
2042,Kelly Johnson,Male,1957-12-20,Prestonberg,Pennsylvania,India,4048481215,matthewkline@example.net,INS102041,2024-12-21,2025-10-18
2043,Kimberly Wagner,Male,1949-11-06,East Jonathanville,Montana,India,4667841109,stevenyoung@example.com,INS102042,2024-04-11,2026-04-05
2044,Jennifer Wood,Female,1970-09-20,Lestermouth,California,India,1310460886,robertwright@example.org,INS102043,2024-06-26,2026-09-09
2045,Mary Holloway,Male,1953-08-07,East Curtis,Georgia,India,8187241816,youngheather@example.org,INS102044,2024-02-27,2026-01-23
2046,Dr. Cynthia Chang,Male,1973-04-01,West Jakeborough,Georgia,India,3219930248,carrie44@example.org,INS102045,2025-09-06,2026-03-15
2047,Barry King,Male,1936-06-16,West Douglasland,North Carolina,India,6967127658,natalie87@example.net,INS102046,2024-08-11,2025-12-11
2048,Anthony Thompson,Female,2004-06-19,Boydport,Colorado,India,6061702102,xbooker@example.org,INS102047,2025-07-25,2026-07-04
2049,Erik Romero,Female,1969-06-29,New Ryan,Iowa,India,7155768443,rmoore@example.org,INS102048,2024-01-06,2026-08-11
2050,Whitney Mckenzie,Male,1985-12-21,Jesseville,Florida,India,8929297785,nicholasjarvis@example.org,INS102049,2024-02-13,2026-03-03
2051,James Wilkins,Female,1960-06-15,Sarahburgh,Michigan,India,7523610425,dominique37@example.org,INS102050,2024-03-17,2026-06-17
2052,Mrs. Bonnie Ward,Male,1935-12-08,Joanville,Wisconsin,India,7899363701,lesliepierce@example.net,INS102051,2023-10-30,2026-03-21
2053,Larry Doyle,Male,1943-11-18,Mcdonaldborough,Montana,India,2039472830,james30@example.com,INS102052,2024-01-16,2026-07-08
2054,Karen Moore,Female,1968-09-08,Wattsburgh,Washington,India,0077336483,jennawashington@example.org,INS102053,2025-02-18,2026-05-03
2055,Kerry Craig,Female,1976-03-12,Hoodmouth,Minnesota,India,2727923795,phunter@example.net,INS102054,2023-12-19,2026-06-16
2056,Ms. Leslie Barrett,Male,1968-11-06,Lauraview,Ohio,India,2310931573,john96@example.org,INS102055,2024-01-07,2026-03-13
2057,Stephanie Woods,Male,2000-06-22,Erinton,Illinois,India,5600403983,xochoa@example.org,INS102056,2025-07-09,2025-11-05
2058,Taylor Jordan,Female,1952-04-28,New Grantport,Mississippi,India,9505421096,kbrown@example.net,INS102057,2024-09-26,2025-11-27
2059,Devin Avila,Male,1991-12-16,New Deannaton,New Jersey,India,4078688195,morganvictor@example.org,INS102058,2023-12-29,2026-04-20
2060,Leah Craig,Female,1969-07-26,Cliffordmouth,Alabama,India,0418030939,doconnell@example.org,INS102059,2025-06-14,2026-09-07
2061,Sarah Baxter,Male,1990-11-04,Lake Cory,Nevada,India,3523081355,peggy15@example.org,INS102060,2025-02-03,2026-06-03
2062,Jennifer Morgan,Female,1994-04-09,West William,Missouri,India,4495951449,lauraroberts@example.net,INS102061,2025-08-13,2026-05-01
2063,Deborah Glover,Male,1992-01-16,Beckerborough,Massachusetts,India,2713905405,christopherbuchanan@example.net,INS102062,2024-08-23,2026-06-10
2064,Sean Sawyer,Male,1981-01-17,Mackenzieshire,Ohio,India,2978104595,fmendez@example.com,INS102063,2025-07-25,2026-09-15
2065,Jeremiah Frazier,Female,1947-12-03,East Billy,Kansas,India,2783833328,mark91@example.com,INS102064,2024-08-05,2026-04-09
2066,Brent Bowman,Male,1980-09-29,Jocelynbury,Hawaii,India,5086782969,wlarson@example.net,INS102065,2024-04-02,2026-04-13
2067,Joseph Gonzales,Male,1959-01-27,Jonesside,Idaho,India,1705162722,alexandersarah@example.com,INS102066,2024-09-28,2025-11-08
2068,Shaun Boyd,Female,1996-09-02,Blankenshipside,South Dakota,India,2838335068,jonathanriley@example.net,INS102067,2025-08-29,2026-08-27
2069,Elizabeth Watts,Male,1938-02-01,Karenshire,South Dakota,India,8794888340,dodsonjoshua@example.com,INS102068,2023-12-26,2026-07-26
2070,Anthony Nguyen,Male,1935-11-16,Sotoburgh,Alaska,India,9525259014,margaret37@example.org,INS102069,2024-04-19,2026-03-29
2071,Todd Perez,Male,1954-07-04,Isaiahside,West Virginia,India,5825093772,taylorjason@example.org,INS102070,2024-06-30,2025-12-23
2072,David Rivera,Female,1985-11-25,Colemanville,Vermont,India,8854453491,timothy45@example.com,INS102071,2025-05-20,2025-10-06
2073,Paula Curry,Female,1988-09-08,Murrayton,South Dakota,India,4032074094,dbrock@example.com,INS102072,2023-11-29,2025-12-07
2074,David Cole,Female,2002-10-05,New Melissaborough,Tennessee,India,7890138692,joshua71@example.net,INS102073,2024-02-08,2026-05-17
2075,Matthew Olsen,Male,1971-11-11,Jamesburgh,Louisiana,India,2929569186,xstephens@example.net,INS102074,2024-09-03,2025-11-24
2076,Rhonda Allen,Male,1966-03-03,Lake Rodneyberg,Connecticut,India,4123360694,jessica02@example.com,INS102075,2025-01-01,2026-08-24
2077,Debra Herrera,Male,1987-12-24,North Michael,Washington,India,0258316268,daviskenneth@example.org,INS102076,2025-02-12,2026-09-18
2078,Alexander Hernandez,Male,1978-03-09,Allenport,Montana,India,7146563476,mooretodd@example.net,INS102077,2023-11-11,2025-10-09
2079,Jason Mejia,Female,1986-06-25,Sotoside,Alaska,India,7132158755,reidkaitlyn@example.org,INS102078,2025-04-07,2026-06-14
2080,Tara Rodriguez,Male,1966-02-08,North Jerry,Arkansas,India,6338316384,margaret60@example.org,INS102079,2025-07-27,2025-12-20
2081,Rachel Brooks,Male,1987-09-11,Mcgeeshire,Idaho,India,2836836294,fpollard@example.com,INS102080,2024-08-09,2026-07-19
2082,Lauren Martinez,Male,1970-07-25,Port Joseph,Iowa,India,2499536103,reesemichelle@example.com,INS102081,2025-07-06,2025-11-11
2083,Kelly Park,Female,2000-06-30,Morrisonton,New Hampshire,India,9322231024,jonathanbrown@example.org,INS102082,2024-01-29,2025-11-03
2084,Joann Sanders,Male,1992-12-03,South Anntown,Washington,India,1130757833,cory58@example.net,INS102083,2024-03-30,2025-10-02
2085,Jeremy Garrett,Male,1996-03-19,South Jaredborough,Kentucky,India,4490776361,huangcody@example.org,INS102084,2024-03-06,2026-08-09
2086,Robert Wright,Male,1980-05-24,New Derek,Arkansas,India,0458599007,cody57@example.net,INS102085,2025-06-23,2026-04-18
2087,Linda Duncan,Male,1971-05-27,Rodriguezchester,New Jersey,India,8154041680,christineguzman@example.com,INS102086,2025-05-24,2026-06-25
2088,Sheila King,Male,2000-04-15,Hollandbury,Alaska,India,5284850248,curtisjuarez@example.org,INS102087,2024-01-25,2026-09-23
2089,Frank Decker,Female,1993-03-28,Lake Dennisland,Alaska,India,6101435476,aaroncox@example.org,INS102088,2024-02-07,2025-10-25
2090,Andrew Cole,Male,2006-02-04,Hudsonberg,Pennsylvania,India,1923105079,melanie42@example.com,INS102089,2025-06-01,2026-06-14
2091,Stacey Perkins,Male,1940-08-31,North Danielleton,South Carolina,India,0623404448,martinezwendy@example.org,INS102090,2025-09-03,2025-12-10
2092,Jonathan Byrd,Male,1954-06-30,Port Jonathan,California,India,3169541284,stephen39@example.net,INS102091,2023-11-28,2026-09-20
2093,Donald Barry,Male,1945-08-04,Riceton,Arizona,India,8563081775,jeremyjefferson@example.org,INS102092,2024-11-04,2026-04-05
2094,Melanie Scott,Male,1953-03-28,Lake Deborah,Texas,India,2642469994,mcguiremary@example.org,INS102093,2025-07-05,2025-09-30
2095,Pamela Daniels,Male,2001-11-15,East Katherine,Rhode Island,India,2346073847,nporter@example.net,INS102094,2025-09-28,2026-07-25
2096,Charles Hogan,Male,1983-03-14,Williamsberg,Texas,India,8147967301,michelesmith@example.net,INS102095,2024-08-12,2025-10-08
2097,Michael Brown,Male,1991-11-22,Port Margaretview,Georgia,India,7772434176,pughannette@example.net,INS102096,2023-10-30,2025-11-01
2098,Tanya Hendricks,Male,1940-06-05,Jesseland,West Virginia,India,0141425643,barnesdebra@example.com,INS102097,2023-10-20,2026-01-19
2099,Alexander Johnson,Male,1994-07-03,Port Charles,Pennsylvania,India,3203609019,allison33@example.com,INS102098,2025-09-15,2026-09-28
2100,Erica Anderson,Female,1981-09-27,Port Lisa,New Hampshire,India,2592019954,davisjohn@example.com,INS102099,2024-08-16,2026-05-10
2101,Crystal Hansen,Female,1962-04-16,Whitemouth,New Jersey,India,4143647217,kcruz@example.net,INS102100,2024-10-05,2026-07-03
2102,Jesse Campbell,Female,1986-07-11,Lake James,Montana,India,7340187483,ljohnson@example.com,INS102101,2025-04-22,2026-06-04
2103,Robert Harvey,Female,1998-05-24,South Derekville,Montana,India,4070225614,emma04@example.com,INS102102,2024-04-03,2025-10-14
2104,Lorraine Wilson,Male,1954-08-20,Lake Markport,Massachusetts,India,7873912776,jacob01@example.com,INS102103,2023-10-14,2026-06-19
2105,Nancy Carter,Female,1977-01-06,East Tara,North Carolina,India,8284325523,martinezheather@example.net,INS102104,2024-04-07,2026-09-04
2106,Gregory Spencer,Female,1992-12-20,Lake Michelle,Texas,India,3876019705,ulong@example.net,INS102105,2023-11-16,2026-09-29
2107,Robert Barnes,Male,2004-07-14,South Sherrichester,Colorado,India,7724623542,dickersonrobert@example.org,INS102106,2024-09-07,2026-04-11
2108,Brittany Montoya,Female,1945-01-18,Andrewside,Pennsylvania,India,3600135900,kathleen17@example.com,INS102107,2024-04-12,2026-01-21
2109,Cheryl Lopez,Female,2006-01-14,Veronicaton,Texas,India,0927272586,natashahamilton@example.org,INS102108,2024-04-21,2025-11-04
2110,Sandra Brown,Male,1965-04-23,Port Amanda,Wisconsin,India,3787919098,bthomas@example.org,INS102109,2025-08-24,2025-11-11
2111,Richard Good,Male,2003-01-03,Garrettview,Maine,India,2232491333,qchan@example.net,INS102110,2024-12-19,2026-08-24
2112,Eric Bailey,Male,2002-10-23,West Willie,Montana,India,8402045761,ialvarez@example.net,INS102111,2025-06-05,2026-02-10
2113,Bryan Hansen,Female,1991-07-20,South Scott,Colorado,India,3590480840,ipruitt@example.com,INS102112,2024-12-26,2026-06-12
2114,Brent Buck,Female,1972-01-30,Lake Charles,Washington,India,3715109098,amanda87@example.com,INS102113,2025-01-25,2026-05-14
2115,Heather Berry,Male,1948-03-30,East Danielle,Indiana,India,6772269518,paigejohnston@example.org,INS102114,2024-01-28,2026-06-29
2116,Megan Ryan,Male,1942-08-24,Juarezshire,Connecticut,India,5055845113,williamsvanessa@example.org,INS102115,2025-01-18,2025-10-18
2117,Dustin Perez,Female,1954-03-29,Jennifershire,Montana,India,7317735523,nmartin@example.org,INS102116,2023-10-22,2026-09-03
2118,Brett Haney,Male,1956-10-06,Jonathonborough,Iowa,India,0474404349,okim@example.com,INS102117,2025-03-02,2026-05-02
2119,Karen Obrien,Female,1979-10-07,New Stevenmouth,New Jersey,India,9814941654,william68@example.com,INS102118,2024-10-25,2025-11-07
2120,Andrew Salas,Male,1941-08-13,New Katherine,Nebraska,India,1548399998,angelaparker@example.com,INS102119,2024-11-07,2026-07-10
2121,David Dalton,Male,1995-08-22,Lake Kevin,Florida,India,1208624147,jacksonkevin@example.org,INS102120,2024-01-05,2025-11-22
2122,Raymond Castro,Female,1955-02-13,Armstrongfort,Kentucky,India,5160600195,greereric@example.com,INS102121,2024-04-03,2026-04-26
2123,Rachael Baker,Male,1982-08-04,Nunezstad,Missouri,India,5774717833,ruthorozco@example.org,INS102122,2025-02-21,2026-06-12
2124,Renee Leonard,Male,1963-01-23,Port Christopherville,Kentucky,India,8665680658,kgallagher@example.org,INS102123,2024-08-31,2026-03-12
2125,Eric Whitney,Male,1962-03-10,Jorgeshire,Wisconsin,India,7599215450,ibarrera@example.com,INS102124,2025-06-12,2026-06-22
2126,Amanda Smith,Female,1965-06-21,West Devinberg,Idaho,India,8435280004,pgallagher@example.com,INS102125,2024-01-26,2025-11-16
2127,Debra Martinez,Male,1968-07-06,Port Albert,Maryland,India,8116347939,robin09@example.com,INS102126,2023-10-04,2025-11-30
2128,Emily Scott,Male,1987-07-18,Port Michael,Montana,India,6671899012,fosterjennifer@example.com,INS102127,2025-04-08,2026-05-17
2129,Jeremy Padilla,Male,1937-12-19,Lake Jessica,Vermont,India,4090788520,ramirezlindsey@example.org,INS102128,2025-03-10,2025-10-01
2130,Caitlin Oconnor,Male,1953-04-17,South Michael,Utah,India,7682940236,tcruz@example.com,INS102129,2025-07-09,2026-05-13
2131,Jeffrey Morrison,Male,2006-10-18,Port Moniqueburgh,North Carolina,India,8215417762,hunterpatricia@example.org,INS102130,2025-01-29,2026-01-22
2132,Mandy Rodriguez,Male,1958-05-05,Lake Courtney,Ohio,India,4059753484,richardjones@example.net,INS102131,2024-01-01,2025-11-10
2133,Chelsey Ramirez,Female,1986-06-25,Reneeberg,Montana,India,1118820162,harmonjessica@example.net,INS102132,2023-12-04,2025-12-06
2134,Elizabeth Martin,Female,1961-09-15,Carpenterville,Texas,India,3915245749,reedmary@example.com,INS102133,2024-12-08,2026-09-28
2135,Amanda Rojas,Male,1938-09-11,North Sara,Massachusetts,India,0929073375,susan64@example.org,INS102134,2023-11-11,2026-06-14
2136,Diana Gibbs,Female,2001-06-28,South Brian,Iowa,India,4069943858,jacobsjacob@example.com,INS102135,2025-08-17,2026-04-12
2137,Joshua Thompson,Female,1991-12-10,Madelineside,Arizona,India,3197135993,gmullins@example.net,INS102136,2025-01-25,2026-03-24
2138,Jeremy Atkins,Male,1997-08-08,Rhodeschester,Missouri,India,4886746541,cooperdonald@example.com,INS102137,2024-05-27,2026-02-06
2139,Jeremiah Mason,Female,1963-09-02,West Kaylaton,Michigan,India,6048580297,chandlerlisa@example.net,INS102138,2024-03-23,2026-03-06
2140,Donna Smith,Female,1991-08-10,Orozcomouth,Arizona,India,9088267258,thomas66@example.org,INS102139,2024-07-27,2025-11-16
2141,Caroline Norton,Female,1962-11-12,West Jenniferport,Nevada,India,3646802280,edeleon@example.org,INS102140,2024-09-20,2026-08-06
2142,Andrea Miller,Female,1986-11-04,Williamville,Maryland,India,0314231254,rbrewer@example.com,INS102141,2024-03-31,2025-12-29
2143,Stephen Mccoy,Female,1939-12-23,West Deborah,Utah,India,0555785693,ginaward@example.com,INS102142,2025-03-31,2026-07-24
2144,Patrick Walton,Female,1977-05-26,Leonardburgh,Missouri,India,9875769125,pwinters@example.net,INS102143,2025-01-23,2026-02-07
2145,Victoria Ortega,Female,1995-08-31,Marcport,Maryland,India,7511157737,ksanchez@example.net,INS102144,2023-10-02,2026-01-23
2146,Catherine Holt,Female,1939-08-12,West Carolyn,Iowa,India,4683036120,roberta37@example.org,INS102145,2024-06-25,2026-06-12
2147,Julia Walsh,Male,1963-05-13,Ellistown,Colorado,India,1856010941,ejones@example.net,INS102146,2025-05-30,2025-12-06
2148,Jessica Mitchell,Male,1988-12-18,East Christopher,Wyoming,India,0062954047,cruzsabrina@example.net,INS102147,2023-11-17,2025-11-09
2149,Susan Sellers,Female,2000-06-07,North Robert,Georgia,India,4531574452,benjamin24@example.net,INS102148,2025-03-21,2025-11-15
2150,James Briggs,Female,1978-06-16,Debbieport,Iowa,India,1185401671,richardguzman@example.net,INS102149,2025-05-07,2026-06-20
2151,Jonathan Robinson,Male,1947-10-26,Sandramouth,Kansas,India,9619476102,lwoods@example.com,INS102150,2024-04-16,2026-04-27
2152,Melissa Buchanan,Female,1998-09-03,North Kristinview,North Carolina,India,6121551981,jacksontammy@example.org,INS102151,2024-07-09,2025-10-02
2153,Tamara Cooper,Female,1952-07-29,New Lindaberg,North Carolina,India,0792928188,erin72@example.net,INS102152,2024-04-24,2025-11-02
2154,Jason Chavez,Male,1987-03-09,Rickside,Alaska,India,7810258891,jillian06@example.com,INS102153,2024-05-23,2026-03-05
2155,Audrey Stevens,Male,1945-11-22,Williamsland,Colorado,India,7114042614,lopezjoshua@example.org,INS102154,2024-07-16,2026-05-13
2156,Rachel Roberts,Male,1948-02-28,North Andrewstad,Illinois,India,4308356350,christine87@example.org,INS102155,2024-10-24,2026-05-27
2157,Marco Bridges,Female,2001-08-17,Ericside,California,India,7892021273,zpowers@example.net,INS102156,2025-05-15,2026-06-20
2158,Molly Bush,Female,1986-01-14,Gloriabury,Louisiana,India,5513169371,baileypeggy@example.org,INS102157,2024-07-15,2026-04-26
2159,Holly Walker,Male,2004-09-15,Rothfort,Hawaii,India,8369390340,jsandoval@example.net,INS102158,2025-07-16,2025-10-03
2160,Taylor Pope,Male,1948-11-25,West Jeremiah,Nevada,India,9808942153,hoffmanshannon@example.org,INS102159,2024-02-06,2026-04-03
2161,Eric Griffin,Female,1985-06-13,Cuevasview,New Jersey,India,7711385570,bwagner@example.net,INS102160,2025-09-26,2026-03-30
2162,Melanie Jensen,Male,1998-10-03,Alexanderview,Arizona,India,9867645155,adamstone@example.net,INS102161,2024-07-07,2026-02-20
2163,Dominic Burnett,Female,1966-06-10,Lake Mary,New Jersey,India,5114728704,gilbertnichole@example.net,INS102162,2024-11-29,2026-04-29
2164,Matthew Ray,Female,1942-10-01,North Connie,Georgia,India,2668319957,sonyahawkins@example.net,INS102163,2025-03-10,2026-03-17
2165,Daniel Santos,Male,2007-04-01,Amyton,West Virginia,India,6346331389,sean24@example.net,INS102164,2023-10-28,2026-04-29
2166,Zachary Dominguez,Male,1969-12-30,East Leeberg,Montana,India,1097915833,browningtina@example.org,INS102165,2024-05-02,2026-04-08
2167,Stephanie Spencer,Female,1965-05-28,New Dariusfort,Alaska,India,0671024262,ymarshall@example.org,INS102166,2023-11-24,2026-01-03
2168,Candace Garcia,Male,1983-05-27,East Chelseastad,Michigan,India,8224527260,antonio36@example.org,INS102167,2024-07-16,2026-07-30
2169,Michelle Massey,Male,1992-01-23,New Daniel,Georgia,India,6471632685,brandonstevenson@example.com,INS102168,2025-04-15,2026-03-10
2170,Ronald Clark,Male,1970-10-13,East Eric,Wisconsin,India,7980868300,paulamiller@example.net,INS102169,2025-02-12,2026-09-01
2171,Douglas Brown,Male,1961-06-25,Port Elizabeth,Mississippi,India,5989699272,heatherdominguez@example.net,INS102170,2025-03-21,2026-04-20
2172,Claudia Rhodes,Female,1995-02-22,Darlenestad,Kentucky,India,4879183683,garyjoseph@example.org,INS102171,2024-02-02,2026-06-06
2173,Joe Anderson,Female,2001-03-02,Andreamouth,Washington,India,9978633881,gibbsteresa@example.com,INS102172,2023-11-01,2026-01-28
2174,Henry Rios,Female,1996-12-26,South David,Vermont,India,5169943766,sherryallen@example.net,INS102173,2025-09-28,2025-11-08
2175,John Potter,Female,1940-03-16,Hutchinsonland,California,India,6369018371,pkeith@example.net,INS102174,2024-01-14,2026-01-08
2176,Linda Frye,Male,2003-03-10,Hardyfurt,Oregon,India,3539811246,fdonovan@example.net,INS102175,2024-10-18,2026-08-28
2177,Martin Daugherty,Male,1995-10-02,South Tinastad,Minnesota,India,3489994189,victoriasimmons@example.net,INS102176,2024-03-09,2025-10-02
2178,Linda Marks,Female,1984-10-24,Bellchester,South Dakota,India,5872653295,palmerjeffrey@example.org,INS102177,2024-12-23,2026-02-09
2179,Jenna Hernandez,Female,1963-08-25,Lake Travis,Nevada,India,8712295061,brian01@example.org,INS102178,2025-01-06,2026-05-20
2180,Michelle Anderson,Male,1946-08-30,Faulknerton,Virginia,India,9984545109,parksbrandon@example.org,INS102179,2024-08-13,2025-10-09
2181,Melissa Key,Female,2003-02-11,Shellyside,New Hampshire,India,1993618492,cpeterson@example.org,INS102180,2023-12-08,2026-03-07
2182,April Woods,Female,1974-12-28,New Troyborough,Maine,India,9320544765,lgilbert@example.net,INS102181,2025-09-07,2026-01-19
2183,Stacey Callahan,Male,1987-03-13,South Howard,Washington,India,0003501411,janiceshepard@example.com,INS102182,2024-06-01,2026-02-28
2184,Tracy Hughes,Female,2002-01-31,Emilyfurt,Pennsylvania,India,5116675271,franklinlori@example.net,INS102183,2024-05-21,2026-04-14
2185,Haley Castillo,Male,1966-12-27,Johnsonmouth,New Jersey,India,1357774942,brandonbrock@example.com,INS102184,2024-09-13,2026-06-05
2186,Anna Bradley,Male,1951-05-01,Aaronstad,Louisiana,India,6108071801,danielatkins@example.com,INS102185,2025-02-06,2026-05-19
2187,Michele Cervantes,Female,1952-03-25,South Margaretmouth,Kansas,India,1726434434,shannonsanchez@example.net,INS102186,2023-12-03,2026-07-04
2188,Angel Ruiz,Male,1965-01-28,South Brentfurt,Nevada,India,7474421141,gilesamanda@example.net,INS102187,2024-10-02,2026-02-07
2189,Michelle Parks,Female,1974-08-21,Theresaland,Iowa,India,9444856506,ryanadkins@example.com,INS102188,2024-02-12,2025-10-14
2190,Lindsey Paul,Male,2007-03-06,Lake Alvinton,Missouri,India,7585778867,dylan11@example.net,INS102189,2023-10-24,2025-10-18
2191,Jason Miller,Female,1978-01-24,New Deborahtown,Iowa,India,0513719063,bowenjenny@example.com,INS102190,2024-08-01,2026-06-27
2192,Joseph Aguirre,Female,2006-02-20,Hunterborough,Michigan,India,1684519868,fordjohnny@example.com,INS102191,2025-06-07,2026-04-17
2193,Patricia Gonzalez,Female,1943-12-30,Leetown,Alaska,India,8636049066,jonesroger@example.com,INS102192,2025-05-28,2026-04-10
2194,Sara Nguyen,Male,1955-02-19,Kyleside,Wisconsin,India,9848470791,andreataylor@example.org,INS102193,2024-06-06,2026-05-12
2195,Carmen Williams,Male,1969-02-11,Lake Donald,Rhode Island,India,9762593280,mark42@example.net,INS102194,2025-08-12,2026-01-27
2196,Elizabeth Henson,Female,1988-11-13,Martinbury,Illinois,India,2912465122,dhendricks@example.com,INS102195,2024-01-09,2026-08-14
2197,Emily Campbell,Male,1962-09-18,Port April,Colorado,India,5738120390,oobrien@example.com,INS102196,2024-11-28,2025-12-29
2198,Michelle Wood,Female,1945-07-10,South Coryberg,Tennessee,India,7644469205,deannapotter@example.net,INS102197,2024-05-09,2026-04-28
2199,Michael Orr,Female,1943-10-08,Torresberg,New York,India,4319104867,tannersullivan@example.org,INS102198,2023-12-11,2026-03-05
2200,Todd Hopkins,Male,1966-03-06,Philipport,North Dakota,India,8909034537,halltracy@example.com,INS102199,2025-06-26,2026-02-15
2201,Aaron Curry,Female,1974-12-29,Davenportville,Connecticut,India,8187905332,beverlyparker@example.net,INS102200,2025-04-08,2026-05-30
2202,Kirk Johnson,Male,1972-02-02,Williamport,Indiana,India,7753782321,terrysara@example.net,INS102201,2024-08-04,2025-11-29
2203,Mercedes Williams,Female,2006-11-21,West Annabury,South Dakota,India,1291483883,lallen@example.org,INS102202,2024-01-06,2026-01-06
2204,Victoria Wright,Male,2006-12-01,New Brian,Connecticut,India,8521616303,kathryn56@example.net,INS102203,2025-04-16,2026-07-22
2205,Kayla Parker,Female,1958-09-24,North Lisastad,New Mexico,India,6322664905,hporter@example.com,INS102204,2024-10-27,2026-03-12
2206,Roberto Jones,Female,1989-04-25,South Sydneymouth,Mississippi,India,3010784186,robert01@example.com,INS102205,2024-02-01,2026-01-06
2207,Brian Odom,Male,1939-12-07,Johnsonview,Louisiana,India,6838728017,crystalsingh@example.net,INS102206,2025-05-19,2025-10-05
2208,Mark Johnson,Female,1955-07-18,Lake Amyburgh,New Jersey,India,4127414675,salazarsherry@example.net,INS102207,2023-10-24,2025-11-15
2209,Brittney Miller,Female,1945-03-12,West Jimmyshire,Connecticut,India,9808042206,lindsay27@example.org,INS102208,2024-10-15,2026-03-01
2210,Beverly Johnson,Male,1950-12-20,North Kristopher,South Carolina,India,1568575415,jennifer13@example.net,INS102209,2024-03-13,2025-10-19
2211,David Martin,Female,2000-02-03,Christopherbury,Connecticut,India,3096838424,pjones@example.net,INS102210,2024-01-21,2025-12-13
2212,Daniel Brewer,Male,1986-02-11,Anthonyview,Rhode Island,India,9015668615,taylorkim@example.org,INS102211,2024-03-04,2026-09-04
2213,William Martin,Female,1950-12-02,North Lisafort,Connecticut,India,1151087289,arthur82@example.org,INS102212,2023-11-19,2026-05-03
2214,Danielle Jones,Male,1991-01-24,Danton,New Mexico,India,9297207443,nina63@example.org,INS102213,2025-05-04,2026-03-20
2215,Taylor Flores,Female,1989-02-04,Port Christopher,Idaho,India,3546396227,martinharris@example.org,INS102214,2025-07-11,2026-08-08
2216,Mitchell Brown,Female,1964-10-06,Rogersshire,Washington,India,9395917826,elizabeth35@example.net,INS102215,2025-05-20,2026-06-21
2217,Mary Simon,Female,1990-02-26,Christopherland,Utah,India,2315469485,hdowns@example.net,INS102216,2024-09-17,2026-03-22
2218,Patricia Turner,Male,1966-10-06,Anthonyside,Delaware,India,6984240655,deannaellison@example.org,INS102217,2024-11-29,2026-08-24
2219,Gloria Cabrera,Male,1939-06-23,Davidberg,Rhode Island,India,5176710345,igomez@example.com,INS102218,2025-08-16,2026-08-16
2220,Mike Estrada,Male,1948-05-28,Kyleview,Minnesota,India,7615522120,susan97@example.com,INS102219,2025-09-14,2026-02-13
2221,Susan Green,Male,1983-10-04,Timothyview,Utah,India,9240191727,michealreese@example.org,INS102220,2024-04-03,2025-10-27
2222,Jon Mendez,Female,1998-04-09,South Douglasside,Maryland,India,3909474555,rphillips@example.com,INS102221,2023-11-05,2026-03-29
2223,Michael Kirk,Female,1943-02-16,Floresmouth,Florida,India,9544417869,omacdonald@example.com,INS102222,2024-08-30,2026-03-23
2224,Alyssa Clark,Male,1950-09-21,Mendezhaven,Washington,India,8230278584,jadeconrad@example.com,INS102223,2025-02-04,2026-01-29
2225,Joshua Santiago,Male,1941-06-26,Daviestown,Idaho,India,1774382867,ryan58@example.net,INS102224,2024-04-08,2025-12-03
2226,Brent Pennington,Male,1940-06-25,Margaretville,North Dakota,India,5928557594,jason87@example.com,INS102225,2024-03-20,2025-11-02
2227,Sarah Walker,Female,1964-01-23,Bethstad,Colorado,India,3627869531,wcaldwell@example.net,INS102226,2024-08-10,2025-12-17
2228,Stephen Cox,Male,1970-12-30,Port Victoriatown,South Dakota,India,5206806066,candice11@example.net,INS102227,2024-02-05,2025-11-01
2229,Mrs. Lori Nelson MD,Male,1975-11-27,Smithside,Mississippi,India,8735874989,richard52@example.net,INS102228,2024-02-15,2026-04-09
2230,Shane Jacobson,Female,1964-10-08,Port Todd,Texas,India,2133655620,halejessica@example.com,INS102229,2025-06-19,2026-02-17
2231,Jeffrey Collier,Female,1966-06-18,Kingmouth,Mississippi,India,3855309634,kevin41@example.net,INS102230,2024-10-08,2026-02-01
2232,Preston Benton,Male,1996-02-09,Wangside,Virginia,India,2104197612,amandaclark@example.net,INS102231,2023-12-25,2026-04-27
2233,Rebekah Day,Female,1999-10-18,Josephport,Michigan,India,2255404297,barrlisa@example.net,INS102232,2023-11-11,2026-03-16
2234,Kevin Robertson,Male,1990-02-26,Reneefurt,Idaho,India,1854324871,rrubio@example.net,INS102233,2024-10-22,2026-07-03
2235,Alan Hamilton,Female,1982-08-20,Martinstad,South Carolina,India,7699294201,hlawrence@example.org,INS102234,2025-07-08,2025-12-30
2236,Patricia Ferguson,Male,1971-11-20,West Johnbury,Illinois,India,9331561474,greenjulia@example.org,INS102235,2024-10-16,2026-07-12
2237,Mrs. Amy Hill,Male,1968-01-19,Port Jenniferville,Tennessee,India,3502494077,brenda28@example.net,INS102236,2024-09-06,2025-12-18
2238,Hunter Schultz,Male,1939-07-23,Lake Dennisborough,New Hampshire,India,9572170318,wpeterson@example.com,INS102237,2023-11-04,2025-10-21
2239,Paige Sanchez,Male,1967-07-13,Port Tracyview,Wyoming,India,9630426687,victoriawhite@example.org,INS102238,2024-05-09,2026-03-17
2240,Debra Mcdonald,Female,2004-06-10,West Lori,Kentucky,India,2533034692,jasonsmith@example.org,INS102239,2025-03-22,2026-02-16
2241,Rachel Simmons,Female,1953-09-22,Michelleborough,Oklahoma,India,2030784764,hernandezcory@example.org,INS102240,2025-04-28,2026-09-23
2242,Shaun Matthews,Female,1969-01-03,Port Kimberlyport,Arizona,India,3037904658,williamjimenez@example.org,INS102241,2025-08-09,2025-10-20
2243,David Carter,Female,1984-11-19,Port Cameron,Virginia,India,5650201096,djackson@example.org,INS102242,2025-03-04,2025-10-03
2244,Alicia Cline,Male,1961-03-01,Lake Tiffany,Mississippi,India,3686463932,davisnichole@example.org,INS102243,2024-06-02,2026-03-22
2245,Rebecca Cooper,Male,1989-08-05,Susanton,Connecticut,India,6730320194,vabbott@example.org,INS102244,2025-02-24,2025-11-09
2246,Ronald Barajas,Female,1962-07-08,Wilsonstad,West Virginia,India,0211407234,david09@example.net,INS102245,2025-08-29,2026-04-25
2247,Renee Lee,Female,1960-01-11,Duncanberg,Mississippi,India,1835121914,alvin31@example.com,INS102246,2024-07-17,2026-05-06
2248,Clarence Lucas,Female,1944-04-07,Phamburgh,Montana,India,4464660506,michael53@example.com,INS102247,2023-11-29,2026-04-05
2249,Derrick Anderson,Female,1979-09-28,North Robert,New York,India,3755898465,tbaker@example.com,INS102248,2025-07-10,2025-11-03
2250,Charles Nelson,Female,1990-07-01,West Joelmouth,Minnesota,India,6437021906,gregoryblair@example.com,INS102249,2024-06-28,2026-05-08
2251,Crystal Robinson,Male,1940-03-07,Port Marychester,Florida,India,0260146481,hudsondavid@example.org,INS102250,2024-05-13,2026-08-22
2252,Joel Avery,Male,1987-11-22,Kimberlytown,New Jersey,India,9260546090,lindsayshort@example.net,INS102251,2024-09-24,2025-10-01
2253,Kenneth Aguilar,Male,1964-11-22,New Lisashire,Indiana,India,7722048034,hbryant@example.net,INS102252,2024-04-09,2026-06-24
2254,Nathan Wolf,Female,2002-09-22,Tammyborough,South Carolina,India,1557644977,xsmith@example.org,INS102253,2023-11-12,2025-12-29
2255,Steven Guzman,Female,2008-03-28,New Julietown,Maine,India,6827004697,michael05@example.com,INS102254,2025-08-16,2026-03-14
2256,Alexandra Walters,Female,1962-06-09,Wangtown,Arizona,India,0579017397,gcisneros@example.org,INS102255,2024-05-31,2026-08-02
2257,Heather Reed MD,Female,1995-01-01,Harrisonburgh,New Mexico,India,1513576789,joseph67@example.com,INS102256,2025-03-22,2026-04-25
2258,Nicholas Herrera,Male,1986-10-04,Jessicaton,Nebraska,India,1071081778,michaelshannon@example.com,INS102257,2024-02-29,2026-04-07
2259,Taylor Jackson,Male,1972-08-19,East Kendra,Alabama,India,5607127846,williamsnicole@example.org,INS102258,2025-08-26,2026-01-18
2260,Denise Curry,Female,1985-02-02,Andrewfort,Arizona,India,8843385546,pottslisa@example.org,INS102259,2023-10-31,2026-01-09
2261,Sharon Doyle,Male,2001-05-17,Port Johnbury,North Carolina,India,2860942991,olivia13@example.net,INS102260,2025-02-08,2026-03-18
2262,Nathan Reynolds,Male,2008-05-13,Roseland,Nebraska,India,5957122907,ryanvelasquez@example.com,INS102261,2024-12-15,2025-11-11
2263,Laura Davis,Female,2000-11-11,Port Brandonmouth,Alabama,India,4183539537,qgarcia@example.net,INS102262,2025-02-27,2025-12-14
2264,James Ramos,Female,1949-12-18,East Daniel,Utah,India,0872522812,joshuachandler@example.net,INS102263,2024-03-13,2025-12-19
2265,Sara Reeves,Female,1955-05-22,South Deanna,Louisiana,India,3582123293,ashleysamuel@example.com,INS102264,2025-03-14,2025-10-05
2266,Caleb Morris,Female,2003-02-01,Mayoview,North Carolina,India,5445781926,hsmith@example.net,INS102265,2023-11-08,2026-09-14
2267,Jared Lynch,Female,2006-03-27,Garciaville,Alabama,India,2134653867,rachelrobinson@example.net,INS102266,2024-05-01,2026-01-06
2268,Jason Hess,Female,1959-11-29,West Christopher,North Carolina,India,3227898513,autumnmurphy@example.com,INS102267,2025-07-29,2026-07-16
2269,Emily Villanueva,Male,1959-09-20,Jameschester,Illinois,India,6682020008,sampsonandrea@example.net,INS102268,2024-05-26,2026-06-11
2270,Anne Jimenez,Male,1978-10-16,Lake Theresa,Michigan,India,2761550192,simsryan@example.net,INS102269,2025-03-08,2026-09-08
2271,Jon Carney PhD,Female,1963-02-20,North Robinmouth,Washington,India,0325775856,denise86@example.org,INS102270,2024-11-17,2026-02-08
2272,Stephanie Willis,Male,1966-09-05,Port Daniel,Oregon,India,8544142511,andersonchristopher@example.org,INS102271,2025-02-18,2025-12-13
2273,David Oconnor,Female,1973-05-28,West Darlene,Kentucky,India,2334620856,dsweeney@example.com,INS102272,2025-01-15,2026-07-19
2274,Clifford Ruiz,Female,1949-07-27,North Michelle,Louisiana,India,6310002514,nicholsvictoria@example.com,INS102273,2024-02-26,2026-05-27
2275,Jeffrey Huffman,Female,1991-05-04,South Matthewton,Iowa,India,6963377685,lijackie@example.org,INS102274,2025-01-16,2026-01-03
2276,Daniel Mendoza,Female,1947-02-02,West Donaldmouth,Utah,India,2235513973,kaitlyngiles@example.org,INS102275,2025-07-29,2025-11-28
2277,Adam Hunt,Male,1981-12-22,East Tracyfurt,Rhode Island,India,7786654325,matthewwells@example.net,INS102276,2024-07-20,2026-07-06
2278,Michael Benson,Female,1945-03-11,Lake Amandamouth,New Mexico,India,2551995857,anthony49@example.net,INS102277,2024-06-22,2026-07-04
2279,James Newton,Male,2005-05-06,Guzmanburgh,Colorado,India,8062320363,hallbrenda@example.net,INS102278,2023-12-17,2026-09-24
2280,Kelly Manning,Female,1947-09-22,East Johnland,New Mexico,India,3589459985,nwhite@example.com,INS102279,2025-03-18,2026-04-01
2281,Andrew Wright,Female,1986-11-18,Karenburgh,Wyoming,India,9690590723,kenneth55@example.com,INS102280,2024-10-13,2026-03-21
2282,Madison Hoover,Female,1975-04-15,East Joseph,Georgia,India,9740837364,lynchmichelle@example.com,INS102281,2024-10-30,2026-06-07
2283,Anna Wilson,Male,1996-09-26,Fostertown,Oklahoma,India,8683126598,byrddouglas@example.com,INS102282,2025-05-21,2026-01-06
2284,Crystal Bullock,Female,2002-12-27,New Christinabury,Nevada,India,3202708360,dmiles@example.com,INS102283,2025-07-06,2026-05-12
2285,John Evans DDS,Female,1999-07-12,East Marcus,Tennessee,India,8795014857,debra73@example.com,INS102284,2024-10-17,2026-08-24
2286,Zachary Anderson,Female,1952-06-20,North Matthewhaven,Idaho,India,6160425286,smerritt@example.com,INS102285,2023-11-20,2026-05-04
2287,Amanda Lam,Male,1939-08-29,Smithland,West Virginia,India,3674835504,andrea18@example.org,INS102286,2024-05-01,2026-06-04
2288,Richard Stevenson,Male,2001-04-05,East Adamstad,Maine,India,1024531421,osmith@example.org,INS102287,2025-07-17,2026-02-13
2289,Sarah Foster,Male,1984-07-15,Lake Ashleyfort,Michigan,India,0288971353,danielsapril@example.net,INS102288,2024-01-28,2026-02-07
2290,Jenna Smith,Female,1955-02-24,Smithhaven,New York,India,4116852117,ifisher@example.org,INS102289,2024-10-17,2026-08-25
2291,Katie Foster,Male,1941-01-17,Lake James,Rhode Island,India,8833398046,nancy02@example.com,INS102290,2024-03-02,2025-12-01
2292,Joe West,Female,1965-12-14,New Brooke,Oklahoma,India,4950984750,vargasmisty@example.net,INS102291,2024-09-23,2026-06-07
2293,Ashley Sweeney,Male,1972-06-20,East Ryanfort,Arkansas,India,5500173685,macevedo@example.net,INS102292,2025-06-23,2026-07-26
2294,William Roman,Male,2008-05-08,North Jorgeland,Missouri,India,1733083935,james92@example.net,INS102293,2025-03-21,2026-04-20
2295,Emily Schmidt,Female,1937-04-26,Lake Susanmouth,Connecticut,India,5998296871,nathanrobinson@example.com,INS102294,2025-01-04,2025-10-16
2296,Paige James,Male,1977-06-30,Port Jamieview,Illinois,India,3073420812,mcmillanmichael@example.net,INS102295,2024-02-27,2026-05-27
2297,Eric Blackburn,Female,1961-08-14,Alanport,South Dakota,India,5897843075,corysimpson@example.org,INS102296,2024-11-03,2025-11-19
2298,Kathryn Maynard,Female,1980-06-02,Jenniferton,Tennessee,India,5017354882,tanya96@example.com,INS102297,2024-09-03,2026-09-07
2299,Matthew Long,Male,1988-07-24,South Ricky,Oklahoma,India,8734992292,terri95@example.net,INS102298,2025-07-12,2025-11-20
2300,Amy Garrison,Female,1987-02-06,Richardsonmouth,New Hampshire,India,0916553832,anthony12@example.net,INS102299,2024-01-01,2026-02-19
2301,Shirley Johnson,Female,1958-08-07,Turnerburgh,West Virginia,India,5590177393,ehernandez@example.org,INS102300,2024-12-01,2026-06-23
2302,Jose Thompson,Male,1961-09-02,Colleenmouth,Mississippi,India,7363540359,marc22@example.com,INS102301,2024-11-30,2026-01-05
2303,Brian Mcbride,Male,1939-12-02,Bellmouth,North Dakota,India,2468839246,pflores@example.org,INS102302,2025-09-02,2026-05-29
2304,Brandon Mason,Female,1957-12-05,Michaelhaven,Texas,India,4486427449,kdelgado@example.net,INS102303,2024-09-03,2025-10-28
2305,Kevin Roberts,Male,1970-01-13,Wilsonberg,Minnesota,India,6244797486,dennisamy@example.org,INS102304,2024-10-07,2026-02-26
2306,Mr. Erik Chavez,Female,1998-05-27,Thomasstad,South Carolina,India,0713719875,michael35@example.net,INS102305,2024-02-25,2026-03-29
2307,Miranda Schmitt,Female,1953-10-09,West Stephanie,North Dakota,India,2204414013,ojensen@example.com,INS102306,2024-07-24,2026-09-09
2308,Jeffrey Hartman,Male,1978-11-06,Lake Brandi,Washington,India,1428773776,amandajohnson@example.org,INS102307,2025-06-21,2025-12-30
2309,Charles Williams,Male,1954-06-11,West Anthony,North Dakota,India,4950676518,wolfechristopher@example.com,INS102308,2024-01-12,2026-04-05
2310,Ryan Meadows Jr.,Male,1953-04-27,Robertmouth,Colorado,India,8852340428,zmccormick@example.net,INS102309,2025-01-11,2026-07-25
2311,Ariel Martin,Male,1983-12-02,New Douglasfort,Oregon,India,4747892558,efleming@example.com,INS102310,2025-01-20,2026-03-18
2312,Mark Rodriguez,Female,1987-11-14,Shawnfurt,Colorado,India,8224375977,kim90@example.org,INS102311,2024-07-24,2026-03-09
2313,Anthony Williams,Female,1992-05-11,North Brianmouth,Ohio,India,2223778129,zsalazar@example.net,INS102312,2025-01-15,2025-11-09
2314,Jennifer Williams DDS,Male,1980-04-16,North Bridget,Alabama,India,5997588516,epitts@example.net,INS102313,2023-10-29,2026-08-30
2315,Marco Park,Male,1971-07-26,South Josechester,Louisiana,India,3015666565,lindawilliams@example.net,INS102314,2023-10-29,2025-12-09
2316,Mr. Billy Smith,Female,1988-11-23,Cassidyville,Nevada,India,5107510361,ywilliams@example.org,INS102315,2024-09-24,2026-06-01
2317,Valerie Ballard,Female,1959-01-14,Lopezview,Arkansas,India,3511919507,laura54@example.org,INS102316,2024-06-17,2026-09-04
2318,Adam Phelps,Female,1988-11-24,Hernandezport,Connecticut,India,2057864354,brittneyfrye@example.org,INS102317,2024-03-21,2025-12-09
2319,Austin Ward,Female,1962-03-28,South Ericaberg,Oregon,India,4099837667,hjones@example.org,INS102318,2024-03-31,2026-07-12
2320,Michele Zimmerman,Male,1979-07-23,Tracyhaven,North Carolina,India,0439401159,monique10@example.org,INS102319,2025-04-08,2026-02-06
2321,Laura Wu,Female,1963-02-06,South Pamela,Pennsylvania,India,8689736247,jon67@example.org,INS102320,2025-06-01,2026-01-01
2322,Shawn West,Female,1993-11-29,Douglasmouth,New Hampshire,India,1338257576,salinaskevin@example.net,INS102321,2025-06-05,2025-11-17
2323,Sandra Calderon,Male,1953-08-26,Gordonland,Oklahoma,India,0803711593,edwin38@example.com,INS102322,2025-06-16,2025-12-22
2324,Megan Woodard,Female,1936-12-29,Copelandton,Oklahoma,India,0141476752,hfuentes@example.net,INS102323,2023-11-09,2026-08-29
2325,Sarah Harmon,Female,1944-11-04,Smithshire,Arizona,India,6589867198,justin40@example.net,INS102324,2025-09-13,2025-12-21
2326,Michael Rodriguez,Male,2000-08-17,North Michael,Arkansas,India,6820759713,ambermcknight@example.org,INS102325,2024-02-06,2026-08-30
2327,Valerie Cortez,Male,1985-09-06,West Rachael,Missouri,India,9064524184,weissjohn@example.com,INS102326,2025-03-26,2026-01-11
2328,Christine Wolfe,Male,1982-01-20,Port Sierratown,Idaho,India,0990352602,bhill@example.net,INS102327,2024-07-20,2026-03-21
2329,Gabriel Sanford,Female,1957-08-09,Michaelview,Oklahoma,India,6692681511,robertsjonathan@example.net,INS102328,2023-12-15,2026-04-18
2330,Tyler Benitez,Female,1978-07-18,Lake Michael,New York,India,3146639709,amandaharris@example.net,INS102329,2023-12-04,2025-10-09
2331,Kelly Novak,Male,1938-02-16,East Jenniferbury,Wisconsin,India,4199178886,ssutton@example.net,INS102330,2025-02-26,2025-11-17
2332,Justin Carter,Male,1982-11-04,New David,Utah,India,1130936094,allison16@example.net,INS102331,2025-02-27,2026-03-13
2333,Tara Deleon,Female,2000-03-05,Joshuaport,Utah,India,6151277181,qperry@example.net,INS102332,2025-06-15,2026-05-24
2334,Gavin Robertson,Male,1992-03-23,North Lindaland,Oregon,India,6935718839,whitejeffrey@example.net,INS102333,2024-06-16,2026-09-25
2335,Christopher Huang,Male,1946-09-02,South Danielleborough,California,India,6779616536,beckalicia@example.net,INS102334,2025-09-16,2026-09-29
2336,Derrick Sloan,Male,1964-02-27,Lake Timothy,New Mexico,India,3175885831,brownjames@example.com,INS102335,2025-02-26,2026-07-15
2337,Curtis Peterson,Female,1971-02-19,Mendezport,Rhode Island,India,1112328740,qbrown@example.org,INS102336,2024-06-16,2026-07-04
2338,Christina Sanders,Female,1951-04-29,Richardsbury,Oklahoma,India,6247217543,delgadomisty@example.com,INS102337,2024-04-17,2026-05-03
2339,John Holland,Female,1953-05-10,Cantrellborough,Connecticut,India,1386278909,humphreyaustin@example.net,INS102338,2025-06-05,2026-03-30
2340,Richard Contreras,Female,2006-05-15,New Debbie,New Jersey,India,1843180434,pwilliams@example.com,INS102339,2025-04-24,2026-07-04
2341,Jessica Obrien,Female,1975-11-01,Rhondaland,Connecticut,India,5986381361,wpeck@example.net,INS102340,2024-01-27,2026-09-26
2342,Desiree Carroll DVM,Female,1962-09-19,Port Michael,Michigan,India,9196941178,rford@example.net,INS102341,2025-02-08,2026-09-12
2343,Stephen Marshall,Male,1979-06-10,North Alexisshire,Kentucky,India,3104518586,olivia76@example.com,INS102342,2024-12-04,2026-06-30
2344,Tammy Osborne,Female,1975-11-18,Montgomerytown,Ohio,India,1375016072,kathleen89@example.org,INS102343,2025-06-05,2026-04-16
2345,Kristi Hunter,Female,1986-07-21,South Paul,Missouri,India,1849556436,davidmoore@example.net,INS102344,2024-07-18,2025-11-28
2346,Shane Russo,Male,2003-05-02,Ericbury,Alaska,India,6181042867,wolfestephen@example.net,INS102345,2024-06-09,2026-07-09
2347,Charles Clarke,Female,1997-02-02,Jessicachester,Alabama,India,5346976112,bradleyjason@example.com,INS102346,2025-01-20,2026-09-22
2348,Jessica Parks,Female,1996-11-13,Port Amberton,Massachusetts,India,4469069675,allisonbrowning@example.org,INS102347,2023-12-02,2025-12-21
2349,Joshua Cook,Male,1994-10-31,Castilloland,Nevada,India,1281961728,xrodriguez@example.net,INS102348,2024-04-10,2025-12-13
2350,Jesse Williams,Male,1975-06-19,Jonbury,Rhode Island,India,2042092200,hillamy@example.org,INS102349,2025-08-04,2026-04-21
2351,Robert Schneider,Male,1936-02-02,North Johnfort,Arizona,India,0404259514,michael10@example.net,INS102350,2025-04-19,2025-12-21
2352,Kelly Flores,Female,1969-04-12,Andersonstad,New Mexico,India,5954313718,dawn22@example.org,INS102351,2025-05-05,2026-09-13
2353,Jessica Phillips,Male,1943-12-31,New Ryanberg,California,India,1557494411,kim12@example.com,INS102352,2025-07-14,2026-09-18
2354,Carly Douglas,Female,2004-04-07,Annaton,Michigan,India,9744676769,rcarlson@example.org,INS102353,2025-06-05,2026-03-02
2355,Robert Young,Female,1953-01-27,New Amyport,Arizona,India,4042567071,roberto59@example.net,INS102354,2024-04-14,2026-08-04
2356,Mrs. Heather Pierce,Female,2004-03-13,South Mariachester,North Dakota,India,4877027879,bsmith@example.org,INS102355,2024-01-27,2026-08-25
2357,Gerald Allen,Female,1961-12-05,New Hannah,North Carolina,India,6766423753,elizabethwalker@example.net,INS102356,2024-12-08,2026-01-23
2358,Susan Li,Male,1983-12-02,Martinezmouth,Idaho,India,9016668898,racheloneal@example.com,INS102357,2024-11-25,2026-08-25
2359,Craig Dixon,Male,1979-07-08,South Jasmine,Idaho,India,2945269926,isutton@example.com,INS102358,2024-10-01,2026-05-31
2360,James Ritter,Female,1984-09-21,Danielhaven,Louisiana,India,2538178457,phillipsryan@example.org,INS102359,2025-04-20,2026-03-28
2361,Lori Hill,Male,1936-08-07,Kingtown,California,India,7775842602,villanuevaclayton@example.com,INS102360,2025-09-24,2026-03-21
2362,Taylor Mclean,Female,1978-03-17,Port Amberton,Michigan,India,5526770648,kimberlyrussell@example.com,INS102361,2023-12-16,2026-07-12
2363,Amanda Walker,Female,1946-04-06,Riverahaven,Mississippi,India,2838510954,sierra03@example.net,INS102362,2024-09-25,2026-03-28
2364,Barbara Duncan,Female,1966-04-12,Jameshaven,Arkansas,India,8719399505,emendez@example.com,INS102363,2025-03-07,2026-01-03
2365,Ian Barrera,Male,1961-01-12,West Chrismouth,Tennessee,India,2563649176,johnwhite@example.net,INS102364,2024-03-22,2026-07-27
2366,William Campbell,Female,1951-03-28,Christineburgh,New Mexico,India,5698069000,phopkins@example.com,INS102365,2025-06-11,2026-08-28
2367,Karen Wagner,Female,1942-03-22,New Emily,Kansas,India,8555612782,robertwilson@example.net,INS102366,2024-06-11,2026-01-13
2368,Andrea Gardner,Male,1998-09-13,New Johnside,Arizona,India,4080314962,emily41@example.net,INS102367,2024-03-31,2026-07-26
2369,Justin Goodwin,Male,2008-03-06,Port Melissa,Alaska,India,6810908082,amyrichardson@example.com,INS102368,2025-06-30,2026-09-08
2370,Kelly Howell,Male,1982-10-25,Port Christophermouth,Iowa,India,2401298574,lucasdanielle@example.org,INS102369,2023-12-22,2025-10-11
2371,Kathy Carrillo,Male,2005-03-22,New Mikemouth,New Mexico,India,1730037295,susan77@example.net,INS102370,2024-09-04,2026-01-07
2372,Roberto Frey,Female,1954-09-30,Peckfort,New Mexico,India,3911495471,agarcia@example.org,INS102371,2025-05-27,2026-05-19
2373,Kelly Martin,Male,1970-05-22,Lorrainefort,Arizona,India,6429247891,sydney17@example.com,INS102372,2024-01-02,2025-12-24
2374,Kevin Price,Female,1978-07-22,Port Trevorchester,Utah,India,5874749110,tracyholloway@example.net,INS102373,2024-01-26,2026-06-08
2375,Sandra Cruz,Male,2005-07-02,Sergioview,Massachusetts,India,4623377647,sarah52@example.org,INS102374,2023-12-31,2026-01-12
2376,Robert Fields,Male,1936-06-09,Oliviamouth,Hawaii,India,1173453799,james82@example.com,INS102375,2025-07-18,2026-05-23
2377,Leah Gilmore,Male,1958-02-22,Juliaport,Arkansas,India,3208696906,adavis@example.org,INS102376,2024-01-06,2026-08-27
2378,Pamela Lawson,Male,1938-12-05,Richbury,Montana,India,3600933193,kimberlypatterson@example.com,INS102377,2025-08-23,2026-07-07
2379,Jason Byrd,Male,1973-07-03,Wagnerbury,Kansas,India,3558679578,jimmy78@example.org,INS102378,2025-08-04,2026-09-17
2380,Michelle Martin,Male,1954-05-30,Port Kaitlynside,South Carolina,India,1980937140,mooreamanda@example.org,INS102379,2025-08-10,2025-11-08
2381,Sarah Reid,Female,1977-03-06,Port Charles,Oregon,India,9739476900,wandarodgers@example.com,INS102380,2025-05-13,2026-08-14
2382,Andrew Nguyen,Male,1957-08-05,South Brandonburgh,Maine,India,6108181464,jeromevargas@example.com,INS102381,2025-07-03,2026-08-21
2383,Marissa Parker,Male,1972-03-13,West Daniel,Oklahoma,India,4147245213,mark45@example.net,INS102382,2024-12-10,2026-09-18
2384,Terri Savage,Male,1987-06-28,Harrisbury,Wisconsin,India,7192616302,smithterri@example.com,INS102383,2024-09-13,2026-06-25
2385,Carlos Cooper,Male,1945-10-13,Jaimeville,Maine,India,8771201578,lisasmith@example.com,INS102384,2024-05-16,2026-08-31
2386,Chelsea Miller,Female,1961-04-16,Fernandezmouth,Massachusetts,India,2947553824,ryan81@example.com,INS102385,2025-05-17,2026-07-21
2387,Elizabeth Mcclure,Male,2001-04-20,Port Peggyberg,North Carolina,India,1743164861,samuel05@example.com,INS102386,2024-06-02,2026-05-28
2388,Melanie Parker,Male,1995-04-04,Hillchester,Utah,India,3244427038,matthewjones@example.com,INS102387,2024-01-09,2026-04-08
2389,Paula Floyd,Male,1937-12-10,Port Barry,Tennessee,India,7466409316,michael40@example.org,INS102388,2025-01-24,2026-06-25
2390,Roger Cox,Male,2006-08-29,West Leonardchester,Alabama,India,3543449975,jamesnathan@example.com,INS102389,2025-08-04,2026-05-04
2391,Lisa Davis,Female,1973-01-16,West Ryanville,West Virginia,India,0583679955,rodriguezalan@example.com,INS102390,2024-03-14,2026-02-28
2392,Amanda Kent,Male,1969-11-03,Millerberg,Vermont,India,5401977306,kristybowers@example.org,INS102391,2025-04-28,2026-07-02
2393,Robert Fox,Female,1996-03-21,Moniquebury,Virginia,India,7986440123,pthompson@example.org,INS102392,2024-03-19,2026-07-27
2394,Patricia Smith,Male,2002-01-21,South Kenneth,Tennessee,India,2231946691,ssavage@example.com,INS102393,2024-03-10,2026-01-06
2395,David Ingram,Female,1936-01-23,Walkerside,Nevada,India,9180854959,yhumphrey@example.net,INS102394,2024-09-11,2026-09-27
2396,Edward David,Female,1957-12-22,Bobbystad,Wyoming,India,5200085927,cindyclark@example.net,INS102395,2024-05-09,2025-10-06
2397,Charles Hamilton,Male,1938-08-14,Ashleychester,Illinois,India,4617596567,cynthia44@example.org,INS102396,2025-09-29,2025-11-17
2398,Tyler Evans,Male,1936-03-29,Martinezberg,Kansas,India,3112251207,carol38@example.com,INS102397,2024-02-07,2026-03-25
2399,Christopher Christensen,Female,1998-09-04,Port Laurachester,West Virginia,India,2653200924,richard14@example.com,INS102398,2024-03-25,2026-08-01
2400,Nathan Clark,Female,1946-09-25,West Aaron,Connecticut,India,1063320375,timothy63@example.com,INS102399,2024-06-17,2026-06-13
2401,Jonathan Kirby,Male,1985-09-28,Beanfurt,New Jersey,India,9467356038,sgonzalez@example.org,INS102400,2024-12-29,2026-08-01
2402,Jamie Jackson,Female,1969-07-19,Port Timothychester,Nevada,India,1762870975,joseph12@example.net,INS102401,2025-04-01,2026-03-09
2403,Luis Brown,Female,2000-03-28,Portershire,Maine,India,8450046306,david49@example.com,INS102402,2025-09-06,2025-10-31
2404,Robert Ramos,Female,1943-12-14,Clarkberg,Maine,India,0924651285,kayleecallahan@example.com,INS102403,2024-12-07,2026-08-28
2405,Bradley Haley,Male,1959-03-07,Jenniferfurt,Alabama,India,8958089902,jeremyriggs@example.org,INS102404,2024-06-12,2026-04-25
2406,Madison Parker,Female,1942-07-27,North Travis,Texas,India,2680801868,edwardsjoshua@example.net,INS102405,2025-03-05,2026-05-16
2407,Heather Johnson,Female,1981-11-03,North Jamesborough,Maryland,India,5373790354,harold57@example.org,INS102406,2025-02-12,2026-04-25
2408,Joseph Taylor,Female,1963-05-22,New Angela,West Virginia,India,8943195729,vincentgonzalez@example.net,INS102407,2025-06-27,2026-05-12
2409,Steven Montoya,Male,2002-05-28,Taylorton,Iowa,India,4429626611,shawnhammond@example.com,INS102408,2025-06-29,2026-09-16
2410,Charles Miller,Male,1938-12-09,Port Ashleychester,North Dakota,India,9141597493,conleybenjamin@example.com,INS102409,2024-02-09,2026-05-14
2411,Janet Nguyen,Female,1959-02-15,Johnbury,Nevada,India,2611999648,thomaslopez@example.org,INS102410,2024-07-28,2026-05-26
2412,Melissa Nash,Male,1963-01-15,New Dawn,New Hampshire,India,4473716394,schaefercourtney@example.net,INS102411,2025-05-11,2026-03-06
2413,Steven Ramirez,Female,1990-03-04,Billymouth,Indiana,India,5935768554,dixonmichael@example.net,INS102412,2024-09-04,2025-12-16
2414,Lisa Lucero,Male,1966-08-26,Jeremyhaven,South Dakota,India,2102856535,stephenbarrera@example.org,INS102413,2025-05-02,2025-12-28
2415,April Gibbs,Male,1981-11-08,North Carrieview,Maryland,India,7067598412,martin70@example.net,INS102414,2024-06-05,2026-01-27
2416,Aaron Williams Jr.,Female,1998-01-11,Thomasland,Alaska,India,9838881849,james90@example.net,INS102415,2023-11-18,2025-11-27
2417,Mariah Good,Male,2008-07-02,West Tracybury,Delaware,India,1398716298,ebradley@example.net,INS102416,2025-05-15,2026-06-16
2418,Kristin Rodriguez,Male,1990-10-09,New Elizabethberg,North Carolina,India,9239063937,michael79@example.com,INS102417,2024-09-29,2026-08-03
2419,Brian Newton,Male,1982-01-03,Port Henryshire,Hawaii,India,2966850602,myerscatherine@example.net,INS102418,2025-08-31,2026-09-26
2420,Gina Lee,Female,1973-07-11,New Tinaburgh,Pennsylvania,India,0604328570,crystal32@example.net,INS102419,2024-07-17,2026-05-30
2421,Gregory Lewis,Male,1953-06-02,Paulfurt,Louisiana,India,5771826065,nicolehamilton@example.org,INS102420,2024-11-08,2026-04-02
2422,Shannon Osborn,Male,1953-04-18,East Ericville,Rhode Island,India,0781124038,melissa67@example.org,INS102421,2025-04-26,2026-06-30
2423,Eugene Berry,Female,1970-12-20,South Matthew,Florida,India,3229263106,sheila61@example.net,INS102422,2024-02-14,2026-02-10
2424,David Kennedy,Male,1983-12-09,New Thomasmouth,Arizona,India,5645439426,tolsen@example.com,INS102423,2024-02-22,2026-05-13
2425,David Fisher,Male,1942-03-03,Karenborough,Louisiana,India,2674570010,moralescarolyn@example.com,INS102424,2024-01-19,2026-06-03
2426,Matthew Williams,Male,2001-10-15,Brettview,Maryland,India,7574976139,xgarcia@example.net,INS102425,2024-01-26,2026-01-18
2427,Jamie Sanders,Male,1980-02-17,South Christinaburgh,Utah,India,6900384441,robert02@example.com,INS102426,2024-10-10,2025-10-13
2428,Andrew Pena,Male,1980-10-07,Johnborough,Pennsylvania,India,8278217027,hbishop@example.org,INS102427,2025-09-19,2026-01-02
2429,John Hughes,Female,1970-11-28,Jenniferland,West Virginia,India,3538723174,bettyharris@example.com,INS102428,2025-07-15,2026-06-27
2430,Erika Espinoza,Female,1982-12-16,Rhondabury,Vermont,India,9470279166,epham@example.org,INS102429,2025-09-14,2026-05-02
2431,Marcus Huffman,Male,1971-08-15,Brandonbury,Colorado,India,0400614070,brettcox@example.net,INS102430,2024-10-01,2026-02-08
2432,Ashley Smith,Male,1992-07-31,Lake Davidshire,Nevada,India,7619957020,lisa51@example.net,INS102431,2024-01-09,2026-09-04
2433,Kelly Sanchez,Male,1967-06-12,Chadton,Kansas,India,1105482843,dustinhendrix@example.org,INS102432,2025-02-03,2026-04-15
2434,Travis Nunez,Female,1964-01-15,South Travis,Wyoming,India,9582583511,krystal90@example.com,INS102433,2024-06-13,2026-01-28
2435,Lisa Heath,Female,1983-04-22,Shawview,Washington,India,1724412380,julianaguirre@example.net,INS102434,2023-10-08,2025-10-12
2436,Mary Glass,Male,2000-11-28,Destinyberg,Arizona,India,5454127078,courtney87@example.net,INS102435,2024-09-07,2026-08-14
2437,Cheryl Jones,Male,1976-08-19,Raymondmouth,Wyoming,India,8923656551,stanleydrew@example.org,INS102436,2024-04-29,2026-04-04
2438,Suzanne Clark,Female,1984-08-11,Christopherton,Idaho,India,7797254286,sarahboyer@example.org,INS102437,2025-03-15,2025-10-16
2439,Grace Garcia,Male,1936-05-21,East Kevinfurt,Indiana,India,2787204453,gshaw@example.org,INS102438,2023-12-05,2026-04-15
2440,Brandon Scott,Female,1980-01-25,Warrentown,West Virginia,India,3444156703,emily43@example.com,INS102439,2025-03-22,2026-01-21
2441,Peter Johnston,Female,1954-06-26,Donnaburgh,Iowa,India,8232018322,bmartinez@example.net,INS102440,2025-06-02,2026-01-08
2442,Rhonda Simmons,Male,1953-12-30,Port Laura,Kansas,India,0453812509,cainmelissa@example.net,INS102441,2025-01-02,2026-02-02
2443,Jennifer Mahoney,Female,1979-08-14,New Alexandra,Virginia,India,8014010188,katelynmcclure@example.net,INS102442,2024-07-23,2026-06-25
2444,Carol Young,Male,1959-06-02,Brownborough,Arizona,India,4601428261,pamela07@example.net,INS102443,2024-06-07,2026-04-05
2445,Alicia Stewart,Male,1980-05-20,New Thomasfurt,Vermont,India,8046478651,carriehampton@example.com,INS102444,2024-08-01,2026-01-15
2446,Laura Williams,Male,1997-04-11,East Joshua,Hawaii,India,2362993234,kevinmoore@example.net,INS102445,2023-12-09,2026-07-13
2447,Antonio Fowler,Male,2001-01-31,Morganmouth,Mississippi,India,4784214701,carl27@example.org,INS102446,2025-07-30,2026-02-21
2448,Roberta Fernandez,Male,1990-07-03,Margaretstad,Alaska,India,0051683841,hendersonangela@example.org,INS102447,2023-10-14,2026-03-10
2449,Valerie Hodges,Male,1958-06-17,Fosterport,Montana,India,0794603450,zachary12@example.com,INS102448,2024-05-23,2026-07-20
2450,Monique Parker,Female,1986-12-18,South Patrickbury,North Carolina,India,0624297724,joanjohnston@example.com,INS102449,2024-08-23,2025-12-18
2451,Bobby Maldonado,Female,1971-07-02,North Donna,South Dakota,India,6087711891,princerandy@example.org,INS102450,2025-04-26,2025-10-30
2452,Matthew Hammond,Female,1957-04-14,Rodriguezside,Florida,India,4028125901,john81@example.com,INS102451,2025-09-17,2026-04-06
2453,Michael Brown,Female,1944-03-07,Andrewmouth,North Dakota,India,6517291340,mgutierrez@example.org,INS102452,2024-11-15,2026-09-03
2454,Laurie Davis,Male,1952-02-01,North Kimberlyburgh,Wisconsin,India,6958013767,maldonadodaniel@example.net,INS102453,2025-01-17,2026-03-03
2455,James Aguilar,Female,1984-11-30,Lauriechester,West Virginia,India,8377668794,jessicablackwell@example.com,INS102454,2024-08-12,2026-06-03
2456,Michelle Snyder,Female,1983-02-14,New Stephanie,South Dakota,India,2730410861,leonardashley@example.org,INS102455,2025-08-29,2026-05-07
2457,Karen Todd,Female,1961-11-02,New Stephenchester,Virginia,India,0812230505,vsharp@example.org,INS102456,2023-10-08,2026-06-25
2458,Kevin Downs,Male,1944-01-22,Wolfeborough,Delaware,India,3200628973,ngarcia@example.net,INS102457,2024-04-24,2026-08-28
2459,April Palmer,Female,1967-04-01,Marquezstad,Connecticut,India,4843918867,sherrijoseph@example.com,INS102458,2025-07-28,2025-10-20
2460,Laura Dudley,Male,1960-06-23,Manningstad,Nevada,India,3583097584,ana24@example.net,INS102459,2024-08-09,2025-10-11
2461,Dakota Ford,Female,1982-03-26,Howellport,Texas,India,6000116184,fsparks@example.net,INS102460,2023-10-16,2025-10-21
2462,Dustin Martinez,Male,1957-07-20,South Judy,Kentucky,India,6529025522,michelle28@example.com,INS102461,2024-02-01,2025-11-11
2463,Pamela Schwartz,Male,1998-10-07,New Bryan,Illinois,India,8278268662,watersanthony@example.com,INS102462,2025-05-22,2026-07-06
2464,Elizabeth Combs,Female,2007-07-04,Douglasbury,Alaska,India,9789094562,isabella40@example.org,INS102463,2023-10-02,2026-09-20
2465,Janet Jenkins,Male,1962-04-11,Carrollshire,Hawaii,India,9259083241,robertnicholson@example.org,INS102464,2025-02-23,2026-03-12
2466,Nathaniel Blackwell,Male,1977-10-31,South Kimberlyton,Wisconsin,India,2602530440,melissa84@example.org,INS102465,2025-03-23,2026-05-27
2467,Jared Fowler,Female,2002-03-30,East Daniel,Indiana,India,5268397090,dukesylvia@example.com,INS102466,2025-09-22,2026-07-08
2468,Richard Jones,Female,1986-02-19,Richardport,Oregon,India,8843552677,floreskayla@example.net,INS102467,2024-03-28,2026-03-25
2469,Taylor Hunter,Female,1999-07-15,New Richardland,Wisconsin,India,1788763214,jasonhaley@example.org,INS102468,2025-07-06,2026-06-07
2470,Karen Sampson,Male,1989-06-08,South Andrea,Wisconsin,India,6329530896,xpatel@example.net,INS102469,2025-04-24,2025-10-01
2471,Nancy Rodriguez,Male,1978-07-25,Lake Jenniferland,Texas,India,5698755671,taylorharris@example.org,INS102470,2025-06-03,2025-11-20
2472,Denise Braun,Male,1938-09-01,Monicaland,Washington,India,9775487642,johnwade@example.org,INS102471,2023-10-14,2025-12-30
2473,Dylan Walker,Female,1960-08-24,Morenomouth,Kentucky,India,7600338548,amberlandry@example.com,INS102472,2024-05-16,2026-09-20
2474,Zachary Nichols,Male,1956-12-27,Johnsonberg,Vermont,India,9504710910,todd67@example.net,INS102473,2024-02-12,2026-07-08
2475,Krystal Rice,Male,1959-12-29,New Jenniferfurt,Pennsylvania,India,3264000085,joanna39@example.org,INS102474,2025-01-26,2025-10-14
2476,Sherry Davis,Male,1974-11-04,Escobarton,Arizona,India,9832308849,michael61@example.com,INS102475,2024-06-19,2025-10-13
2477,Douglas Walker,Male,1995-05-30,Kristinafort,New Hampshire,India,2124993494,fstanley@example.net,INS102476,2025-05-09,2026-07-15
2478,Melanie Jones,Male,1966-06-15,East Chelseastad,Georgia,India,5496577787,wallashley@example.net,INS102477,2024-10-25,2026-07-18
2479,Andrea Harvey,Male,2002-04-24,New Andrewshire,South Dakota,India,5787442367,gburnett@example.com,INS102478,2024-04-29,2026-03-11
2480,Alexandra Smith,Male,1987-03-26,Palmerside,Maine,India,4824860894,heather40@example.net,INS102479,2024-06-14,2026-02-13
2481,Benjamin David,Female,1994-08-05,South Charles,Rhode Island,India,7773146401,linda41@example.com,INS102480,2024-11-02,2026-06-22
2482,Alyssa Rodgers,Female,1951-08-15,Darrellborough,Indiana,India,1031711482,dayelizabeth@example.net,INS102481,2024-03-08,2025-11-30
2483,Amanda Solis,Female,1991-06-24,Taylorview,Iowa,India,6880168818,whiteeric@example.com,INS102482,2024-09-02,2026-03-23
2484,Ms. Theresa Thomas,Male,1972-03-11,East Caleb,Georgia,India,6697136219,imurphy@example.org,INS102483,2024-12-30,2025-12-23
2485,Shelly Cooper,Male,1954-06-26,Patrickfurt,Idaho,India,1810454558,vrush@example.org,INS102484,2024-04-26,2026-06-03
2486,Bethany Phillips,Female,1948-04-24,Danielstad,North Dakota,India,5457203224,manningtimothy@example.com,INS102485,2023-12-16,2025-10-25
2487,Joshua Carpenter,Male,2005-04-18,Whiteberg,Idaho,India,4939433783,troy40@example.com,INS102486,2025-09-17,2026-09-29
2488,Terri Wilkerson,Female,1937-10-05,North Marcus,Iowa,India,3889900862,john29@example.org,INS102487,2023-10-16,2025-12-08
2489,Lonnie Morgan,Male,1984-02-26,South Lindsayville,Vermont,India,9060457742,jennifer56@example.net,INS102488,2024-01-02,2026-09-27
2490,Brian Bass,Male,1942-01-06,Jonathanchester,Maine,India,6051680516,tyler37@example.org,INS102489,2024-10-04,2025-12-25
2491,Jennifer Mclaughlin,Female,1999-11-04,Robertview,Minnesota,India,2693526672,tgarcia@example.com,INS102490,2025-02-22,2026-09-11
2492,Melanie Lowery,Female,1980-01-01,Emilyfort,Kentucky,India,8232677504,steven26@example.org,INS102491,2025-01-21,2026-01-28
2493,Rhonda Wiggins,Female,1950-11-10,North Ashleymouth,California,India,3659760468,kenneth16@example.com,INS102492,2024-11-15,2026-02-21
2494,Anna Burke,Female,1979-08-03,North Mary,Connecticut,India,6006380700,martinjared@example.com,INS102493,2024-04-26,2026-02-13
2495,Michael Price,Female,1951-02-21,Lake Pamela,California,India,3321559928,ugilmore@example.net,INS102494,2024-08-16,2026-04-12
2496,David King,Male,1977-01-14,Burtonfort,Illinois,India,6027238993,kochjimmy@example.org,INS102495,2025-08-17,2026-07-13
2497,Bryan Bell,Male,1954-10-06,West Katelyn,Iowa,India,9282357760,thomasmartinez@example.net,INS102496,2025-05-30,2026-05-27
2498,Ronald Edwards,Male,1968-04-30,Ryanhaven,Mississippi,India,2001940661,randy20@example.com,INS102497,2023-11-18,2026-04-04
2499,Angela Franklin,Female,2003-05-09,Shahshire,Kentucky,India,4952055955,blackmary@example.com,INS102498,2024-03-21,2026-07-02
2500,Michelle White,Female,1994-11-09,Hayesmouth,Alabama,India,2961995110,thompsonbrianna@example.org,INS102499,2025-05-18,2026-04-24
2501,Erik Richards,Female,1973-08-15,North Angelabury,West Virginia,India,4281849420,uelliott@example.com,INS102500,2025-07-26,2026-09-05
2502,Wendy Thomas,Female,1954-06-22,Maryton,Connecticut,India,7445361938,katrinadunn@example.org,INS102501,2024-06-23,2026-07-10
2503,Kristin Perkins,Female,1959-08-29,Port Emily,Texas,India,8251082657,mahoneyemily@example.net,INS102502,2024-04-11,2026-03-10
2504,Mallory Kane,Female,1987-07-24,Saundersstad,Hawaii,India,7021852608,kimberly71@example.org,INS102503,2024-02-09,2026-08-23
2505,Rachel Todd,Male,2007-07-14,Stephanieton,Maryland,India,9262664685,ericmora@example.com,INS102504,2024-08-04,2026-03-30
2506,Brent Sanchez,Male,1991-09-16,East Johnmouth,Hawaii,India,9836110858,projas@example.com,INS102505,2024-11-01,2026-01-12
2507,David Pierce,Male,1970-08-14,West Andrewburgh,North Dakota,India,9961519390,cruzmike@example.com,INS102506,2025-02-10,2026-08-24
2508,Lisa Russo,Male,1981-09-04,Port Zoehaven,Mississippi,India,2582417297,ohensley@example.net,INS102507,2024-02-07,2026-05-26
2509,Destiny Nichols,Male,1951-12-26,Waynefort,Oklahoma,India,5824795077,egray@example.net,INS102508,2025-05-29,2026-01-24
2510,Mark Carey,Female,1961-12-02,North Hollyton,Alabama,India,2334009766,qmartinez@example.net,INS102509,2023-11-19,2026-07-26
2511,Misty Gonzalez,Female,1965-03-16,South Davidhaven,Tennessee,India,5217049975,johnnychaney@example.org,INS102510,2024-08-22,2026-04-17
2512,Mr. Michael Casey,Female,1964-12-28,West Theresa,Texas,India,1961220511,briannacoleman@example.org,INS102511,2025-09-23,2026-04-29
2513,Mrs. Tina Leon,Female,1959-05-24,North Tracey,Massachusetts,India,4990964964,ghenry@example.com,INS102512,2025-03-08,2026-05-11
2514,Natalie Richardson,Female,1989-04-01,Patriciaton,South Carolina,India,7148244543,joe38@example.com,INS102513,2025-05-13,2026-04-24
2515,Laura Wright,Female,1955-07-25,New Craigborough,Indiana,India,8017683207,vazquezandrea@example.org,INS102514,2025-02-19,2025-12-20
2516,Bonnie Smith,Male,1997-11-23,North Willie,Wisconsin,India,1950394278,john35@example.com,INS102515,2023-12-19,2026-03-15
2517,Lindsey Mason,Female,1952-11-12,Rosalesport,Maine,India,1548080719,plewis@example.net,INS102516,2025-06-21,2026-05-30
2518,Ashley Jones,Female,1981-02-24,Wellsport,North Dakota,India,9296110312,tharris@example.net,INS102517,2025-09-12,2026-07-05
2519,Jennifer Hardin,Female,1987-04-26,Englishville,Massachusetts,India,2635692862,jperry@example.net,INS102518,2023-10-31,2025-11-04
2520,Brian Ray,Female,1991-03-18,Allenshire,Texas,India,4219196076,potterkathryn@example.net,INS102519,2025-03-19,2026-03-19
2521,Christian Gillespie,Male,1979-07-07,East Anthonyville,Montana,India,6833910638,christianjennifer@example.org,INS102520,2025-02-07,2026-04-22
2522,Vincent Chan,Male,1995-10-15,West Markmouth,Minnesota,India,1932391363,robert94@example.net,INS102521,2025-08-27,2026-02-11
2523,Patricia Morales,Female,1950-03-28,Lake Carolyn,Nevada,India,8111507679,melissa13@example.org,INS102522,2024-10-07,2025-12-05
2524,Janice Allen,Male,1971-08-16,Brownland,California,India,2634298010,qcampbell@example.com,INS102523,2024-01-06,2025-11-09
2525,Rebecca Lowe,Male,1975-07-25,East Cynthia,Oklahoma,India,6133573454,steven11@example.org,INS102524,2024-12-01,2026-05-22
2526,Christopher Landry,Female,1990-12-04,Jonesmouth,Virginia,India,6044292919,taranavarro@example.org,INS102525,2024-07-30,2026-03-16
2527,Daniel Reese,Female,1986-04-24,Campbellville,Delaware,India,9417314328,mccoygabriel@example.net,INS102526,2025-03-16,2026-02-04
2528,Wayne Wright,Female,1995-12-28,West Richardfurt,Ohio,India,4113735510,david10@example.com,INS102527,2025-01-19,2026-08-10
2529,Alejandra Hernandez,Female,1990-12-05,Whiteheadbury,Georgia,India,6731876095,turnerdavid@example.com,INS102528,2025-02-22,2026-05-06
2530,Jonathan Mcclure,Female,1948-02-01,Smithland,Kansas,India,5312381113,hdavidson@example.net,INS102529,2025-04-18,2026-07-18
2531,Michael Fox,Male,1979-09-27,South Kevinburgh,Vermont,India,6277303578,garcianicole@example.com,INS102530,2024-09-24,2026-02-05
2532,John Tyler,Female,1982-04-29,Trevorhaven,Alabama,India,2346422250,joel23@example.net,INS102531,2025-07-17,2026-03-23
2533,James Moore,Female,1986-10-01,Lambertchester,New York,India,4329645125,martinmichael@example.net,INS102532,2025-07-10,2026-02-13
2534,Mark Oneill,Female,1959-11-28,Stacietown,Idaho,India,1648815933,rachelsaunders@example.org,INS102533,2024-08-13,2026-09-07
2535,Jonathan Trujillo,Male,1965-03-26,New Kimbury,Alabama,India,4556566435,heather68@example.net,INS102534,2025-06-20,2026-06-05
2536,Michael Flores,Female,1941-04-17,Port Johnnyhaven,North Dakota,India,7515601618,fordpatricia@example.org,INS102535,2024-05-29,2025-12-12
2537,Courtney Garcia,Female,1962-06-06,Trujilloshire,New Jersey,India,2771829065,katelyn65@example.org,INS102536,2024-10-25,2026-09-24
2538,Nancy King,Female,1968-04-10,Armstrongfurt,Kansas,India,3598628753,jared04@example.net,INS102537,2024-04-25,2025-12-13
2539,Dr. Nicolas Green,Male,1983-04-22,North Scottville,Colorado,India,0549424154,hdavis@example.com,INS102538,2025-08-02,2026-07-15
2540,Joshua Cohen,Female,1999-10-21,Shawnshire,Iowa,India,5091383831,marctownsend@example.net,INS102539,2024-10-30,2026-06-28
2541,Steven Garner,Female,1968-10-23,Huffville,Nevada,India,2935866538,karenbaker@example.org,INS102540,2024-10-17,2026-01-24
2542,Amber Washington,Female,1980-04-22,South Brianfort,Idaho,India,8082842213,wbailey@example.org,INS102541,2024-04-20,2025-12-27
2543,James Carter,Male,1968-08-16,Morenoland,Delaware,India,7579415490,susan63@example.org,INS102542,2024-10-15,2026-06-26
2544,Daniel Cole,Female,1966-04-27,Brownview,California,India,6650737229,ricecheryl@example.net,INS102543,2024-04-04,2026-01-20
2545,Kristina Mcconnell,Female,1962-02-26,North Ronaldmouth,Georgia,India,8570079078,villegasbeth@example.org,INS102544,2025-08-12,2026-01-18
2546,Kevin Stevens,Female,2006-06-24,South Karenmouth,Washington,India,7902153485,smithalexander@example.com,INS102545,2024-03-24,2026-09-15
2547,Christine Munoz,Male,1992-11-13,Donnahaven,North Dakota,India,9629306537,omeadows@example.org,INS102546,2025-07-15,2026-03-21
2548,Tyler Maynard,Female,1937-06-13,Port Brianville,New Mexico,India,5043897204,jeffrey57@example.com,INS102547,2025-04-05,2026-05-10
2549,Kayla Johnson,Female,1939-05-24,West Caitlynberg,Iowa,India,8144592357,katherineramirez@example.net,INS102548,2024-03-22,2025-12-21
2550,Jeffrey Lawson,Female,1999-10-18,Lake Pamelatown,New Hampshire,India,6525498005,zweaver@example.com,INS102549,2025-09-21,2026-06-11
2551,Shannon Hawkins,Male,1943-12-12,Williamsfort,Georgia,India,0609241229,sarah14@example.com,INS102550,2024-03-12,2026-03-16
2552,Susan Blanchard,Male,1947-03-12,New Chelseaborough,Massachusetts,India,6003078767,torreserika@example.com,INS102551,2025-05-25,2026-04-10
2553,Monique Sawyer,Female,1966-08-02,Careybury,Missouri,India,5797331481,joshua71@example.com,INS102552,2024-11-28,2026-02-27
2554,Michael Jones,Male,1988-07-14,West Terri,Minnesota,India,0002683675,seaton@example.org,INS102553,2024-12-31,2026-04-04
2555,Amber Lutz,Male,1955-09-21,West Pamside,Maryland,India,9553239041,joelrose@example.net,INS102554,2023-10-15,2026-02-04
2556,Michael Hoffman,Male,1981-09-08,West Olivia,Arkansas,India,4765120519,qgraham@example.com,INS102555,2024-09-23,2026-08-22
2557,Mason Smith,Female,1954-03-29,Luisstad,Arizona,India,6219405590,brooksmichael@example.org,INS102556,2023-10-17,2026-04-25
2558,Joshua Huerta,Female,1953-11-05,Lake Andrew,Hawaii,India,2614234123,lewisgregory@example.com,INS102557,2023-12-30,2025-10-19
2559,Nancy Newton,Male,1985-07-11,New Andrewton,Maryland,India,0049739365,oneillmichelle@example.net,INS102558,2024-10-11,2025-10-08
2560,Sarah Mendez,Male,1944-10-11,Hernandezport,Hawaii,India,5137050990,mooneykimberly@example.com,INS102559,2025-08-23,2026-04-08
2561,Corey Kelley,Male,1956-05-17,Amberton,Alabama,India,7968976916,xsimmons@example.com,INS102560,2023-11-14,2026-02-15
2562,Bobby Haley,Female,2007-11-23,West Andrea,North Dakota,India,3700399978,cheryllee@example.com,INS102561,2024-03-20,2026-01-03
2563,Rachel Roth,Female,2002-08-30,Antoniohaven,Michigan,India,3261006599,hendrixsteve@example.net,INS102562,2025-09-27,2026-02-08
2564,Robert Davis,Male,2005-11-28,Lake Michelle,Kansas,India,2434674398,vjackson@example.com,INS102563,2024-05-30,2026-05-26
2565,Richard Kaiser,Male,1957-03-25,Danielchester,Connecticut,India,0181331406,rjohnson@example.net,INS102564,2024-05-04,2026-08-25
2566,Trevor Taylor,Male,1995-11-01,North Scottton,Texas,India,2292703013,michael44@example.net,INS102565,2025-07-19,2026-09-04
2567,Jill Young,Male,1998-12-22,Brownstad,West Virginia,India,6845407367,molly44@example.net,INS102566,2024-12-12,2026-09-01
2568,Trevor Clark,Female,1984-03-05,New Donald,Vermont,India,8456817122,greenjonathan@example.net,INS102567,2025-01-21,2025-10-18
2569,Kayla Lynn,Male,2008-09-13,Stephensbury,Minnesota,India,5238114751,iharris@example.net,INS102568,2025-08-06,2026-05-09
2570,Elizabeth Bates,Female,1936-04-01,Davidburgh,Texas,India,7134978216,ann80@example.com,INS102569,2024-02-25,2026-09-06
2571,Joseph Jones,Male,1994-04-11,New Alexanderfort,Tennessee,India,2043102635,smithbrandon@example.com,INS102570,2024-07-12,2025-11-20
2572,Dale Buckley,Male,1944-06-08,North Jamesview,Pennsylvania,India,1285104939,phillipdillon@example.com,INS102571,2024-07-15,2026-08-15
2573,Thomas Myers,Male,1982-07-19,South Clayton,Minnesota,India,4494025829,jwells@example.net,INS102572,2024-12-01,2025-10-28
2574,Christopher Schwartz,Male,1989-06-09,Amberside,New Hampshire,India,7867749593,amber00@example.net,INS102573,2025-01-03,2026-01-08
2575,Brian Lowe,Male,1949-02-06,Paulview,Ohio,India,2564096881,eric23@example.net,INS102574,2024-12-24,2026-06-12
2576,Bradley Williams,Female,1962-11-13,West Erica,Hawaii,India,4963906799,sadams@example.net,INS102575,2025-06-08,2026-04-01
2577,Shawn Juarez,Male,1964-01-04,Brownshire,Idaho,India,4388268052,pricealisha@example.net,INS102576,2025-01-11,2025-12-16
2578,Nicole Montgomery,Male,1950-09-14,Jenkinsview,Alaska,India,4852813591,jessica04@example.com,INS102577,2024-11-24,2026-03-29
2579,Erika Garcia,Male,1981-11-01,New Jefferytown,Nevada,India,6276219645,karen98@example.org,INS102578,2024-09-17,2026-01-14
2580,James Ferguson,Female,1983-07-30,Lake Paul,Indiana,India,0695605667,stevensjeffrey@example.com,INS102579,2025-03-18,2026-03-11
2581,Amber Mccall,Female,1946-04-16,Michaelburgh,North Carolina,India,1682028324,amanda80@example.com,INS102580,2023-11-13,2026-03-04
2582,James Knight,Female,1961-01-04,Barronview,Georgia,India,3589753698,rcarter@example.org,INS102581,2024-04-11,2026-02-18
2583,Theresa Torres,Female,1999-01-12,North Anthony,New Mexico,India,8722523258,brianna67@example.net,INS102582,2025-08-26,2026-03-05
2584,Nicole Williams,Male,1953-04-12,New Taylorborough,Idaho,India,5162148247,qhickman@example.com,INS102583,2024-12-19,2026-08-24
2585,Ashley Barnett,Male,1962-07-30,Lisashire,Maryland,India,3097133829,cynthiawilliamson@example.org,INS102584,2025-03-30,2026-04-13
2586,Molly Adams,Male,1998-04-12,West Michaelshire,New Mexico,India,6578133343,voliver@example.org,INS102585,2023-10-16,2025-11-12
2587,Shaun Scott,Female,1990-10-18,Port Melissatown,West Virginia,India,1822769662,juliehall@example.com,INS102586,2025-02-17,2026-09-06
2588,Robin Ellis,Male,1942-03-02,South Lisa,Minnesota,India,6839013725,tyler79@example.com,INS102587,2024-04-21,2025-12-04
2589,Anna Gray,Male,1958-10-10,Hahnburgh,Mississippi,India,0155052577,charlene91@example.com,INS102588,2023-12-27,2025-10-02
2590,Jasmine Morris,Female,1968-12-13,North Brianville,New York,India,0887390800,vpowell@example.com,INS102589,2025-01-01,2026-05-05
2591,Joann Wright,Female,1989-03-05,Elliottfort,South Carolina,India,4962944047,harrisbenjamin@example.net,INS102590,2024-04-23,2026-05-11
2592,Nathaniel Smith,Female,1967-03-02,Port Christopherton,Maryland,India,3254438052,reedalicia@example.net,INS102591,2024-08-26,2026-05-25
2593,Dr. Destiny Cook,Male,1952-07-30,North Carolfort,Oklahoma,India,8330724617,wwatson@example.org,INS102592,2024-07-28,2026-06-01
2594,Sean Mooney,Male,1979-01-25,South Jeffrey,Nebraska,India,6232922375,schmidttimothy@example.org,INS102593,2025-03-15,2026-02-21
2595,Jessica Zuniga,Female,1972-01-20,Jacobsstad,Michigan,India,0196428910,hardingrebecca@example.net,INS102594,2025-07-14,2026-04-07
2596,Spencer Massey,Male,1975-12-17,East Cynthia,Pennsylvania,India,0968241436,xjohnston@example.com,INS102595,2025-02-03,2026-04-02
2597,Samantha Burnett,Female,2003-07-23,North Audrey,New Jersey,India,6830616021,bobbymcmahon@example.com,INS102596,2023-11-29,2025-10-01
2598,Christopher Joseph,Female,1955-08-28,Santosshire,Vermont,India,9284525965,williamstephens@example.net,INS102597,2024-02-04,2026-05-31
2599,Brandon Miller,Male,2008-09-05,Jameston,Wyoming,India,2214846407,iwood@example.com,INS102598,2024-07-18,2026-09-14
2600,Michelle Brown,Female,1968-10-01,South Garyfort,Louisiana,India,6174443443,johnsonwilliam@example.com,INS102599,2025-08-31,2026-06-20
2601,Sarah Mccarty,Female,1987-08-13,Port Matthew,Montana,India,9913266709,zimmermansabrina@example.net,INS102600,2024-03-29,2026-07-28
2602,Jason Elliott,Female,1951-10-10,West Sylviashire,Wyoming,India,9965598240,sullivanalicia@example.com,INS102601,2025-05-02,2026-05-01
2603,Jason Owens,Male,1997-04-20,New Felicia,Hawaii,India,0627395183,tsmith@example.org,INS102602,2024-04-28,2026-09-03
2604,Cynthia Morgan,Female,2004-10-26,Barrchester,Florida,India,6748536095,craig83@example.net,INS102603,2025-06-21,2025-10-19
2605,Stephen Hansen,Female,1969-03-05,South Tiffanymouth,Delaware,India,1033300490,stephanie10@example.com,INS102604,2024-08-11,2026-01-13
2606,Lori White,Female,1984-07-09,Larryshire,North Dakota,India,3979226413,jonathan18@example.net,INS102605,2024-06-30,2026-09-17
2607,Joseph Moore,Female,1940-05-31,Port Jasonbury,Wisconsin,India,6392191158,jacobbrooks@example.org,INS102606,2025-02-01,2025-10-19
2608,James Garcia,Female,1943-06-18,Lake Douglaschester,Pennsylvania,India,4868563843,mccartystephanie@example.net,INS102607,2025-03-21,2025-12-15
2609,Jennifer Walker,Female,2007-12-03,Clarkhaven,Minnesota,India,7755607623,jonesnathan@example.net,INS102608,2024-04-07,2025-12-27
2610,Sharon Sherman MD,Female,1984-02-14,Lake Melvinmouth,Oklahoma,India,8776094567,daniel82@example.net,INS102609,2024-10-01,2026-04-20
2611,David Molina,Male,1980-10-08,Jeffreyville,Ohio,India,1803869172,smccarthy@example.net,INS102610,2023-11-17,2026-05-04
2612,Daniel Weaver,Male,1972-12-28,Crawfordside,Missouri,India,7741015945,jamesamy@example.org,INS102611,2024-06-20,2026-07-21
2613,Anthony Thomas,Female,1955-02-13,North Douglas,Nebraska,India,6816573858,karen98@example.org,INS102612,2024-11-15,2026-04-09
2614,Victoria Peck,Male,1937-12-24,Summersborough,Maryland,India,0779917388,carolgamble@example.net,INS102613,2024-09-19,2025-12-08
2615,Shane Valentine,Male,1973-05-29,East Arthur,Arizona,India,3105049035,william66@example.net,INS102614,2024-08-31,2026-03-24
2616,Tiffany Anderson PhD,Female,1992-10-14,Brayton,Alaska,India,8132641697,davidolson@example.org,INS102615,2024-09-16,2026-08-01
2617,Kimberly Walsh,Male,1992-12-06,North Danielleborough,Tennessee,India,8174412214,robertvaughan@example.net,INS102616,2023-12-10,2026-07-15
2618,Shawn Murillo,Female,1985-03-06,Simmonsfort,Indiana,India,6637101298,kmontoya@example.org,INS102617,2025-02-14,2025-11-17
2619,Clayton Pearson,Female,1970-06-21,East Pamela,Arizona,India,6829079086,jenniferwilliamson@example.org,INS102618,2024-05-27,2026-07-24
2620,Hunter Salinas,Female,1955-04-21,Burnsville,Wyoming,India,0205263390,connie82@example.com,INS102619,2025-07-04,2026-04-19
2621,Cassidy Hernandez,Female,1958-11-13,Isaacton,Georgia,India,7444454029,mary84@example.net,INS102620,2024-01-03,2025-11-16
2622,Elizabeth Mccarthy,Female,1996-07-17,Lake Kevinfort,Kansas,India,7993395667,paulabrooks@example.net,INS102621,2025-09-17,2026-01-31
2623,Diane Chapman,Male,1942-03-22,Martinchester,Arizona,India,7234645092,smorales@example.net,INS102622,2024-10-19,2026-01-06
2624,Brent Fox,Female,1980-01-08,Lisaburgh,Kentucky,India,8149638358,michaelstevens@example.com,INS102623,2024-02-07,2026-09-28
2625,Sean Robles,Male,1942-06-15,Lake Amanda,Idaho,India,1807617971,jeffreyharris@example.net,INS102624,2025-03-02,2026-01-14
2626,Anna Nelson,Female,1943-10-05,Danielhaven,Minnesota,India,9237480079,peter52@example.com,INS102625,2024-08-25,2026-01-22
2627,Jerry Chen,Female,1988-08-24,East Morgan,Mississippi,India,3548399803,jessicagordon@example.org,INS102626,2025-01-07,2025-11-18
2628,Andrew Barnett,Female,1964-04-06,Lake Brianland,Idaho,India,8524315727,hopkinselizabeth@example.com,INS102627,2024-01-02,2026-07-30
2629,Jason Hopkins,Male,1996-11-09,South Wendyview,Tennessee,India,9251883075,jeffrey34@example.org,INS102628,2025-06-22,2026-05-02
2630,Norma Stokes,Female,2002-03-02,Wilsonport,New York,India,2416616304,zbright@example.org,INS102629,2025-05-17,2026-01-06
2631,Kathleen Rogers,Female,1941-12-03,Port Brianview,Virginia,India,1437285137,stephencollins@example.org,INS102630,2024-11-11,2025-10-25
2632,Scott Jones,Female,1945-05-21,Youngside,West Virginia,India,5303442938,ohenderson@example.net,INS102631,2023-10-13,2026-07-07
2633,Michael Fitzgerald,Female,1990-07-27,Port Dennischester,Maine,India,6030192730,qpeterson@example.org,INS102632,2025-01-17,2026-01-07
2634,Richard Garcia,Male,1983-04-26,Seanmouth,New Jersey,India,1112444505,taylorjordan@example.net,INS102633,2024-03-06,2026-02-05
2635,William Patel,Female,1992-01-26,Port Cathy,Arizona,India,5587138669,kenneth19@example.net,INS102634,2024-08-07,2025-11-08
2636,Jessica White,Male,1967-01-15,Lake Jennifer,New Hampshire,India,3567253972,dherrera@example.org,INS102635,2025-05-15,2025-10-18
2637,Tyler Lane,Female,2004-04-06,Elaineland,South Carolina,India,9490674709,zfrey@example.org,INS102636,2023-12-23,2026-07-09
2638,Bryan Cook,Male,1965-12-18,Lake Vanessatown,Rhode Island,India,6747666800,webbbrian@example.org,INS102637,2024-09-07,2025-11-27
2639,Judy Ball,Male,1976-09-01,South Mary,Hawaii,India,5345517920,kstuart@example.com,INS102638,2024-10-04,2026-02-10
2640,Mr. David Jenkins DVM,Female,1973-09-24,Lake Jennifer,Oklahoma,India,9114576403,lauraflynn@example.com,INS102639,2025-08-08,2026-05-13
2641,Janet Sullivan,Female,1983-05-12,Virginiashire,Kentucky,India,3504408306,jeffaguilar@example.net,INS102640,2025-09-21,2025-11-14
2642,Nicholas Robles,Male,1947-02-06,Harrisonburgh,Delaware,India,2936962651,kathryn03@example.com,INS102641,2025-03-02,2025-12-27
2643,Victoria Jordan,Female,2007-02-24,Lisaland,Louisiana,India,9915292871,xjames@example.net,INS102642,2025-01-18,2026-02-03
2644,Mrs. Morgan Robinson DDS,Female,1983-01-23,Willistown,Washington,India,1981916059,ashleysmith@example.net,INS102643,2024-08-18,2026-08-23
2645,Duane Miller,Female,1953-08-03,South Kimberlymouth,Maine,India,7529701975,usmith@example.org,INS102644,2024-10-03,2026-09-15
2646,Nicole Bryant,Male,1972-08-17,New Ericton,Tennessee,India,6697479568,dustinrogers@example.org,INS102645,2024-10-02,2026-09-18
2647,Julia Green,Female,1938-12-15,Josestad,Oregon,India,6094596286,kelly82@example.net,INS102646,2025-03-04,2025-11-09
2648,Sandra Key,Female,1980-01-23,Hansonport,Maine,India,6867937287,dgomez@example.net,INS102647,2024-01-30,2026-01-26
2649,Steven Gomez Jr.,Female,1993-03-26,Jamesside,Idaho,India,5335048130,matthewlevine@example.com,INS102648,2025-05-02,2026-08-25
2650,Erika Hernandez,Male,1975-08-28,Lake Tiffany,Nebraska,India,5109533912,tjohnson@example.com,INS102649,2024-07-21,2025-12-18
2651,Aaron Davila,Female,1951-12-15,New Joan,Vermont,India,7754880362,jonathanmccarty@example.org,INS102650,2024-03-03,2026-08-13
2652,David Sanford,Male,1967-08-29,Lake Heather,Wisconsin,India,8734743352,mark22@example.net,INS102651,2023-11-19,2026-04-01
2653,Dr. William Ramos,Female,1992-05-07,Foxland,New Hampshire,India,1486587654,robert86@example.com,INS102652,2024-12-14,2026-01-03
2654,Tara Sullivan,Male,1971-07-01,South Jesus,Rhode Island,India,0798506938,hbarton@example.org,INS102653,2024-08-11,2026-04-29
2655,Leslie Chang,Female,1940-04-21,Woodport,Georgia,India,9819372904,brittanybrennan@example.com,INS102654,2025-06-26,2026-01-29
2656,Michael Ramos,Female,1993-01-25,North Lauren,Rhode Island,India,7901588568,kingcurtis@example.net,INS102655,2025-08-31,2026-02-10
2657,Wanda Gonzales,Male,1951-06-25,Curtisport,Indiana,India,6187154637,ijohnson@example.net,INS102656,2025-08-19,2025-11-18
2658,Caitlin Conley,Male,1961-06-09,East Michael,Iowa,India,7036408857,michael47@example.org,INS102657,2023-12-31,2026-07-06
2659,Laura Mcgee,Male,1970-12-28,New Thomas,Delaware,India,4085934517,jamesmatthew@example.net,INS102658,2024-11-25,2026-03-17
2660,William Griffin,Female,1960-02-11,Sethshire,Missouri,India,5334069373,hoheather@example.net,INS102659,2025-07-02,2026-09-19
2661,Lori Scott,Female,1965-10-16,East Justinfurt,Pennsylvania,India,2644721131,shawn90@example.org,INS102660,2025-02-16,2026-02-03
2662,Adriana Chandler,Female,1977-11-27,West Angela,Maine,India,6091833950,rachelgibson@example.org,INS102661,2025-08-08,2026-03-23
2663,Mathew Cruz,Female,1941-01-22,Irwinville,New York,India,7807139616,gregoryhart@example.net,INS102662,2023-10-26,2026-02-13
2664,Carl Jarvis,Male,1965-09-09,East Kathleen,Louisiana,India,2521714606,carrjames@example.com,INS102663,2025-04-17,2026-01-22
2665,Jorge Martinez,Female,1994-11-30,South Sarahport,Vermont,India,8105539864,bbruce@example.com,INS102664,2024-09-22,2026-07-26
2666,David Reynolds,Female,1975-02-14,Marquezbury,Colorado,India,0487802446,stephaniesilva@example.net,INS102665,2025-03-29,2025-12-14
2667,Samuel Matthews,Female,1998-10-29,Williamchester,Vermont,India,6796637186,daniel34@example.com,INS102666,2025-06-02,2026-02-26
2668,Mary Powell,Female,1972-01-11,Sanchezfort,Georgia,India,9070846577,meyersshirley@example.org,INS102667,2025-07-01,2026-08-24
2669,Michael Todd,Female,1949-03-30,Lopezstad,Montana,India,7667855452,erivera@example.com,INS102668,2024-03-22,2025-11-07
2670,Cassandra Ramirez,Female,1947-08-10,East Johnfort,Louisiana,India,3352343606,paul39@example.org,INS102669,2024-07-10,2026-03-20
2671,Brian Johnson,Female,1994-04-26,Sharonburgh,Maryland,India,3604007921,kevin51@example.net,INS102670,2025-04-25,2026-01-28
2672,Kelly Stanton,Male,1994-07-22,Delacruzton,Delaware,India,6660451723,emelton@example.org,INS102671,2025-06-08,2026-09-10
2673,Michael Lucas,Female,1968-06-04,Collinschester,Oklahoma,India,1353184310,russellbrennan@example.com,INS102672,2025-05-12,2026-04-08
2674,Darrell Chan,Female,1986-05-14,Lake Garyland,Tennessee,India,1920219593,drakedaniel@example.com,INS102673,2024-12-06,2026-01-12
2675,Eric Jackson,Female,1969-02-27,Ronaldfort,Illinois,India,2018564584,lopezmason@example.net,INS102674,2024-10-10,2026-07-19
2676,Jennifer Turner,Female,1991-04-22,Scottview,Oregon,India,7709898655,henrydaniel@example.net,INS102675,2024-09-14,2026-07-19
2677,Tara Tucker,Male,1969-11-15,South Brendaburgh,Tennessee,India,2642166056,bensonpaul@example.com,INS102676,2025-09-06,2026-01-21
2678,Veronica Robinson,Male,1971-01-05,North Thomas,Rhode Island,India,0085747315,nicole90@example.com,INS102677,2024-02-06,2026-01-21
2679,Robert Nixon,Male,1977-10-02,East Nicholasfurt,Utah,India,8801817720,johnsonjoy@example.org,INS102678,2025-04-09,2025-12-19
2680,Zachary Allen MD,Male,2003-12-25,Harperside,Wisconsin,India,3660780451,justinshaffer@example.org,INS102679,2024-07-13,2026-05-10
2681,Joseph Burton,Male,1954-05-02,Hallland,Alabama,India,4546955953,idouglas@example.net,INS102680,2024-08-31,2026-08-29
2682,Barbara Wheeler,Male,1993-02-21,Port Rodneychester,Nebraska,India,8746441632,williamlewis@example.org,INS102681,2023-11-01,2026-06-11
2683,Jeremy Scott,Female,1998-08-06,Port Kyletown,South Carolina,India,4254614679,danielhuff@example.net,INS102682,2024-09-14,2025-11-25
2684,Sean Gonzales,Male,1989-10-27,Ashleychester,West Virginia,India,4961584691,jennifer61@example.org,INS102683,2025-06-23,2026-06-01
2685,Ashley Moreno,Male,1958-03-04,Clarkhaven,West Virginia,India,2785736088,julie38@example.com,INS102684,2024-01-18,2026-06-30
2686,Susan Gordon,Female,1955-04-16,Lake Charles,North Carolina,India,2871683506,morgan62@example.net,INS102685,2025-01-25,2025-12-18
2687,Alexander Johnson,Male,1942-12-05,East Bryanport,Alabama,India,1563437981,emily56@example.net,INS102686,2025-08-02,2026-03-11
2688,Rebecca Edwards,Female,1961-07-13,Austinmouth,New Hampshire,India,7483330791,michael70@example.net,INS102687,2025-01-23,2025-12-24
2689,William Smith MD,Female,1961-04-05,Browntown,Massachusetts,India,5215341662,gutierrezreginald@example.org,INS102688,2024-07-03,2026-05-22
2690,Sara Gill,Male,1938-10-23,Sharonport,South Dakota,India,1624800594,michaelbrown@example.com,INS102689,2024-05-03,2026-04-20
2691,Kenneth Hoffman,Female,1949-09-27,Port Christinemouth,North Dakota,India,5649077343,erica75@example.org,INS102690,2024-03-28,2026-04-16
2692,Eugene Lucas,Male,1986-09-19,Darrylberg,Minnesota,India,0758802945,simstheodore@example.net,INS102691,2025-01-19,2026-05-09
2693,Tiffany Watson,Male,1955-11-03,Smithberg,Alabama,India,0161387216,diana46@example.com,INS102692,2025-09-13,2026-01-03
2694,Edward Spears,Female,1944-01-13,Parsonsborough,South Carolina,India,0677696030,sara26@example.com,INS102693,2024-01-23,2025-11-22
2695,Daniel Nichols,Female,1976-05-28,West Elizabethside,Colorado,India,0426748464,adammartinez@example.net,INS102694,2024-02-04,2026-09-19
2696,Debra Clarke,Male,2007-11-18,Port Robert,South Dakota,India,2583427181,nvaldez@example.com,INS102695,2023-11-15,2026-06-05
2697,Sarah Bailey,Female,2000-06-02,North Jessicatown,Maine,India,7076981883,garciakevin@example.com,INS102696,2025-02-01,2026-05-09
2698,Blake White,Female,1979-06-04,North Dominiquebury,Colorado,India,4128491033,jennifer43@example.com,INS102697,2025-02-22,2026-05-19
2699,Christine Mann,Male,1974-07-13,New Amandafurt,Montana,India,6165920812,rebecca25@example.net,INS102698,2025-06-20,2026-09-06
2700,Michael Morgan,Male,1948-05-13,North Savannah,Vermont,India,6407744438,tiffanyharrison@example.org,INS102699,2023-12-05,2026-05-05
2701,Andrea Martinez,Female,1992-02-10,North Jennifer,North Carolina,India,3872337132,michaelshelton@example.net,INS102700,2024-04-19,2025-10-17
2702,Edwin Hammond,Male,1980-05-06,Allenfort,West Virginia,India,9751293322,tshelton@example.net,INS102701,2025-04-03,2025-10-29
2703,Jessica Green,Male,1956-03-28,East Pamelaview,Virginia,India,2476080514,frank89@example.com,INS102702,2025-04-24,2026-01-26
2704,Raymond Barton,Male,1953-10-10,West Kevin,Connecticut,India,9872802609,jeremy60@example.org,INS102703,2025-05-22,2026-03-03
2705,Kimberly Reid,Male,1953-04-11,West Christopher,North Dakota,India,3388585915,thompsonrodney@example.com,INS102704,2025-09-28,2025-10-26
2706,Tracy English,Male,1936-02-25,Port Kathrynfort,Mississippi,India,2938197869,cindy06@example.com,INS102705,2025-05-08,2026-01-20
2707,Shannon Beasley,Male,1941-04-29,North Baileyberg,South Carolina,India,7962050856,nicole34@example.com,INS102706,2025-09-16,2025-10-03
2708,Rachel Bonilla,Male,1960-06-16,Nicholeburgh,Ohio,India,8554177270,chungkristi@example.com,INS102707,2024-09-29,2026-04-09
2709,William Williams,Female,1972-12-07,Adambury,Florida,India,2801149716,katherine56@example.com,INS102708,2023-10-27,2026-02-04
2710,Elizabeth Orozco,Male,1983-10-09,Cindyfort,Maryland,India,3788425828,gary27@example.com,INS102709,2025-05-09,2026-09-03
2711,Donald Wu,Female,1999-10-08,New James,Nebraska,India,9450093626,thomasryan@example.org,INS102710,2025-03-22,2026-04-13
2712,Stephen Carroll,Female,1966-09-13,South Marthaberg,Georgia,India,5784644129,jessica23@example.com,INS102711,2024-04-21,2026-04-17
2713,James Howe,Female,2002-02-28,North Samantha,Montana,India,6555958293,michaelevans@example.com,INS102712,2025-03-17,2025-10-06
2714,Michelle Ramirez,Male,2006-06-01,North Brandy,Indiana,India,4878958341,margaretwilson@example.net,INS102713,2024-09-19,2026-01-08
2715,Jeffrey Sanchez,Male,1986-06-22,New Thomas,Massachusetts,India,0713544969,eddiedennis@example.net,INS102714,2025-07-25,2025-10-09
2716,Bryan Miller,Female,1974-03-22,South Michael,Pennsylvania,India,3700604532,walterssuzanne@example.com,INS102715,2025-03-27,2026-06-15
2717,Jeremy Lee,Male,1996-01-28,East Heather,Nebraska,India,7684094788,michelle12@example.net,INS102716,2025-07-30,2026-08-10
2718,Jamie Holmes,Female,1949-12-01,Riveraville,Indiana,India,9968449105,kristiadams@example.com,INS102717,2024-05-20,2026-01-15
2719,Alejandro Gentry,Male,1967-03-26,New Kevin,New York,India,9941155680,sandra67@example.com,INS102718,2025-06-25,2026-08-23
2720,Lori Ballard,Male,1991-03-01,North Kellyfurt,Georgia,India,8318284654,smoss@example.org,INS102719,2025-06-12,2025-12-22
2721,Colleen Davis,Female,1966-04-05,New Tony,Idaho,India,8814669624,davidanderson@example.org,INS102720,2024-09-06,2025-12-04
2722,Janet Collins,Female,1988-08-13,Reyeschester,South Dakota,India,2323614802,rbentley@example.org,INS102721,2025-03-05,2026-04-20
2723,Jennifer Wade,Female,1974-06-29,Ericbury,New Mexico,India,7469506358,ybrooks@example.com,INS102722,2024-11-17,2025-12-05
2724,Holly Mueller,Male,1989-03-14,Bobberg,West Virginia,India,4002662409,jwang@example.com,INS102723,2025-05-08,2025-10-01
2725,Michael Walker,Female,2003-03-02,North Brittanyborough,New Jersey,India,8111543109,mathewskenneth@example.org,INS102724,2025-08-25,2026-02-21
2726,Catherine Anderson,Male,1939-10-23,Sallyburgh,Indiana,India,3024330386,hardytyler@example.net,INS102725,2024-12-25,2026-09-04
2727,Tammy Guerrero,Male,1942-09-02,Delacruzton,Iowa,India,7360869889,jesse13@example.com,INS102726,2025-01-16,2026-09-07
2728,Bruce Fox,Male,1986-09-03,Thompsonland,Iowa,India,6145082881,kevin76@example.com,INS102727,2024-07-21,2026-09-13
2729,Alan Lawson,Female,1978-04-10,South Laurenstad,New Hampshire,India,7034798619,perezmatthew@example.org,INS102728,2024-04-25,2025-10-22
2730,Samantha Newman,Female,1986-09-08,Mccoyville,Georgia,India,2076417463,david75@example.net,INS102729,2024-07-07,2026-08-14
2731,Jane Joseph DVM,Female,1987-08-26,Erinport,North Dakota,India,2264179608,claire17@example.org,INS102730,2024-06-23,2026-01-17
2732,Brooke Allen,Male,1953-01-04,North Leslie,Rhode Island,India,0479943569,yharris@example.org,INS102731,2023-11-20,2026-06-01
2733,Adam Frey,Male,2006-05-30,West Randall,Missouri,India,0878122906,anthonybrowning@example.com,INS102732,2024-05-19,2026-06-22
2734,Brian Mcdonald,Female,1986-11-29,Loveside,West Virginia,India,2098453735,barbarahammond@example.org,INS102733,2025-09-22,2025-12-01
2735,Brittany Baker,Male,1968-07-24,Paulport,Mississippi,India,3722544778,bennettkatherine@example.com,INS102734,2024-01-01,2026-05-18
2736,Leah Dalton,Male,1983-04-19,Brookeland,Idaho,India,5616731733,ferrellrebecca@example.net,INS102735,2024-04-11,2025-09-30
2737,Leslie Garza,Female,2002-07-04,Watersfurt,Missouri,India,9355619281,stoneamber@example.com,INS102736,2024-09-03,2026-08-23
2738,Mrs. Meghan Harris MD,Female,2000-05-26,Martinezchester,Louisiana,India,4850421077,velasquezjasmine@example.org,INS102737,2024-06-04,2025-12-13
2739,Jeffrey Buckley,Female,1961-10-31,Lake Susantown,Texas,India,6124834949,mcintoshlaurie@example.com,INS102738,2023-11-20,2026-03-09
2740,Ricky Evans,Male,1944-12-11,Charlesport,Wisconsin,India,8698913693,carolyn66@example.com,INS102739,2024-11-06,2026-06-06
2741,Nicholas Wood,Male,1959-07-14,North Wendytown,Indiana,India,6022982470,melissa11@example.net,INS102740,2024-06-24,2026-09-01
2742,Wendy Martin,Male,1938-02-20,East Kenneth,Colorado,India,6135495649,watersearl@example.org,INS102741,2025-09-14,2026-06-21
2743,Rachel Sanchez,Male,1939-12-08,Michaelview,Illinois,India,7447274551,cynthia65@example.com,INS102742,2025-08-18,2026-04-14
2744,Christian Raymond,Male,1962-05-18,North Melissa,South Dakota,India,1303281081,bbradford@example.org,INS102743,2024-11-11,2025-12-16
2745,Erica Harrison,Female,2004-08-17,New Annamouth,Arkansas,India,7572482364,paulasmith@example.org,INS102744,2024-05-25,2026-05-16
2746,Mr. John Horn MD,Male,1987-10-31,West Jessicafurt,Illinois,India,2878323199,robertblack@example.com,INS102745,2024-06-26,2025-11-21
2747,Joan Young,Male,1962-06-16,Port Gregory,Nebraska,India,2864078572,melissa99@example.net,INS102746,2025-09-25,2026-05-30
2748,Stephen Kane,Male,1957-03-25,Geoffreyburgh,Minnesota,India,5140406566,ucastro@example.org,INS102747,2024-09-22,2026-04-29
2749,Michael Atkins,Female,1940-03-08,Port Connieshire,Oregon,India,0740763550,emily15@example.com,INS102748,2025-05-25,2026-07-03
2750,Timothy Cuevas,Female,1982-11-29,Port Karenmouth,Iowa,India,2480987731,william53@example.org,INS102749,2024-02-09,2026-07-19
2751,Denise Jackson,Female,1952-05-07,New Jeremy,Delaware,India,1043822794,karenharris@example.net,INS102750,2024-07-29,2025-10-16
2752,Kayla Sheppard,Male,1957-05-06,Port Kelly,Missouri,India,4632284912,jennifer32@example.org,INS102751,2024-08-28,2026-05-25
2753,Nicole Turner,Female,1955-04-27,Navarroton,Rhode Island,India,5046153436,hnguyen@example.net,INS102752,2025-09-16,2026-08-17
2754,Danny Gonzales,Female,1948-03-11,Singhfort,Mississippi,India,6172339139,sara59@example.net,INS102753,2025-09-29,2025-12-24
2755,William Bond,Female,1976-04-04,Paulhaven,Connecticut,India,2490455121,amberbarker@example.com,INS102754,2024-08-22,2025-10-02
2756,Sarah Morris,Male,1966-09-02,Stevenhaven,Iowa,India,8722184806,manuel71@example.com,INS102755,2024-03-01,2026-08-09
2757,Madison Robinson,Female,1941-02-23,Lake Jonstad,Nevada,India,7020912174,holmesrobin@example.org,INS102756,2025-06-05,2026-07-13
2758,Tammy Sutton,Male,2001-12-23,Lake Debbie,New Mexico,India,0858764611,fernandezlucas@example.com,INS102757,2024-10-29,2026-01-24
2759,Ian Crawford,Male,1995-04-12,Harrisville,Kansas,India,3434602213,madison31@example.org,INS102758,2025-02-03,2025-11-13
2760,Donald Jones,Female,1957-03-22,North Megan,Ohio,India,7075732556,millersierra@example.com,INS102759,2024-05-10,2026-02-04
2761,Ryan Hahn,Male,1938-10-25,Brightside,Wyoming,India,4387020491,elizabethherrera@example.org,INS102760,2025-09-14,2026-08-07
2762,Philip Stevens,Female,1971-12-06,Port Faithmouth,Maine,India,1642186917,hayneskristen@example.org,INS102761,2024-02-20,2026-09-19
2763,Robert Houston,Male,1980-05-08,Lake Malikfort,South Carolina,India,8977488216,johnhardy@example.com,INS102762,2025-05-27,2026-04-24
2764,Jimmy Gibson,Female,1977-08-21,North Josephbury,Alabama,India,3212153762,lisalarsen@example.org,INS102763,2025-07-17,2026-03-04
2765,Jennifer Lang,Female,1969-06-25,Tanyabury,Massachusetts,India,6022372117,rnguyen@example.org,INS102764,2024-01-22,2026-02-19
2766,Edward Gutierrez,Female,1955-02-25,Alexisport,Kentucky,India,8401380534,preed@example.com,INS102765,2025-09-23,2026-02-07
2767,Brian Green,Male,1956-01-12,Port Emilystad,Iowa,India,6550982054,stephenreid@example.net,INS102766,2025-04-16,2025-11-24
2768,Willie Turner,Female,1994-07-14,New George,New Hampshire,India,2512267368,lauramcgrath@example.org,INS102767,2024-10-28,2026-01-23
2769,Megan Hansen,Male,1946-02-22,West Jenniferborough,Ohio,India,7403061349,sara50@example.com,INS102768,2024-09-03,2026-08-30
2770,Sylvia Mckee,Female,1955-08-03,Camposton,Wyoming,India,2199600755,marc70@example.org,INS102769,2024-06-26,2025-12-06
2771,Julie Miller,Male,1984-05-02,Griffinborough,Wisconsin,India,8792843782,shawnroberts@example.net,INS102770,2025-03-06,2026-09-29
2772,Kim Guerrero,Male,1953-05-26,South Emmashire,Iowa,India,2030566714,wchase@example.net,INS102771,2024-07-09,2026-01-09
2773,Heather Gutierrez,Female,1947-12-14,Montoyastad,Virginia,India,3717437311,lozanodaisy@example.org,INS102772,2024-01-27,2026-05-21
2774,Jessica Weaver,Female,1956-10-24,East Virginiabury,Minnesota,India,1945445907,eblankenship@example.net,INS102773,2024-03-24,2026-09-13
2775,Cameron Owens,Female,1994-11-20,West Cheyennebury,Nebraska,India,4276088240,colleenjackson@example.net,INS102774,2025-09-14,2025-12-25
2776,Susan Bryant,Female,1960-08-07,New Heatherview,Indiana,India,6825408578,veronicafox@example.com,INS102775,2025-04-11,2026-07-28
2777,Jo Simmons,Female,1945-01-11,South Antonio,Virginia,India,8354452892,weaversandra@example.net,INS102776,2025-03-10,2026-08-11
2778,Jessica Jones,Male,1945-01-11,South Laura,Hawaii,India,4038846060,susan21@example.com,INS102777,2024-08-04,2026-06-22
2779,Julie Santos,Female,1980-10-07,Perryview,North Dakota,India,8763612121,yburton@example.com,INS102778,2023-10-01,2026-01-31
2780,Alexander Baxter,Female,2006-01-15,Hooverberg,Missouri,India,3554167939,zking@example.org,INS102779,2025-09-23,2026-03-30
2781,Mr. Danny Kent MD,Male,1986-11-09,East Richard,Delaware,India,4583357866,crystalgonzalez@example.net,INS102780,2023-10-21,2026-05-01
2782,Richard Riggs,Female,1988-04-07,West Charleshaven,Nevada,India,4659452284,veronicaboyd@example.org,INS102781,2025-09-15,2025-12-05
2783,Anne Mccullough,Female,1985-01-23,Richardfort,New Jersey,India,8159501324,lclark@example.net,INS102782,2025-04-12,2026-08-17
2784,Brian Wolf,Male,1950-05-13,Kathleenchester,Alabama,India,6040020433,kholland@example.net,INS102783,2024-02-17,2026-04-13
2785,Kimberly Kirk,Female,1966-10-14,East Lauraborough,Mississippi,India,4414617045,burnsmarisa@example.org,INS102784,2024-03-21,2025-11-05
2786,Amber Ellis,Female,2007-04-01,Lydiaside,Alabama,India,3833037393,meadowswanda@example.org,INS102785,2024-03-15,2026-05-13
2787,Bobby Lucas,Female,1992-03-29,New Williamport,New York,India,2006025715,amykelley@example.org,INS102786,2024-07-31,2026-04-07
2788,Jorge Martin,Male,1965-08-20,Faulknershire,Illinois,India,3963556277,jennifer71@example.com,INS102787,2024-07-25,2026-08-16
2789,Shirley Schaefer,Female,1993-03-19,West Garyport,Maryland,India,0642424425,vickielee@example.com,INS102788,2024-12-12,2026-05-15
2790,Robert Butler,Male,1950-12-09,South Cynthiahaven,Ohio,India,7023548445,vodom@example.com,INS102789,2025-05-15,2026-06-18
2791,John Lee,Female,1965-08-18,Muellerhaven,Illinois,India,0930821887,emily20@example.net,INS102790,2024-10-20,2026-05-27
2792,Jerry Mitchell,Male,1945-05-05,North Suzanne,South Carolina,India,4663529640,brandycardenas@example.net,INS102791,2023-10-26,2026-09-12
2793,Michael Fisher,Female,1943-07-18,Jacobsburgh,Nebraska,India,4748932050,iwilson@example.org,INS102792,2025-08-27,2025-11-27
2794,Paula Murray,Male,1983-07-09,Port Sarah,West Virginia,India,1314718461,uford@example.com,INS102793,2025-09-15,2026-02-05
2795,Dr. Ashley Sanchez,Male,1941-08-23,East Nancy,Georgia,India,7012383444,dianakelly@example.net,INS102794,2024-04-29,2026-08-16
2796,John Orozco,Male,1948-05-14,East Sarah,Oregon,India,2159969823,scottshelia@example.org,INS102795,2025-05-15,2026-01-08
2797,Allison Price,Male,1955-11-26,North Felicia,Tennessee,India,5857717709,adamsrandy@example.org,INS102796,2024-11-24,2025-12-22
2798,Tim Ward,Male,1997-07-06,Knightside,Nevada,India,3374201153,erin78@example.org,INS102797,2025-07-05,2026-02-03
2799,Cindy Marquez,Male,1948-02-18,East Misty,Texas,India,6566185259,jessica41@example.net,INS102798,2023-11-05,2025-11-29
2800,Mr. Micheal Garcia MD,Female,1985-03-02,West Calvinshire,Arkansas,India,5628602336,harrisholly@example.org,INS102799,2025-01-05,2026-06-07
2801,Brittany Morgan,Female,1966-03-30,Danielfort,Iowa,India,3569431248,kimberlythompson@example.com,INS102800,2024-12-12,2026-08-07
2802,Jessica Martinez,Male,1984-01-24,South Timothy,Virginia,India,5007998272,elizabeth07@example.org,INS102801,2024-04-16,2026-06-22
2803,James Peck,Male,1986-01-24,New Faithview,Kentucky,India,2730448745,frubio@example.net,INS102802,2024-07-05,2026-09-24
2804,Joseph Page,Male,2008-08-08,New Jeffreyview,Nevada,India,3463440597,hgross@example.net,INS102803,2025-01-11,2026-01-01
2805,Alexandra Stevens,Male,2000-06-23,West Christophermouth,Indiana,India,4565589197,adriana32@example.org,INS102804,2025-03-02,2025-12-22
2806,Alyssa Torres,Female,1976-02-15,Josephside,Rhode Island,India,3916880641,kenneth14@example.org,INS102805,2024-11-24,2026-03-19
2807,Rachel Barrett,Male,1979-08-30,Brandonburgh,California,India,5802823574,allenjames@example.org,INS102806,2025-05-02,2026-09-09
2808,Tracy Thompson,Female,1950-01-16,Clarkbury,Nebraska,India,1929676558,william74@example.com,INS102807,2023-11-20,2026-02-02
2809,Nicole Wiley,Female,1988-08-13,South Mark,New Hampshire,India,3835154078,reyesjonathan@example.org,INS102808,2024-12-08,2026-04-21
2810,Susan Williams,Male,1959-02-09,Carolynstad,Idaho,India,3205090318,bjohnson@example.com,INS102809,2025-01-04,2025-12-07
2811,Crystal Roberts,Male,1977-06-10,Lake Robert,Tennessee,India,3601652758,longdustin@example.com,INS102810,2024-05-17,2026-03-19
2812,Nathan Willis,Female,1946-09-28,Lake Nicholas,Wisconsin,India,8100574502,hannah01@example.com,INS102811,2024-03-05,2026-04-22
2813,Katherine Haynes,Female,1940-07-30,West Laurenside,Nebraska,India,8144478339,ryanharrison@example.com,INS102812,2023-12-16,2026-03-28
2814,Colton Jones,Male,1994-05-16,Lake Robertville,New Hampshire,India,6460019951,fdougherty@example.org,INS102813,2023-10-09,2026-03-31
2815,Peter Marshall,Male,1943-09-14,Osbornemouth,Arkansas,India,5953458924,yvonnesmith@example.org,INS102814,2024-10-10,2026-07-07
2816,Heather Chavez,Male,1997-01-05,North James,Arizona,India,3344295335,nbennett@example.com,INS102815,2024-10-31,2026-01-25
2817,Anthony Alvarado,Female,1973-02-14,Port Ashley,Illinois,India,0416882564,reginafoster@example.net,INS102816,2024-06-22,2026-04-17
2818,Tami Valdez,Female,2003-04-19,Madisonshire,Pennsylvania,India,9504604829,ucooper@example.net,INS102817,2024-11-12,2026-02-18
2819,Andrew Wagner,Male,2000-05-16,Mcclurechester,Arizona,India,3606055653,tuckerdalton@example.org,INS102818,2023-10-27,2026-06-27
2820,Sherry Webb,Female,1999-08-23,North Edwinshire,Minnesota,India,4429887670,wjohnson@example.org,INS102819,2025-07-17,2026-07-19
2821,Kyle Harris,Female,1962-03-03,Thomasport,New Hampshire,India,6787554266,peggyrichardson@example.com,INS102820,2025-08-08,2025-11-26
2822,Benjamin Harris,Male,1953-01-03,Port Meganchester,West Virginia,India,4063839348,michael49@example.com,INS102821,2025-01-13,2026-07-18
2823,Johnathan Gonzalez,Male,1973-11-11,South Andre,Colorado,India,9465970760,kevin21@example.com,INS102822,2024-08-17,2026-08-03
2824,Kelly Hull,Female,2001-12-16,Christophershire,Oklahoma,India,0934906995,joshua53@example.net,INS102823,2024-10-31,2026-05-20
2825,Kristin Flores,Female,1953-05-07,South Sabrinafurt,Idaho,India,5705847210,stricklandcassandra@example.net,INS102824,2025-05-01,2026-04-19
2826,Wesley Ward,Male,1984-12-05,East Richardstad,South Dakota,India,4976346827,andrew16@example.com,INS102825,2024-02-21,2026-06-13
2827,Catherine Bell,Male,1966-10-24,Port Philip,Indiana,India,0697778423,jennifer93@example.net,INS102826,2024-05-10,2026-01-30
2828,David Williams,Male,1954-01-16,South Bonniebury,Michigan,India,5270113303,marshallanna@example.com,INS102827,2023-10-23,2025-10-31
2829,Samuel Smith,Male,1940-03-18,Mercedesfurt,Indiana,India,2470052704,xsmith@example.net,INS102828,2025-01-09,2026-06-23
2830,Mrs. Valerie Williams,Male,1939-11-24,Bakermouth,Tennessee,India,2879040752,cynthiagarcia@example.com,INS102829,2025-08-16,2025-10-18
2831,Joseph Mcintosh,Female,2008-02-11,Vincentberg,Ohio,India,1989313985,qrobbins@example.org,INS102830,2023-11-18,2025-11-10
2832,Tina Davis,Female,1992-09-22,Carolynberg,Illinois,India,5629189763,henryjoyce@example.com,INS102831,2025-08-02,2026-05-29
2833,Bryan Estrada,Female,1936-05-12,Stevenshire,Arizona,India,3527452082,washingtonlatoya@example.net,INS102832,2025-06-13,2026-04-28
2834,Willie Chen,Female,1952-11-30,Michaelside,Maine,India,6754546055,gmoore@example.net,INS102833,2025-06-29,2026-04-19
2835,Jacob Smith,Male,1970-12-30,Lake Matthewborough,New York,India,9398302827,joshua69@example.com,INS102834,2025-06-09,2026-04-17
2836,Robert Williams,Male,1970-09-24,Davidland,Pennsylvania,India,8922692655,khoover@example.com,INS102835,2023-12-13,2025-10-12
2837,Jenna Lewis,Male,2001-10-31,North Jennifer,New York,India,2179089581,cookaustin@example.com,INS102836,2025-09-18,2026-03-03
2838,Amanda Taylor DVM,Female,1944-07-16,Mcculloughchester,Vermont,India,8682858826,lalvarez@example.org,INS102837,2025-03-16,2026-09-15
2839,Michael Martin,Female,1984-05-21,North Crystalchester,Maine,India,0814677948,ryanporter@example.com,INS102838,2025-05-31,2026-03-27
2840,Philip Farley,Female,1940-06-08,Kimbury,Pennsylvania,India,4397847295,michaelproctor@example.com,INS102839,2024-10-19,2026-01-06
2841,Jamie Conley,Male,1990-07-17,West Susanfurt,Iowa,India,5168566067,ashleysmith@example.com,INS102840,2024-02-21,2025-12-06
2842,Christy West,Female,1938-02-07,North Crystalchester,Vermont,India,0380371852,rodgersyvonne@example.com,INS102841,2024-06-18,2026-08-08
2843,Gregory Morris,Male,1950-08-26,New Erika,Utah,India,9452491542,simpsonrobert@example.org,INS102842,2025-09-21,2026-08-21
2844,Courtney Conner,Male,2006-11-23,Grahambury,Wyoming,India,6028187490,brownryan@example.net,INS102843,2025-05-23,2026-07-08
2845,George Burton,Male,2000-04-08,North Richard,Ohio,India,9512232088,claytonjared@example.org,INS102844,2025-09-09,2026-04-02
2846,David Smith,Male,1958-11-03,Taylortown,Missouri,India,8751962964,donald20@example.net,INS102845,2024-11-27,2026-07-31
2847,Jason Bailey,Male,1965-01-10,Sanchezmouth,New York,India,0296023396,william59@example.net,INS102846,2024-08-10,2026-07-04
2848,Julia Williams,Male,1990-05-28,Tonymouth,Alabama,India,0465610561,ehansen@example.org,INS102847,2025-05-19,2025-12-07
2849,Joanna Bowman,Female,1979-12-30,Port Henry,Connecticut,India,0608584153,sarah70@example.com,INS102848,2024-05-27,2025-12-08
2850,Donna Walker,Male,2000-10-11,Robinsonville,Maryland,India,3930769028,beasleyjesse@example.net,INS102849,2024-08-20,2025-12-08
2851,Christopher Rodriguez,Male,1952-01-13,Michaelview,Hawaii,India,9357858072,ianfrey@example.net,INS102850,2024-12-05,2026-05-11
2852,Carrie Richardson,Female,1959-03-06,Karenport,Texas,India,4604968009,rgarcia@example.com,INS102851,2025-08-20,2026-09-01
2853,Manuel Carpenter,Male,1951-03-05,Laurentown,Colorado,India,3559883191,kingcharles@example.org,INS102852,2023-10-20,2025-10-13
2854,Mr. Daniel Davis,Female,1963-12-02,Dwayneburgh,Hawaii,India,2593619088,cserrano@example.org,INS102853,2023-11-06,2026-05-08
2855,Christine Dominguez,Female,2004-11-24,Howardfurt,Florida,India,8679309450,obishop@example.org,INS102854,2024-10-01,2026-01-14
2856,Tonya Wagner,Female,1993-03-10,East Josephshire,Utah,India,2490356157,robert14@example.net,INS102855,2023-10-17,2025-11-10
2857,Kimberly Scott,Male,1981-02-12,Lake Maria,Florida,India,1622226024,lesterspencer@example.org,INS102856,2024-04-25,2026-07-11
2858,Jill Austin,Male,1981-07-31,West Ryantown,South Carolina,India,0595432023,luis17@example.com,INS102857,2023-11-23,2026-05-02
2859,Timothy Heath,Female,1987-05-09,Port Sean,Delaware,India,0503753591,mtaylor@example.org,INS102858,2024-12-05,2025-12-08
2860,Sean Lee,Male,1940-12-31,Cookland,South Dakota,India,8916627782,andrew43@example.com,INS102859,2025-08-15,2026-07-02
2861,James Singh,Male,1956-06-17,Austinmouth,New Mexico,India,4827078075,martinthomas@example.org,INS102860,2025-07-29,2026-03-19
2862,Joseph King,Female,2006-02-18,Allenburgh,Wisconsin,India,9047643867,michaelrios@example.com,INS102861,2024-03-22,2026-08-29
2863,William Williams,Female,1990-12-12,West Sarahfort,Rhode Island,India,2606174490,isantos@example.org,INS102862,2025-04-05,2025-11-06
2864,Kristen Diaz,Male,2006-01-15,Port Dianaville,South Carolina,India,1626354068,amandahernandez@example.com,INS102863,2024-10-31,2026-06-11
2865,Rebecca Morales DVM,Female,1990-05-11,Ericton,Montana,India,1294131281,thomasbrandy@example.com,INS102864,2024-03-02,2026-08-03
2866,Dawn Mccarty,Female,1940-08-11,South Tammy,Maryland,India,1470700971,rachaelrivera@example.org,INS102865,2025-09-08,2026-04-01
2867,Nicholas Wilkinson,Female,2001-12-11,Carrieshire,New Mexico,India,0947585689,michellebartlett@example.com,INS102866,2024-02-15,2025-12-19
2868,Austin Rogers,Male,1979-11-14,North Victoriastad,Minnesota,India,4935952062,bjackson@example.com,INS102867,2025-08-26,2026-09-19
2869,Joel Walker,Male,1970-04-17,South Brandonstad,Montana,India,5308313024,ybrown@example.org,INS102868,2024-01-13,2026-01-08
2870,Mario Briggs,Male,1944-01-13,Richardsonstad,Tennessee,India,6207733999,pamela64@example.org,INS102869,2025-04-11,2026-02-11
2871,Keith Hernandez,Female,1961-08-25,Lake Erica,Hawaii,India,3082708208,rcosta@example.net,INS102870,2025-01-25,2026-09-05
2872,Elizabeth Hart,Male,1976-09-25,North Susan,Texas,India,3163800480,campbelljacqueline@example.org,INS102871,2025-07-11,2026-01-26
2873,Regina Deleon,Female,1999-01-31,Bradleyton,Nebraska,India,5343265103,nicholas76@example.org,INS102872,2024-04-07,2025-12-27
2874,Jonathan Castaneda,Male,2007-01-24,Jessicaview,Rhode Island,India,4414556973,andrew33@example.org,INS102873,2024-12-22,2026-07-05
2875,William Lane,Male,1994-01-09,West Margaret,Florida,India,6529864009,finleysarah@example.net,INS102874,2024-07-06,2025-12-15
2876,Martin Curtis,Female,1980-10-23,West James,South Dakota,India,7955328025,tracey36@example.net,INS102875,2023-11-01,2026-02-21
2877,Deborah Fritz,Male,1956-05-22,Walkershire,New Hampshire,India,2640583201,wilsonjohn@example.net,INS102876,2025-02-26,2026-04-23
2878,Nathan Carson,Female,1943-03-19,Dalechester,New York,India,4500235977,cschultz@example.net,INS102877,2025-06-09,2026-06-16
2879,Jack Martin,Male,1972-10-24,Robertsville,Ohio,India,4399804420,vhall@example.com,INS102878,2025-06-11,2026-05-09
2880,Stanley Branch,Male,1990-01-02,Lake Jasmine,California,India,3625566355,nware@example.com,INS102879,2025-02-14,2026-03-14
2881,Stephanie Elliott,Female,1984-02-01,Lake Michelle,New Hampshire,India,8942625602,fcruz@example.com,INS102880,2024-07-07,2026-01-08
2882,Julie Jordan,Female,1954-01-02,Sherryfort,New Mexico,India,6471254613,mgraham@example.org,INS102881,2024-04-23,2026-07-23
2883,Susan Cabrera MD,Female,1973-12-06,Mooremouth,Vermont,India,8417630227,russell15@example.com,INS102882,2023-12-14,2026-04-23
2884,Rebecca Mata,Male,1991-11-03,West Roger,West Virginia,India,0493887638,mooreronald@example.org,INS102883,2024-06-07,2026-05-06
2885,Sherry Burton,Male,2003-08-16,North Davidhaven,Tennessee,India,9998254680,norrissusan@example.org,INS102884,2024-02-11,2025-11-15
2886,Donna Weaver,Male,1948-05-16,Kyleview,Pennsylvania,India,8944925380,dcharles@example.org,INS102885,2023-10-10,2026-09-05
2887,Tammy Ortiz,Female,1969-10-30,West Williamfurt,Michigan,India,8611581631,danielhall@example.net,INS102886,2024-08-10,2026-09-19
2888,Samuel Chavez,Female,1967-04-13,Lake Thomas,Maine,India,9166099884,megan76@example.net,INS102887,2025-02-10,2026-01-10
2889,Derek Foster,Female,1939-01-22,Margaretberg,Louisiana,India,2618114000,elizabethmaxwell@example.org,INS102888,2023-12-25,2026-04-04
2890,Curtis Weber,Male,1981-04-08,Fergusonport,Missouri,India,4547860233,popejudith@example.net,INS102889,2025-05-24,2026-03-08
2891,Renee Jackson,Male,1975-09-08,Port Cynthiafort,Alaska,India,2593937610,hughesbrandon@example.com,INS102890,2025-09-05,2026-04-15
2892,James Nixon,Female,1973-08-13,Debraton,Idaho,India,2533589068,ffoley@example.net,INS102891,2024-06-24,2026-08-29
2893,Ryan Green,Male,2004-06-22,North Ryanbury,Kansas,India,2367128833,ashleymark@example.org,INS102892,2025-06-03,2026-01-31
2894,Debbie Garrison,Female,1987-10-24,Karenstad,New Hampshire,India,0483609059,allenramirez@example.org,INS102893,2025-08-08,2025-11-27
2895,Veronica Lloyd,Male,1941-02-12,Lake James,Indiana,India,1655182561,timothy96@example.com,INS102894,2023-11-28,2026-02-14
2896,Tyler Smith,Male,1939-04-10,Fischershire,Connecticut,India,9741676582,megan24@example.net,INS102895,2025-01-14,2025-12-10
2897,Jacob Huff,Female,1970-02-14,Port Jimmyberg,Kansas,India,8242025640,joseph83@example.org,INS102896,2024-03-19,2026-09-17
2898,Michael Sutton,Male,1966-12-26,Goldenburgh,Alabama,India,3481176893,katrina03@example.com,INS102897,2024-01-04,2026-01-10
2899,Tina Martinez,Male,1994-12-04,Greentown,Illinois,India,5250701600,jjones@example.org,INS102898,2024-09-03,2026-06-04
2900,Mrs. Theresa Daniels MD,Female,1958-05-16,East Jonathonfurt,Connecticut,India,7273007975,katherine95@example.net,INS102899,2024-10-05,2025-10-26
2901,Gregory Martinez,Female,1992-03-12,Lake Andrew,Indiana,India,2414740400,qclark@example.org,INS102900,2025-07-05,2026-04-26
2902,Sandra Mccullough,Male,1979-05-11,Kellyview,Virginia,India,2126304673,sharon90@example.com,INS102901,2024-11-26,2026-05-28
2903,Terri Hayes,Female,1947-04-17,Emmaview,Massachusetts,India,9350611352,catherine53@example.com,INS102902,2024-05-28,2026-09-18
2904,Aaron Johnson,Male,1987-08-06,Jenniferfort,Utah,India,6863581843,katherine27@example.com,INS102903,2023-10-23,2026-06-29
2905,John Hughes,Female,1981-07-20,Petersonfort,Pennsylvania,India,6843318109,penningtoneric@example.net,INS102904,2024-06-11,2026-05-13
2906,Barbara Novak,Male,1995-07-31,Johnmouth,Pennsylvania,India,8878268889,carmenowens@example.org,INS102905,2025-03-07,2026-03-03
2907,Dan Boyer,Male,1963-07-09,East Ronniebury,Florida,India,1146224238,warrenconnor@example.com,INS102906,2025-03-14,2026-09-25
2908,Michelle Grant,Female,1949-01-10,Port Sarahmouth,Tennessee,India,1998015827,lpalmer@example.net,INS102907,2024-12-09,2026-08-29
2909,Angela Mccoy,Male,2000-08-08,Staceymouth,New Mexico,India,5490707592,thomasheather@example.com,INS102908,2024-11-25,2025-12-15
2910,James Murphy,Male,1945-10-26,Lake Victoriatown,Nevada,India,2595212570,lisa69@example.net,INS102909,2024-07-03,2026-08-12
2911,Aaron Smith,Female,1979-09-27,Clarkside,Mississippi,India,6090105796,nware@example.net,INS102910,2024-02-29,2026-09-20
2912,Lisa Dean,Female,1941-02-20,Powerston,Illinois,India,9065640816,petersgina@example.org,INS102911,2024-03-20,2026-08-05
2913,Kristen White,Male,1975-09-13,East Paul,Florida,India,1389478302,douglas74@example.net,INS102912,2025-06-18,2026-04-09
2914,Christian Wiley,Female,1974-06-14,West Bettymouth,Delaware,India,6093788517,icoleman@example.com,INS102913,2025-08-13,2026-05-22
2915,Melissa Baldwin,Female,1990-01-13,Zhangstad,Vermont,India,0787657908,unguyen@example.com,INS102914,2025-03-14,2026-02-01
2916,Emily Wise,Male,1958-07-23,South Bryan,New Hampshire,India,9521442720,jessica61@example.com,INS102915,2025-08-04,2026-01-21
2917,Timothy Barker,Male,2005-01-13,Markside,Oklahoma,India,7085213027,johnwagner@example.com,INS102916,2025-07-25,2026-06-24
2918,Jennifer Welch,Female,1992-07-25,Johnsonberg,Arkansas,India,0297455074,fedwards@example.com,INS102917,2024-10-02,2026-09-26
2919,Marilyn Ellis,Female,1946-07-26,East Stephenton,Indiana,India,5415505240,danielsmith@example.org,INS102918,2023-11-22,2026-02-12
2920,Gina Nelson,Female,1966-09-15,North Nicoleshire,Tennessee,India,4999827678,kellykennedy@example.net,INS102919,2024-01-14,2026-08-23
2921,Andrea Booth,Male,1941-02-15,South Nancy,Alabama,India,0102094417,martinezmichael@example.net,INS102920,2025-01-04,2026-09-13
2922,Amy Lawrence,Male,1974-09-20,Tuckerburgh,California,India,7005057711,marcussparks@example.net,INS102921,2024-09-14,2026-07-11
2923,Denise Hull,Male,2003-01-19,New Christineport,Louisiana,India,6734209378,sarah56@example.net,INS102922,2025-01-07,2025-12-15
2924,Cameron Miller,Male,1976-08-18,East Laurahaven,Maine,India,3377656024,kevin14@example.com,INS102923,2023-11-19,2026-04-05
2925,Stephanie Wilson,Male,1980-12-26,East Michael,South Dakota,India,6101799356,katherine62@example.net,INS102924,2024-04-30,2026-02-22
2926,James Reilly,Male,1985-05-31,Sabrinaside,South Dakota,India,2521396525,levymichele@example.org,INS102925,2025-06-29,2026-09-24
2927,Shannon Brown,Male,1950-10-06,West Phillipshire,Maine,India,1993997991,teresagarcia@example.com,INS102926,2024-05-08,2025-12-29
2928,Stacy Craig,Female,1985-04-07,Stewartfurt,Arkansas,India,7349889711,edwardhaley@example.com,INS102927,2025-09-10,2025-12-27
2929,Seth Ryan,Female,1983-12-15,North David,Indiana,India,1598836366,tsmith@example.com,INS102928,2024-06-05,2026-04-03
2930,Elizabeth Perry,Male,1969-07-16,Christiefort,Alabama,India,1728008392,garciavalerie@example.org,INS102929,2024-05-08,2026-05-09
2931,Ryan Moreno,Male,1994-02-15,Richardland,Maine,India,7571949761,jonesashley@example.net,INS102930,2025-01-17,2026-09-13
2932,Jacob Clay,Male,1976-01-07,Johnsontown,Wyoming,India,1646927548,david47@example.com,INS102931,2024-10-06,2026-04-30
2933,Joel Mann,Female,1952-02-10,Lewisfort,Oregon,India,5247394305,marydiaz@example.org,INS102932,2023-12-29,2025-12-09
2934,Sarah Miles,Male,1984-03-26,East Philip,Arkansas,India,4629935072,youngpatrick@example.net,INS102933,2025-03-19,2026-05-16
2935,Andre Gay,Female,1993-05-23,Fishermouth,Nevada,India,6846502227,lisa87@example.org,INS102934,2024-03-07,2026-03-30
2936,Christopher Stevens,Female,1936-07-16,Carrollmouth,Texas,India,1424437210,andrew05@example.org,INS102935,2025-01-12,2026-07-06
2937,Cheryl Hill,Female,1989-02-28,South Brenda,Alabama,India,2062220767,mckeechristian@example.net,INS102936,2025-08-09,2025-11-21
2938,Ryan Hill,Female,1966-07-23,New Caleb,Hawaii,India,1713352937,elizabeth32@example.net,INS102937,2024-08-04,2026-02-20
2939,Steven Kent,Female,1937-02-10,East Autumnburgh,Pennsylvania,India,3196203737,gregorysierra@example.net,INS102938,2025-05-25,2025-10-08
2940,Christina Fisher,Male,1970-10-29,Olsonstad,Pennsylvania,India,5112866348,stevengomez@example.com,INS102939,2025-06-16,2025-10-02
2941,Eric Ward,Male,1971-05-13,Andreaborough,New Jersey,India,3202160877,michael51@example.org,INS102940,2024-11-02,2025-12-27
2942,Laura Jones,Female,2001-05-20,Lake Mark,Iowa,India,6787944722,madeline18@example.com,INS102941,2023-11-01,2025-11-04
2943,Steven Moreno,Male,1961-10-20,Blakeport,Montana,India,3366335746,talvarado@example.org,INS102942,2024-11-13,2025-12-21
2944,Brittney Norman,Female,1971-04-27,Thomaston,New Hampshire,India,0005184584,rita83@example.com,INS102943,2024-06-15,2026-03-29
2945,Douglas Mcguire,Female,2007-07-21,Liuside,Washington,India,6694970483,riverapatrick@example.com,INS102944,2023-12-16,2025-11-07
2946,Andrew Gray,Male,1989-04-10,Carrilloberg,Maine,India,4669640939,yvonnemartinez@example.org,INS102945,2025-06-19,2026-07-31
2947,Beverly Santiago,Male,1946-10-28,South Cliffordshire,Rhode Island,India,1171007531,robertszachary@example.net,INS102946,2024-10-12,2026-08-29
2948,Cameron Guzman,Male,1998-03-26,Hurleyfurt,Wisconsin,India,2736805156,smithmatthew@example.net,INS102947,2024-06-06,2026-01-25
2949,Randall Perez,Male,2008-08-07,Howellstad,Massachusetts,India,9196569062,crossmelissa@example.org,INS102948,2024-10-17,2026-04-10
2950,Mark Thompson,Male,1995-10-26,Guzmanborough,Tennessee,India,2791974014,christopherwashington@example.net,INS102949,2024-04-24,2025-12-22
2951,Andrew Dunn,Female,1979-11-23,Monicaton,New Mexico,India,4160431382,robertsonmaria@example.com,INS102950,2025-07-29,2026-07-07
2952,Valerie Williams,Male,1941-07-09,Washingtonport,Wyoming,India,9200196533,jessica76@example.org,INS102951,2025-05-30,2026-08-25
2953,Richard Hampton,Male,2001-05-29,Port Michaelbury,Maine,India,2572243544,devintaylor@example.net,INS102952,2024-04-11,2025-10-14
2954,Amber Hanson,Male,2002-09-01,Port Carrie,Kentucky,India,3661072938,patricia52@example.org,INS102953,2025-03-22,2026-03-19
2955,Jessica Jones,Female,1942-10-29,North Veronicamouth,Virginia,India,6472517473,pmalone@example.net,INS102954,2025-01-15,2026-09-02
2956,Brianna Bright,Male,1998-06-06,South Jenna,Illinois,India,7178894824,sarahernandez@example.com,INS102955,2024-07-21,2026-02-02
2957,Alexander Holmes,Female,1992-01-17,Changfurt,Wyoming,India,0248550557,christopherburns@example.org,INS102956,2024-02-25,2025-10-28
2958,Cory Johnson,Male,1938-08-22,New Bill,California,India,3513170722,vriley@example.org,INS102957,2025-02-23,2026-04-13
2959,Kristen Williams,Male,1999-01-31,Ryanview,West Virginia,India,9440581163,brian31@example.org,INS102958,2025-06-13,2026-07-18
2960,Tiffany Cline,Female,2004-04-13,Lake Erica,Indiana,India,3285568748,carrollmichelle@example.net,INS102959,2023-12-19,2026-06-06
2961,Terry Davis,Male,2006-05-20,Jessicaview,New Mexico,India,6787178868,wellsgeorge@example.com,INS102960,2025-01-08,2026-02-06
2962,Erin Henderson,Male,1987-02-28,Lauraview,Kentucky,India,6511688765,nroberts@example.org,INS102961,2024-05-26,2026-06-17
2963,Ryan Hopkins,Female,1988-09-02,Lucasview,North Carolina,India,5650939450,josephstanley@example.net,INS102962,2024-05-24,2026-05-15
2964,Steven Jordan,Male,1957-11-13,South Laurenville,Rhode Island,India,9454097200,pamelapeters@example.com,INS102963,2024-11-13,2026-04-19
2965,Kathryn Ross,Female,1945-05-23,Powellville,Wyoming,India,5183331298,sjohnson@example.net,INS102964,2024-12-16,2026-04-21
2966,Brittany Jones,Female,1951-11-17,West Lindafort,Oregon,India,3853932973,wanda86@example.net,INS102965,2024-07-04,2026-09-09
2967,Sherri Hernandez,Female,1971-08-09,Jasmineshire,California,India,3664325943,garrettaaron@example.net,INS102966,2025-01-17,2026-04-28
2968,Amy Lee,Female,1985-05-16,Huntermouth,Mississippi,India,6384952829,robertnewman@example.org,INS102967,2024-05-22,2026-04-27
2969,Danny Kelley,Female,1943-12-10,Rossborough,Utah,India,7823538004,donna37@example.com,INS102968,2024-01-22,2026-04-12
2970,Melissa Cain,Male,1995-12-20,East Cindy,Utah,India,8077864406,jbond@example.org,INS102969,2024-01-27,2026-02-20
2971,Nathan Fuller,Male,1996-12-11,Port Eduardoton,Hawaii,India,0508780923,baileybarbara@example.com,INS102970,2025-02-13,2026-09-18
2972,Christopher Schneider MD,Male,1991-01-16,North Jodishire,Washington,India,5450485578,vwelch@example.com,INS102971,2024-12-30,2025-11-13
2973,Patricia Cohen,Female,1993-05-20,East Peter,Colorado,India,3085512312,williamsstephanie@example.com,INS102972,2023-12-14,2026-08-07
2974,Ryan Alvarez,Female,1968-10-25,Lake Theodore,Missouri,India,8582466441,adamsdonna@example.net,INS102973,2024-05-18,2025-11-03
2975,Shannon Davis,Female,1963-09-23,East Mary,Pennsylvania,India,1214268124,michael82@example.com,INS102974,2024-06-07,2026-08-31
2976,James White,Female,1955-08-06,Sandovalview,Missouri,India,0502338841,davisglen@example.net,INS102975,2024-06-25,2026-04-27
2977,Carolyn Ramirez,Male,1970-10-31,Emilyview,Georgia,India,5810843669,fowen@example.com,INS102976,2025-05-06,2026-02-17
2978,Terri Walsh,Male,1953-07-16,Cherylberg,Colorado,India,5134456135,ewoodward@example.org,INS102977,2024-07-27,2026-05-06
2979,Roger Johnson,Female,1949-02-03,Port Jameschester,Connecticut,India,8151924937,gail90@example.net,INS102978,2025-05-18,2026-05-04
2980,Tina Daniel,Female,1961-07-02,West John,Vermont,India,2347018071,alicia11@example.net,INS102979,2024-03-22,2026-02-22
2981,David Phillips,Male,1975-05-30,Ambermouth,North Carolina,India,5846666822,joseph44@example.org,INS102980,2025-03-27,2025-10-31
2982,Charles Hicks,Female,1999-08-12,Rogermouth,Nebraska,India,8305487950,eperez@example.com,INS102981,2023-10-09,2026-09-27
2983,Selena Walls,Female,1961-01-03,West Michael,Colorado,India,5617917360,adamnelson@example.org,INS102982,2025-04-09,2025-11-24
2984,Michael Barton,Female,1975-12-08,Jamesstad,New Hampshire,India,4825528111,kleincarly@example.net,INS102983,2024-04-22,2026-09-02
2985,Terry Clark,Male,1960-03-08,Arthurfort,Delaware,India,4489067201,tjohnson@example.org,INS102984,2025-05-04,2026-04-06
2986,Daniel Fowler,Male,1983-05-14,Port Jackhaven,Kansas,India,2108061839,smithamanda@example.net,INS102985,2025-08-22,2025-12-01
2987,Daniel Morales,Female,1963-08-06,Jeanetteside,Florida,India,9670137429,eric30@example.com,INS102986,2024-06-04,2026-02-16
2988,Nathan Henry,Male,1948-12-10,South Davidport,Wisconsin,India,7059117400,johnsonchad@example.org,INS102987,2024-12-27,2026-04-16
2989,Dennis Carter,Female,1995-01-09,South Suzanne,Maryland,India,8669532618,christina50@example.net,INS102988,2023-12-10,2025-12-26
2990,Christine Brewer,Female,1969-03-06,Michelemouth,Massachusetts,India,5708467260,josephjones@example.net,INS102989,2023-12-28,2025-12-07
2991,Barbara Carroll,Male,1942-12-19,Port Julieview,Colorado,India,2172467613,karencowan@example.com,INS102990,2025-04-19,2026-05-05
2992,Olivia Newman,Female,1990-03-24,East Anna,Arkansas,India,3498997735,brian78@example.org,INS102991,2024-12-11,2026-01-15
2993,Timothy Harvey,Female,1972-09-14,South Thomasberg,New Hampshire,India,2961026509,bryan21@example.net,INS102992,2024-04-13,2026-06-16
2994,Cody Lopez,Male,1939-10-16,Tiffanyport,Vermont,India,5944388416,pittsamy@example.com,INS102993,2024-05-20,2026-09-22
2995,David Orozco,Female,1975-02-20,New Jessestad,Wyoming,India,1087723169,jacquelinedavis@example.org,INS102994,2024-12-20,2026-01-02
2996,John Zuniga,Female,2006-11-09,West Matthewborough,Nebraska,India,6857378171,nunezrobin@example.org,INS102995,2024-07-16,2026-03-18
2997,Madeline Dixon,Female,1960-11-21,West Brittanyport,Arkansas,India,4218461767,morrisdavid@example.org,INS102996,2024-01-12,2025-12-28
2998,Alison Welch,Male,1958-06-14,Livingstonchester,Texas,India,6168955252,zwalker@example.org,INS102997,2024-10-12,2025-11-12
2999,Sheena Rangel,Female,2004-04-11,Donchester,Ohio,India,7973693073,kklein@example.net,INS102998,2024-10-24,2026-06-25
3000,Wendy Erickson,Male,1954-02-15,Garyhaven,New Hampshire,India,9988691898,qkim@example.com,INS102999,2025-01-17,2025-12-28
3001,Michael Torres,Female,1974-03-20,New Amanda,Nebraska,India,0051735628,ureynolds@example.org,INS103000,2024-08-20,2026-07-12
3002,Jacqueline Ali,Female,1994-01-11,West Christopher,South Dakota,India,0376010395,davidjohnson@example.com,INS103001,2025-02-26,2026-05-23
3003,Dr. Jennifer Williamson,Female,1975-12-27,Cathyview,Missouri,India,9522773811,velezbrandon@example.com,INS103002,2024-05-21,2025-12-19
3004,Donna Murphy,Female,1945-12-11,Adamchester,Maine,India,3750005448,jacksoneric@example.org,INS103003,2025-02-19,2025-10-16
3005,Jennifer Rasmussen,Male,1940-01-31,North Robert,Delaware,India,2601252070,jamesbrown@example.net,INS103004,2025-03-15,2026-09-13
3006,Heather Anderson,Male,2003-11-29,Joannamouth,Kansas,India,6687837004,millerjames@example.net,INS103005,2024-07-20,2026-04-10
3007,Erin Hernandez,Female,1972-02-26,Caitlinfort,California,India,8813098143,alexander79@example.net,INS103006,2023-11-16,2026-02-19
3008,Maria Olson,Female,2002-09-30,New Jennifer,Oklahoma,India,3699663977,diana32@example.com,INS103007,2024-08-08,2026-02-14
3009,Jeffrey Johnson,Female,1959-04-18,Elizabethton,Vermont,India,7787942649,dominique89@example.net,INS103008,2025-06-28,2025-10-09
3010,Thomas Ware,Female,2001-11-30,Edwardbury,New Hampshire,India,3518444567,hharrell@example.net,INS103009,2025-04-20,2025-11-10
3011,Beth Walker,Female,1988-07-28,Michaelchester,Indiana,India,9539842503,taylorgabriel@example.com,INS103010,2024-02-21,2025-10-24
3012,Gerald Rowland,Female,1984-06-04,Lake Leahberg,Vermont,India,8335417561,melissa56@example.org,INS103011,2023-11-12,2026-06-10
3013,Courtney Ross,Female,1947-01-14,New Joann,Nebraska,India,7628895312,leslie47@example.org,INS103012,2024-01-09,2026-06-30
3014,Kenneth Newman,Female,1941-05-31,Port Sandratown,Texas,India,0768436540,garyfitzgerald@example.net,INS103013,2025-01-25,2025-12-24
3015,Wendy Scott,Male,1959-12-31,Collinstown,New Jersey,India,2557889851,katherinefuentes@example.com,INS103014,2025-06-23,2025-10-02
3016,Douglas Garner,Male,1990-02-13,Port Melindaburgh,Wyoming,India,9081636148,perrysandra@example.com,INS103015,2025-08-29,2026-02-28
3017,William Rogers,Male,1997-04-03,Port Anthonyton,Ohio,India,9807217810,morrishenry@example.com,INS103016,2024-06-16,2025-10-09
3018,Audrey Murray,Female,1960-09-24,West Garrettbury,New Jersey,India,3402126189,erin96@example.com,INS103017,2025-04-19,2025-10-30
3019,Tracy Long,Female,1979-02-13,Ashleychester,Rhode Island,India,9484141884,aburnett@example.net,INS103018,2024-08-29,2026-09-28
3020,Bradley Hunter,Female,1949-02-06,Port Amanda,Maine,India,9052030047,ballardderrick@example.org,INS103019,2025-02-12,2026-03-05
3021,Jeffrey Gonzalez,Male,1983-08-16,Onealhaven,Wisconsin,India,7334144770,seandavis@example.org,INS103020,2025-04-26,2026-08-11
3022,Gloria Garcia,Female,1994-01-10,Lake Bruceport,South Dakota,India,9171571982,kristendean@example.org,INS103021,2025-02-18,2025-12-02
3023,Donna Lee,Male,1995-11-20,Port Daniel,Georgia,India,3292895555,robertduncan@example.org,INS103022,2025-07-06,2025-10-18
3024,Julia Phillips,Female,1937-05-16,Port David,Georgia,India,2582003049,fsingh@example.net,INS103023,2023-10-04,2026-03-13
3025,Charles Miller,Male,1944-11-05,South Linda,Vermont,India,1467225854,william47@example.org,INS103024,2024-07-31,2026-07-04
3026,Anthony Lopez,Male,1980-07-31,Johnsonchester,Missouri,India,5209853504,bartlettmaria@example.com,INS103025,2024-09-23,2026-08-23
3027,Christian Peck,Male,1979-08-07,Jaimeberg,Arizona,India,6580383476,jennifer83@example.com,INS103026,2023-12-31,2026-03-27
3028,Ashley Huffman,Female,2004-06-10,West Aprilmouth,Wyoming,India,2096944040,avilashane@example.org,INS103027,2023-10-17,2026-09-24
3029,Kyle Walters,Male,1981-11-28,Knightberg,Delaware,India,0054619389,jjohnson@example.com,INS103028,2024-02-07,2025-10-15
3030,Michelle Morgan,Female,1953-06-12,South David,South Carolina,India,8480997015,nicolebauer@example.net,INS103029,2025-07-27,2025-11-16
3031,Laurie Miller,Female,1984-03-26,Johnland,Kansas,India,1107592582,tina09@example.net,INS103030,2024-09-01,2026-02-23
3032,Daniel Bailey,Female,1965-03-14,Lake Charles,Montana,India,3503331642,toddray@example.com,INS103031,2024-03-09,2026-04-02
3033,Austin Smith,Female,1951-02-14,Rubenhaven,Colorado,India,5455895618,tomerickson@example.org,INS103032,2025-04-29,2026-03-12
3034,Brandon Dennis,Female,1946-07-08,Penningtonburgh,Kentucky,India,4307595766,katherineyates@example.com,INS103033,2025-08-15,2025-11-24
3035,Dawn Arnold,Male,1965-02-02,Lake Jameschester,New Mexico,India,2325195201,evelyn86@example.org,INS103034,2024-08-06,2026-01-16
3036,Annette Mills,Female,1986-02-15,South Angelamouth,Texas,India,4658017516,gomezvanessa@example.org,INS103035,2023-11-09,2026-05-01
3037,Ricky Baker,Female,1980-07-12,Walterfort,Wisconsin,India,0615865194,debra69@example.org,INS103036,2024-07-28,2026-03-03
3038,Cynthia Clark,Female,1969-05-30,Davisburgh,New Hampshire,India,9278214241,pamela17@example.com,INS103037,2023-11-28,2025-10-27
3039,Lance Lawrence,Female,1940-06-06,Port Caitlyn,Illinois,India,3952185403,samuel39@example.org,INS103038,2023-11-19,2026-04-10
3040,Kyle Williams,Female,1945-08-01,South Patrick,Maryland,India,8992771237,kwalker@example.org,INS103039,2025-06-10,2026-09-25
3041,Mark Delgado,Male,2007-02-19,Johnmouth,North Carolina,India,0097467404,jacobserrano@example.com,INS103040,2025-04-03,2026-04-30
3042,Stephen Williams,Male,1999-09-12,Timothyton,New Jersey,India,1240850292,tylergary@example.org,INS103041,2024-11-08,2026-08-25
3043,Jennifer Diaz,Female,1983-07-03,Katiefort,Colorado,India,7166760547,owarren@example.org,INS103042,2025-04-21,2026-01-08
3044,Kristen Jefferson,Male,1963-02-15,Port Michaelstad,Pennsylvania,India,5303159082,dduke@example.org,INS103043,2025-01-18,2026-04-12
3045,Elizabeth Stanley,Male,1948-09-18,New Christopher,South Dakota,India,5149963680,ochoanicholas@example.com,INS103044,2024-07-04,2026-04-25
3046,Guy Morris,Female,1999-04-13,East Carmenview,Mississippi,India,6646867679,yporter@example.net,INS103045,2024-11-08,2026-05-11
3047,Julie Maldonado,Male,1981-02-26,East Aliciastad,Iowa,India,0042357546,lisataylor@example.net,INS103046,2024-03-09,2026-02-04
3048,Shannon Romero,Female,1991-07-13,Crystalburgh,Louisiana,India,6398662306,fwilliams@example.com,INS103047,2024-03-23,2026-04-30
3049,Raymond Castaneda,Male,2006-04-22,Newtonstad,West Virginia,India,7593463011,ygibson@example.net,INS103048,2023-11-27,2026-09-30
3050,Tracy Wright,Male,1974-11-16,South Robertburgh,Minnesota,India,8658680668,roger34@example.net,INS103049,2025-07-23,2025-10-27
3051,Jennifer Davidson,Male,1963-12-05,Moranborough,Wisconsin,India,1052413011,sharon48@example.com,INS103050,2024-09-29,2026-03-10
3052,Andrea Gallagher,Female,1984-03-16,Port Katelyn,Indiana,India,8040549052,ioneill@example.net,INS103051,2024-01-20,2026-06-07
3053,Mason Rivas,Male,1941-02-01,Lake Gregoryville,Michigan,India,6527635245,mitchellreed@example.org,INS103052,2024-01-20,2025-10-22
3054,Richard Brown,Male,1958-04-02,Charlesshire,Wyoming,India,1421679129,mperez@example.com,INS103053,2024-04-15,2026-02-23
3055,Lori Young,Female,1955-08-11,Herreraport,New Mexico,India,1172477053,jennifer91@example.com,INS103054,2024-05-29,2025-12-03
3056,William Roberson,Female,1962-11-02,New Susan,South Carolina,India,4930609242,benjamindelgado@example.net,INS103055,2025-05-18,2026-08-11
3057,William Jackson,Male,1971-11-22,Bishopborough,North Carolina,India,6242455209,stephanie94@example.com,INS103056,2024-06-10,2026-04-27
3058,Michael Suarez,Female,1965-06-22,Barrettton,Montana,India,2746069766,qmcconnell@example.net,INS103057,2024-04-01,2026-02-19
3059,Derek Perez,Male,2005-07-17,West Christopherchester,Connecticut,India,9812274306,meyersdana@example.net,INS103058,2024-12-21,2026-08-30
3060,Amy Lee,Male,1994-10-05,Justinport,Colorado,India,7988024385,bradley37@example.net,INS103059,2024-02-08,2026-06-10
3061,Karl Crawford,Female,1939-03-31,West Jacqueline,Iowa,India,2415960219,keith53@example.com,INS103060,2024-03-12,2026-03-05
3062,Shaun Madden,Female,1985-04-26,Shepherdbury,Wisconsin,India,3904863517,brandonblackburn@example.com,INS103061,2024-07-01,2026-06-21
3063,Jeffrey Lane,Female,1953-09-21,Kennethborough,Iowa,India,2827609413,travisbrown@example.com,INS103062,2025-04-10,2026-08-06
3064,Jason Stuart,Male,1986-06-02,North Steven,Indiana,India,0021013043,victorscott@example.org,INS103063,2024-08-16,2025-12-21
3065,Valerie Liu,Female,2006-06-05,South Amber,Georgia,India,6659997916,dmartinez@example.net,INS103064,2025-07-15,2026-06-17
3066,Taylor Meyer,Male,1970-12-27,Lake Alicia,New Mexico,India,6614952429,wrightshawn@example.net,INS103065,2025-06-03,2026-04-02
3067,Matthew Freeman MD,Female,2006-06-20,West Logan,Wyoming,India,8021703524,rcruz@example.org,INS103066,2024-07-04,2026-09-04
3068,Steven Barnes,Male,1974-05-28,Simsfurt,Alaska,India,8200916718,jennifer05@example.org,INS103067,2025-09-21,2026-08-28
3069,Jennifer Williams,Female,1972-04-23,South Kristinafurt,Rhode Island,India,4812097044,tsanchez@example.net,INS103068,2025-01-13,2026-01-27
3070,Chelsea Sanchez,Male,1944-04-22,Staceyburgh,South Carolina,India,3604958060,johnsonbrian@example.com,INS103069,2025-04-08,2026-03-17
3071,Kelly Simmons,Female,1995-01-04,Williamhaven,Oregon,India,9291864854,larryhernandez@example.net,INS103070,2025-08-31,2026-05-24
3072,Stephanie Hall,Male,1997-01-24,Gabriellefort,Rhode Island,India,2732458615,walkerangela@example.com,INS103071,2024-07-13,2026-03-17
3073,Tammy Mcclain,Female,1949-07-19,North Isabel,Nebraska,India,9107263137,eguerra@example.org,INS103072,2024-11-01,2026-02-28
3074,James Williams,Female,1956-01-08,Jessicaport,Maryland,India,6165377979,ericbray@example.net,INS103073,2025-03-29,2026-06-24
3075,Theresa Morgan,Male,1949-09-19,North Ryanmouth,Hawaii,India,9237583115,morgankelly@example.org,INS103074,2024-10-09,2026-03-20
3076,Wesley Reynolds,Female,1956-06-16,North Gabrieltown,Wisconsin,India,7297298523,daymichael@example.net,INS103075,2024-07-15,2026-09-18
3077,Jeremy Lee DVM,Male,1998-10-15,Paulfurt,South Carolina,India,8184636612,smithkevin@example.org,INS103076,2023-11-22,2026-06-07
3078,Lauren Waters,Male,1996-06-26,East Peter,West Virginia,India,6500859473,melissa62@example.org,INS103077,2024-10-07,2025-12-24
3079,Jennifer Rich,Female,1974-01-31,Port Jennifer,Alaska,India,8354813819,halltammy@example.org,INS103078,2025-06-18,2026-06-23
3080,Jimmy Nichols,Male,1997-08-07,Derrickberg,Tennessee,India,1822386461,lopezjuan@example.com,INS103079,2025-07-29,2026-08-25
3081,Michael Howard,Female,1951-06-23,West Jessicaburgh,Pennsylvania,India,9552154022,fischermelissa@example.org,INS103080,2024-09-19,2026-05-02
3082,Kristi Clements,Female,1951-11-07,New Michael,Michigan,India,0633277890,wilcoxashley@example.com,INS103081,2023-11-30,2026-04-05
3083,Carl Harvey,Male,1946-03-09,Carrhaven,Arkansas,India,3421863900,ronaldreeves@example.com,INS103082,2024-12-23,2026-05-25
3084,Bradley Gordon Jr.,Female,1997-07-11,Martinport,Hawaii,India,1262584611,jacksonrachel@example.net,INS103083,2024-03-03,2026-06-18
3085,Tonya Ho,Male,1946-06-20,North Erica,North Carolina,India,9244482394,amyfoster@example.com,INS103084,2025-09-25,2025-11-19
3086,Donna Garner,Male,1938-04-26,Charlesland,Rhode Island,India,3172788479,david61@example.net,INS103085,2024-10-20,2026-06-13
3087,Cheryl Murphy,Female,1943-03-18,Lake Brandonland,New Hampshire,India,8701230993,sbass@example.com,INS103086,2025-03-13,2026-04-30
3088,James Lewis,Female,1991-12-03,Callahanhaven,Delaware,India,6493387836,riveratimothy@example.org,INS103087,2025-09-29,2026-03-18
3089,Miguel Shah,Male,1955-10-22,Port Scottport,New Hampshire,India,2680303170,karenclay@example.org,INS103088,2024-05-29,2026-06-26
3090,Nicole Nash,Male,1968-07-09,Barrettbury,Louisiana,India,0988193359,nelsonkathryn@example.com,INS103089,2024-11-03,2026-09-19
3091,Ronald Watts,Female,1968-11-01,New Jerryfort,Rhode Island,India,7150175434,evansryan@example.com,INS103090,2024-05-05,2025-10-31
3092,Stephanie Murphy,Female,1944-05-09,Ramosmouth,Montana,India,7667340787,joann59@example.net,INS103091,2024-03-28,2025-11-28
3093,Shawn Lawson,Female,1941-11-04,Kingtown,Missouri,India,6675319349,barnesalexis@example.org,INS103092,2024-03-28,2025-12-22
3094,Holly Giles,Female,1987-10-12,Lake Jonathan,Vermont,India,9758302912,david38@example.com,INS103093,2023-12-21,2025-11-26
3095,Jeff Jackson,Male,2000-11-30,Dayfurt,New Jersey,India,3224096883,kayla06@example.org,INS103094,2025-04-18,2026-02-28
3096,Tyler Fleming,Female,1962-03-31,Clarkside,North Dakota,India,9765680128,vanessa56@example.org,INS103095,2024-09-07,2026-01-26
3097,Christie Jacobs,Male,1995-06-24,Kevinshire,Texas,India,4113398126,reverett@example.org,INS103096,2025-03-07,2026-01-26
3098,Haley Gibson,Male,1971-03-16,West Stevenburgh,Rhode Island,India,5399610170,david02@example.org,INS103097,2024-07-27,2026-05-24
3099,Joshua Tanner,Female,1998-12-06,Alvaradofurt,Indiana,India,7897816132,chad51@example.com,INS103098,2024-04-14,2025-10-02
3100,Kevin Lee,Male,1981-05-13,Donnafurt,New Mexico,India,0029085128,martinnathan@example.com,INS103099,2024-02-26,2026-02-14
3101,Amy Rodriguez,Female,1955-08-16,Marybury,Texas,India,5329337607,camposkimberly@example.org,INS103100,2024-08-06,2026-06-17
3102,Amanda Carr,Male,1983-01-15,New Matthewstad,Missouri,India,0803344035,stephanie57@example.org,INS103101,2024-03-06,2025-10-21
3103,Amy Sullivan,Female,1950-07-09,Kimberlyborough,Minnesota,India,1765529282,npatel@example.com,INS103102,2025-05-20,2025-11-14
3104,Steven Lowe,Male,1936-08-04,West Amandashire,Delaware,India,0483546378,mendozaelizabeth@example.net,INS103103,2024-11-11,2026-04-06
3105,Matthew Warren,Male,1936-02-27,New Chelsea,New Hampshire,India,2817796233,gregyoung@example.com,INS103104,2025-06-25,2025-12-17
3106,Noah Hopkins,Female,1972-03-10,Danielbury,North Dakota,India,6253507023,crystal40@example.net,INS103105,2024-09-01,2026-06-22
3107,Jacob Fuller,Female,2001-12-07,North Ashleyton,Wyoming,India,0355716713,upoole@example.org,INS103106,2024-05-18,2025-12-03
3108,Austin Chapman,Male,1971-02-10,West Petermouth,South Carolina,India,1770654559,anna46@example.com,INS103107,2024-01-16,2026-01-30
3109,Amanda Martinez,Male,1947-08-05,East Carriebury,Missouri,India,4261199690,garrettmatthew@example.com,INS103108,2024-11-05,2026-07-22
3110,Micheal Lambert,Female,1983-03-10,Lake Stevenbury,Iowa,India,6080850781,fordandrew@example.com,INS103109,2025-06-30,2026-01-06
3111,Cindy Wright,Male,1977-01-05,Michaelport,Kansas,India,7185260081,lindsayblack@example.com,INS103110,2024-06-27,2025-11-06
3112,Preston Franco,Female,1999-03-22,Charlesmouth,Oregon,India,1882526082,derrick57@example.org,INS103111,2025-02-28,2026-03-31
3113,Steven Ware,Male,2005-08-06,Ellisland,Wisconsin,India,4896977456,rhinton@example.net,INS103112,2024-02-15,2025-10-08
3114,Michael Golden,Female,1971-11-27,Johnsonhaven,Oregon,India,5829945882,lharris@example.org,INS103113,2024-05-18,2025-10-23
3115,Anthony Beard,Male,1972-08-15,Richardfort,Colorado,India,8597673352,williamsrhonda@example.com,INS103114,2025-05-12,2026-07-31
3116,Dawn Santana,Female,1985-09-01,Geneton,Texas,India,5683464837,frankmalone@example.net,INS103115,2025-09-05,2026-03-01
3117,Marissa Hartman,Female,1998-11-21,East Michael,Ohio,India,2994878378,gjohnson@example.com,INS103116,2024-04-09,2026-01-25
3118,Christian Horton,Male,1995-04-25,Port Angelamouth,Vermont,India,3475708564,michelle58@example.net,INS103117,2024-10-12,2026-05-13
3119,Kimberly Pratt,Female,1963-03-28,Douglasport,Virginia,India,2872803316,catherine04@example.com,INS103118,2024-07-12,2026-03-30
3120,Patricia Scott,Male,1940-02-13,Booneville,Alabama,India,3994615075,jenkinsstephen@example.org,INS103119,2024-05-21,2026-02-11
3121,Michael Payne,Female,1945-12-28,Wilsonfurt,Washington,India,2177386545,moorejasmine@example.com,INS103120,2024-11-29,2025-10-21
3122,Bruce Bowen,Female,1943-05-13,Harrellland,Rhode Island,India,1108133359,tinagreen@example.org,INS103121,2025-07-28,2025-10-26
3123,Evan Donaldson,Female,1948-06-08,Kevinport,Missouri,India,5853001896,jerry93@example.org,INS103122,2024-03-13,2025-11-17
3124,Alicia Baker,Male,1983-10-08,Collinsstad,Illinois,India,8254127627,rileysuzanne@example.com,INS103123,2024-04-05,2026-07-27
3125,Anthony Ray,Female,1990-02-23,Stevenmouth,Alabama,India,8741836917,jonathanmcpherson@example.com,INS103124,2024-07-18,2026-04-21
3126,Gina Thornton,Male,1983-09-11,West Allenview,Wisconsin,India,8144694008,jeffreyweber@example.net,INS103125,2023-11-04,2026-02-27
3127,Mathew Baker,Female,2005-02-04,Heathermouth,Montana,India,0057414697,brandi70@example.net,INS103126,2024-10-24,2026-09-22
3128,Michael Acevedo,Male,1998-02-12,Port Lorifurt,New Mexico,India,3779038269,nicole61@example.org,INS103127,2023-12-27,2026-02-24
3129,James Morales,Male,1970-07-06,West Davidtown,Alaska,India,3433196034,jocelynmartinez@example.net,INS103128,2024-12-04,2026-09-15
3130,Katherine Oconnor,Male,1975-01-04,Sampsonmouth,New Mexico,India,4539296733,dayanna@example.com,INS103129,2025-01-18,2026-02-27
3131,Andrew Boyle,Female,2000-05-04,Stevenschester,California,India,2344984910,brittney58@example.net,INS103130,2025-09-25,2025-10-12
3132,Natalie Garza,Male,1943-05-12,Williamshire,Georgia,India,2652313457,ecampbell@example.net,INS103131,2024-12-11,2026-03-22
3133,Lindsay Garcia,Female,1942-01-10,North Williammouth,Oklahoma,India,2920796090,daniel09@example.net,INS103132,2025-01-23,2026-01-30
3134,Lori Mills,Male,1935-12-03,Lake Coletown,Washington,India,4463349698,mramirez@example.org,INS103133,2024-06-02,2025-10-15
3135,Glenn Wright,Male,1952-06-07,Roberthaven,New Jersey,India,2301432431,richardknight@example.net,INS103134,2023-10-18,2026-06-15
3136,Ms. Miranda Phillips,Male,1977-07-24,North Chelsey,Maryland,India,8626937784,tracylloyd@example.org,INS103135,2024-06-27,2025-11-28
3137,John Williams,Male,2007-03-20,Lewisburgh,Kansas,India,1431096165,robert04@example.com,INS103136,2024-01-20,2026-07-29
3138,Anna Andrade,Female,1981-03-27,East Briannaside,Maryland,India,9029667787,fchapman@example.org,INS103137,2024-08-14,2026-01-08
3139,Brian Price,Male,1946-11-27,Rebeccaland,Rhode Island,India,4470820612,yolanda56@example.org,INS103138,2023-11-03,2026-06-25
3140,Tonya Nixon,Male,1942-03-12,Lake Elizabethland,South Dakota,India,6400820656,jasonhardin@example.org,INS103139,2024-03-31,2026-05-22
3141,Priscilla Sellers,Female,1937-07-11,New Jaytown,Massachusetts,India,7847700307,davismason@example.org,INS103140,2024-12-25,2026-05-04
3142,Douglas Craig,Male,1961-09-13,Lake Edward,Oregon,India,0868798521,prodriguez@example.net,INS103141,2024-06-14,2025-10-27
3143,Nancy Davidson,Male,1982-05-19,Jerryville,Oklahoma,India,7869202287,howardcourtney@example.com,INS103142,2024-02-24,2026-02-18
3144,Todd Small,Male,1984-07-31,Tammyberg,Iowa,India,4029335756,vvargas@example.com,INS103143,2025-06-17,2026-04-20
3145,Katie Bradshaw,Male,1977-11-11,Joshuashire,Wisconsin,India,3853343756,uwatkins@example.org,INS103144,2024-05-23,2026-08-18
3146,Shari Glenn,Female,1995-10-02,Hudsonstad,Oregon,India,8436697829,traci32@example.net,INS103145,2025-07-07,2026-07-30
3147,Jason Juarez,Female,1983-03-29,North Sarah,Washington,India,5730359174,christopher01@example.net,INS103146,2024-01-07,2026-01-02
3148,Mike Woods,Male,1956-10-26,South Lisa,Oregon,India,8147721904,petersnicholas@example.com,INS103147,2023-10-01,2026-07-19
3149,Cynthia Griffin,Female,2002-10-21,Orozcoshire,Nevada,India,0606283618,bjones@example.net,INS103148,2024-05-09,2025-10-12
3150,Connor Collier,Female,1971-10-25,East Clarence,New Hampshire,India,7276066381,spowell@example.com,INS103149,2023-10-19,2026-08-20
3151,Shannon Rivas MD,Male,1984-02-07,Lopezmouth,Idaho,India,0861154367,damon19@example.com,INS103150,2024-02-10,2026-09-15
3152,Brandon Johnson,Female,2007-10-30,New Jonathan,Alabama,India,4772887681,jamesmcdaniel@example.net,INS103151,2024-08-22,2026-05-01
3153,Brittany Martin,Male,1972-12-23,Deniseberg,Idaho,India,5662996811,nortonderrick@example.com,INS103152,2024-07-25,2026-07-09
3154,Gregory Gonzales,Female,1940-08-19,Michaelburgh,Wyoming,India,8887108729,davidclark@example.net,INS103153,2024-11-09,2026-02-20
3155,Shawn Collins,Female,2007-01-22,South Mercedes,Mississippi,India,8182507071,mark68@example.net,INS103154,2025-06-15,2025-11-30
3156,Mitchell Taylor,Female,1954-03-19,East Austin,Illinois,India,6669237027,tcochran@example.org,INS103155,2024-06-09,2025-11-09
3157,Nicholas Martin,Male,1989-05-31,South Ronaldshire,South Carolina,India,1352253321,lindabartlett@example.net,INS103156,2025-04-11,2026-02-10
3158,Anthony Ayala MD,Female,1960-04-19,Fuentesborough,Kentucky,India,6693468772,dennis61@example.com,INS103157,2024-11-15,2026-07-23
3159,Stacey Mendoza,Male,1958-01-29,South Timothy,Oregon,India,5546170038,hollylowery@example.com,INS103158,2024-04-06,2025-11-17
3160,Adrienne Robles,Male,1937-06-15,Schroederbury,Ohio,India,5846910018,kpetersen@example.com,INS103159,2025-04-01,2026-08-03
3161,James Williamson,Female,2004-08-26,Barajasville,Connecticut,India,2765695440,adamskristen@example.org,INS103160,2025-06-19,2026-07-10
3162,Emily Jones,Male,1946-06-11,New Corey,Illinois,India,4862154184,allen54@example.net,INS103161,2025-03-17,2025-10-10
3163,Kevin Lee,Female,1980-11-05,East Timothy,Alabama,India,0434564648,jefferyellis@example.net,INS103162,2024-11-07,2026-04-04
3164,Mark Strickland,Male,1960-03-14,Jimmyville,Alaska,India,9287188694,hollychambers@example.com,INS103163,2024-11-21,2025-10-30
3165,Sarah Bailey,Male,1959-01-04,Danastad,North Carolina,India,9960156883,kimberlyphillips@example.net,INS103164,2024-07-23,2026-05-26
3166,Ryan Adams,Female,1936-12-15,Williamsburgh,Pennsylvania,India,1362807061,loribest@example.com,INS103165,2024-04-23,2025-11-27
3167,Zachary Jones,Female,2004-04-19,Lake Martha,South Dakota,India,9069481319,englishjohn@example.com,INS103166,2024-08-30,2026-06-08
3168,Joshua Kerr,Female,1940-02-06,South Joseph,Arkansas,India,0396156890,pfoster@example.org,INS103167,2024-11-23,2026-04-23
3169,Megan Freeman,Female,1997-02-12,Elliottside,Connecticut,India,9887993093,lwright@example.net,INS103168,2024-06-04,2026-09-03
3170,Deborah Morales,Male,1949-04-14,South Lisa,New Jersey,India,9760268282,brookstimothy@example.org,INS103169,2024-03-12,2025-10-23
3171,Tyler Gonzales,Male,1971-06-13,South Timothy,Alaska,India,1978009797,daniellesullivan@example.org,INS103170,2025-04-25,2026-05-04
3172,Anne Brooks,Male,1936-02-05,West Arthurtown,Alaska,India,8656820170,phillip78@example.org,INS103171,2024-10-22,2026-05-24
3173,Richard Richardson,Female,1994-03-04,Jenniferburgh,Alaska,India,8461512480,davidsmith@example.net,INS103172,2024-09-12,2026-03-11
3174,Jason Abbott,Male,1944-04-21,New Johnny,New Mexico,India,0086194279,fhowell@example.org,INS103173,2025-07-29,2026-07-06
3175,Mikayla Rios,Female,1978-09-08,New Erica,North Carolina,India,1911101814,xmurray@example.net,INS103174,2024-11-07,2026-01-21
3176,Matthew Cooper,Male,1953-04-07,South Stephen,Montana,India,1551305385,bryanbradley@example.com,INS103175,2024-06-09,2026-03-04
3177,Noah Rivera,Female,1996-09-24,East Joshua,Kentucky,India,1955633346,amanda98@example.net,INS103176,2024-02-10,2026-02-20
3178,William Moreno,Male,1950-11-21,Phillipstown,Kansas,India,3943695346,msanchez@example.net,INS103177,2023-11-24,2025-12-11
3179,Cheryl Carey,Male,2002-01-15,South Brittanyberg,Wisconsin,India,8975526529,ijohnson@example.org,INS103178,2024-07-29,2025-10-07
3180,Michael Jackson,Female,1936-06-23,New Albertton,Idaho,India,1164508252,lmiller@example.org,INS103179,2025-06-28,2026-01-25
3181,John Gay,Male,1984-05-14,North Matthew,Louisiana,India,0903473950,groberts@example.org,INS103180,2024-02-17,2026-04-11
3182,Anne Gray,Female,1968-07-03,Williamberg,Pennsylvania,India,6002264884,hadams@example.net,INS103181,2024-02-11,2026-09-06
3183,Keith Little,Male,1960-05-02,New Jessicamouth,Florida,India,9569273269,yreynolds@example.org,INS103182,2025-08-03,2026-02-13
3184,Shannon Chaney,Male,1968-10-05,West Josephmouth,Michigan,India,6847512071,lori18@example.org,INS103183,2024-09-15,2025-10-02
3185,Jeffrey Reed,Female,1953-11-19,West Amanda,Rhode Island,India,0971980665,kevin44@example.org,INS103184,2025-04-05,2025-10-09
3186,Eric Johnson,Female,1961-01-09,Dyerside,Nebraska,India,3690108860,destiny46@example.org,INS103185,2024-12-26,2025-12-18
3187,David Santiago,Male,1941-04-12,East Georgestad,Utah,India,6396331181,jason18@example.net,INS103186,2023-12-23,2026-05-09
3188,Veronica Garcia,Male,1945-08-24,Ashleyburgh,New Jersey,India,0356903467,farmermonica@example.org,INS103187,2025-05-25,2025-12-29
3189,Tony Lewis,Male,2002-03-21,Teresatown,Idaho,India,8086876343,miguel34@example.com,INS103188,2025-04-05,2025-12-24
3190,Justin Brown,Male,1941-10-10,Brianhaven,Oklahoma,India,5978701256,ashley47@example.net,INS103189,2025-07-01,2026-04-19
3191,Erika Davis,Male,1961-08-06,South Robertport,Pennsylvania,India,0594565887,rturner@example.org,INS103190,2025-03-10,2025-10-18
3192,Jerry Silva,Male,1990-11-09,Port Sarah,Oklahoma,India,9557926139,hilljacqueline@example.net,INS103191,2025-05-14,2026-04-24
3193,Courtney Thomas,Female,1996-10-26,West Patrickton,Massachusetts,India,7178981367,tcraig@example.net,INS103192,2025-05-17,2026-03-23
3194,Joshua Huang,Female,2007-07-10,East Diana,West Virginia,India,5502165658,hbowen@example.net,INS103193,2025-07-11,2026-03-14
3195,Gloria Nicholson,Female,1963-10-19,North Samanthaborough,Alaska,India,1370770725,marshjesus@example.com,INS103194,2025-06-21,2026-01-02
3196,Steven Gregory,Male,1939-10-17,East Rachel,West Virginia,India,3841667759,stevenjones@example.net,INS103195,2024-05-07,2026-09-29
3197,Andre Buck,Male,1955-01-21,North Lanceview,Virginia,India,1335794169,jennifer44@example.com,INS103196,2025-02-14,2026-09-17
3198,Bryan Merritt,Male,1945-12-14,Lake Danielbury,Florida,India,4217123940,scottatkinson@example.com,INS103197,2024-05-01,2026-04-21
3199,Matthew Jackson,Female,1987-03-28,Laurabury,Louisiana,India,3723530543,ybarnett@example.org,INS103198,2025-06-05,2026-08-28
3200,Nathan Mitchell,Female,1953-06-20,West Lauraland,Louisiana,India,8179518756,jessica82@example.org,INS103199,2024-06-15,2025-11-26
3201,Jordan Jackson,Male,1994-08-03,North Christopher,Massachusetts,India,2080600495,kendra30@example.net,INS103200,2024-12-09,2025-10-10
3202,Aaron Thomas,Male,1968-08-25,South Chad,Tennessee,India,3167757844,xharvey@example.org,INS103201,2024-04-06,2026-02-12
3203,John Oliver,Female,1951-10-22,North Jenniferville,South Carolina,India,4327990753,mitchellvilla@example.com,INS103202,2024-10-06,2026-05-30
3204,Mariah Barnes,Female,2006-04-06,Mccoyton,Hawaii,India,8963881898,theresamartinez@example.net,INS103203,2025-03-17,2026-04-03
3205,Mark Davis,Female,1971-06-10,Timothyborough,Nevada,India,7868929865,rachel06@example.org,INS103204,2025-06-17,2026-02-04
3206,Jared Little,Male,1960-07-21,Port Jason,California,India,7422516208,angelajordan@example.com,INS103205,2025-04-12,2026-01-16
3207,Andrew Erickson,Male,1972-04-10,Lake Charlestown,Wisconsin,India,2509628850,harrispaul@example.com,INS103206,2024-07-28,2026-08-01
3208,Brittany Miller,Male,1943-10-21,Murphyberg,Pennsylvania,India,2948944233,george01@example.org,INS103207,2025-06-28,2026-07-06
3209,Brett Bell,Female,1978-09-15,Lake Carriestad,Indiana,India,1376977450,dustin18@example.org,INS103208,2023-12-02,2026-08-18
3210,Amanda Sanders,Female,2003-04-13,South Jasonbury,Rhode Island,India,9226496861,rosalesrebecca@example.net,INS103209,2023-11-03,2026-03-18
3211,Amy Hopkins,Male,1989-01-02,East Tara,Mississippi,India,0129762632,michaelwalker@example.org,INS103210,2024-05-14,2026-09-23
3212,Michelle Evans,Male,1945-05-24,Port Emilyfurt,Maine,India,1329420624,larry89@example.com,INS103211,2024-08-07,2025-12-30
3213,Elaine Taylor,Female,1951-01-07,East Hannahland,Minnesota,India,9383962790,morrisveronica@example.net,INS103212,2025-03-29,2026-03-15
3214,Jorge Collins,Male,2003-06-10,North Calebfurt,Arizona,India,7378413939,parkerdeanna@example.org,INS103213,2025-09-21,2026-04-11
3215,Renee Reed,Female,1983-02-19,Williamsburgh,Georgia,India,9838797857,patrickhaley@example.com,INS103214,2024-11-26,2026-01-27
3216,Elizabeth Bowers,Female,1981-10-05,South Ashleemouth,Illinois,India,5183439197,bergerdaniel@example.net,INS103215,2023-10-24,2026-07-30
3217,Kelsey George,Male,1997-01-28,Paulview,Utah,India,8691085150,micheleflores@example.org,INS103216,2025-01-22,2026-02-23
3218,Frederick Reed,Female,1942-01-17,Wardport,Nevada,India,5741442162,joseph70@example.org,INS103217,2024-03-31,2025-10-09
3219,Sean Jones,Male,1988-12-11,Torrestown,South Dakota,India,5726099264,jane11@example.net,INS103218,2024-03-25,2026-04-27
3220,Robert Kemp,Female,1989-04-09,Simsberg,Colorado,India,3834712667,jacquelinechavez@example.com,INS103219,2024-09-23,2026-08-21
3221,Sheila Elliott,Female,1974-03-04,North Justin,North Dakota,India,9408224510,ashleyhernandez@example.com,INS103220,2025-05-12,2026-02-09
3222,Kevin Bell,Male,1951-12-28,Amandatown,Alaska,India,7442797644,uli@example.com,INS103221,2024-08-01,2026-01-18
3223,Christian Moore,Female,1972-12-29,Kelseyfort,Utah,India,2277427850,otaylor@example.org,INS103222,2024-09-30,2026-02-19
3224,Michelle Lawrence,Male,2004-09-10,South Jenniferbury,Idaho,India,9408180170,alexandriaweber@example.com,INS103223,2024-08-14,2026-04-06
3225,Mrs. Michelle Keller,Male,1998-01-21,Carlahaven,Texas,India,1154896712,jmontes@example.com,INS103224,2025-05-07,2025-11-11
3226,Eric Duncan,Female,1957-11-10,Christinebury,Indiana,India,1579224345,norman10@example.net,INS103225,2025-03-07,2026-04-03
3227,Mary Humphrey,Male,1937-02-10,Lake Lauren,Arkansas,India,7310292474,victoriarobinson@example.net,INS103226,2024-06-21,2026-06-02
3228,Melissa Delgado,Male,1960-07-17,Lake Destinyport,New Mexico,India,5778655657,bgarner@example.org,INS103227,2024-11-26,2026-06-30
3229,William Cline,Male,1971-08-19,West Christinahaven,Iowa,India,4887715289,carriemorales@example.org,INS103228,2024-07-12,2025-12-27
3230,Jonathan Taylor,Male,1939-07-23,New Michele,West Virginia,India,0361484070,larrydaniel@example.net,INS103229,2024-02-06,2025-11-26
3231,Jamie Peterson,Male,1957-06-27,South Stevenview,California,India,1799783965,larry82@example.org,INS103230,2024-11-02,2025-10-21
3232,Shane Wang,Male,1958-12-22,East Jeffrey,Missouri,India,3483604849,mmurray@example.com,INS103231,2024-02-03,2026-02-14
3233,Eric Patel,Female,1969-06-10,Jensenmouth,Indiana,India,9382237059,davidbowers@example.net,INS103232,2024-05-19,2026-03-04
3234,Brandon Carroll,Male,1958-01-12,North Joelville,Oregon,India,5277444069,jessica86@example.net,INS103233,2025-07-07,2026-06-13
3235,Brittany Johnson,Female,2004-10-18,East Christopherberg,Kentucky,India,7763234104,lbarrera@example.net,INS103234,2023-12-30,2026-08-29
3236,Alice Johnson,Female,2000-03-07,South Nicolehaven,Texas,India,4481064364,valerie19@example.net,INS103235,2025-01-22,2026-03-07
3237,Robert Smith,Male,1946-01-15,Debrastad,Michigan,India,6082515024,timothyvelazquez@example.org,INS103236,2023-10-13,2026-05-16
3238,Julian Brown,Female,1999-04-05,East Samantha,Missouri,India,4165807349,jessicabeck@example.com,INS103237,2025-05-10,2026-07-19
3239,Jennifer Cortez,Female,1967-12-26,Flemingmouth,Maine,India,2416626753,edward14@example.net,INS103238,2025-05-23,2026-08-12
3240,Andrew Key,Male,2005-10-16,East Christopher,Virginia,India,1126006805,jenniferholland@example.org,INS103239,2025-06-17,2026-02-21
3241,Gregory Kennedy,Male,1940-04-25,North Erikaview,Delaware,India,8909946198,ajohnston@example.com,INS103240,2025-09-23,2026-08-14
3242,Jason Ingram,Male,1984-04-11,Petersonshire,South Carolina,India,8137589517,harrellcurtis@example.net,INS103241,2024-04-28,2026-06-01
3243,Kaylee Crane,Female,1945-02-08,Robertshaven,Oklahoma,India,7717471289,hickstiffany@example.org,INS103242,2024-04-09,2026-06-04
3244,Sandra Melton,Female,1964-06-22,New Robert,Rhode Island,India,7135032520,jacqueline70@example.com,INS103243,2024-03-19,2026-03-25
3245,Keith Thompson,Male,1986-09-20,Stewarttown,Texas,India,1430213763,chall@example.net,INS103244,2025-07-26,2026-04-03
3246,Jacob Moon,Male,1945-11-01,Port Sandra,Ohio,India,7991264224,ipacheco@example.net,INS103245,2024-01-04,2026-08-26
3247,Kathleen Carroll,Female,1944-12-16,Rodriguezmouth,Connecticut,India,5694769352,stephaniefaulkner@example.org,INS103246,2024-07-16,2026-04-22
3248,Stephen Reed,Female,1969-12-27,Lake Christinaside,Nebraska,India,6800311122,nwilson@example.com,INS103247,2024-05-31,2026-05-13
3249,Melanie Jones,Female,1975-02-01,Lake Tamarachester,Kentucky,India,3831756729,michelle57@example.org,INS103248,2024-05-15,2026-03-21
3250,Stephanie Roberts,Female,1936-06-15,Port Joshuafurt,Texas,India,6187873996,matthewenglish@example.com,INS103249,2025-03-09,2026-02-05
3251,Danielle Rivera,Male,1947-06-05,Port Samantha,Oklahoma,India,3417088776,grobinson@example.net,INS103250,2024-12-14,2025-11-08
3252,Joseph Foster,Female,1946-09-07,Jamesberg,Indiana,India,8081761565,hendrixwillie@example.com,INS103251,2024-05-21,2026-06-17
3253,Kenneth Lewis,Female,2004-10-25,Dunnbury,Alaska,India,1160188998,plewis@example.net,INS103252,2025-08-10,2025-12-31
3254,Michael Harris,Female,2006-07-22,East Michael,Michigan,India,5321428693,byoder@example.com,INS103253,2024-10-12,2026-06-17
3255,Daniel Tyler,Female,2003-02-18,Jessicachester,Mississippi,India,8100310701,charlesyoung@example.net,INS103254,2025-08-24,2026-07-13
3256,Alexandra Rhodes,Male,2001-11-11,Jessicastad,Georgia,India,8453918403,stephaniehays@example.com,INS103255,2024-06-13,2026-09-01
3257,Wendy Fitzpatrick,Male,2001-10-13,Kimberlymouth,Maryland,India,5073518759,hallnicholas@example.com,INS103256,2025-07-15,2026-07-13
3258,Phyllis Alvarez,Female,1936-01-09,Alexanderfort,North Dakota,India,4336500416,joy39@example.net,INS103257,2023-11-15,2026-04-11
3259,Amy Berry,Female,1938-01-25,South Kevinside,North Dakota,India,2413510936,garymartin@example.org,INS103258,2024-01-30,2025-10-06
3260,Christopher Sandoval,Male,1941-02-23,Lake Williamstad,North Carolina,India,9828587013,carla28@example.net,INS103259,2024-06-09,2026-09-29
3261,Cindy Miller,Male,1974-11-22,Navarrostad,Rhode Island,India,4494241204,fosterdonald@example.com,INS103260,2025-03-13,2025-10-25
3262,Jeffrey Nelson,Female,1983-11-11,Lake Graceland,Louisiana,India,0366469041,johnny70@example.com,INS103261,2024-11-20,2025-11-06
3263,Emily Anthony,Female,1944-02-14,Lake Brittany,Massachusetts,India,9326919881,william06@example.net,INS103262,2025-05-19,2026-06-08
3264,Andrew Brown,Male,2004-08-25,East Evan,Louisiana,India,6522540300,xmoody@example.net,INS103263,2024-01-05,2026-06-02
3265,Nichole Garza,Male,1942-01-27,South Monica,Massachusetts,India,6488928901,claytonjackson@example.org,INS103264,2024-09-02,2026-08-27
3266,Maxwell Robinson,Male,2007-06-21,New Heatherport,Connecticut,India,7687912395,nmercado@example.com,INS103265,2025-04-30,2026-05-09
3267,Caitlin Bell,Male,1936-04-28,South Crystalchester,Idaho,India,9884193619,samuel41@example.org,INS103266,2024-04-12,2026-01-29
3268,Austin Franklin,Male,1943-06-28,Robinsonview,Idaho,India,3105503278,ralph49@example.org,INS103267,2024-04-03,2025-10-23
3269,Alex Vang,Male,1951-05-26,Kristibury,Kansas,India,6735240930,jessica59@example.org,INS103268,2023-11-21,2026-06-06
3270,Scott Hernandez,Female,1989-02-24,Fostertown,Kentucky,India,3545446651,bryanjordan@example.net,INS103269,2024-02-16,2026-09-15
3271,Drew Wood DVM,Male,1988-07-25,West Luis,West Virginia,India,5073957754,robertskevin@example.org,INS103270,2024-03-11,2026-07-21
3272,Kevin Dominguez,Male,1965-12-21,Meyersbury,Florida,India,9253029054,charles47@example.net,INS103271,2025-01-30,2026-03-02
3273,Jody Walker,Male,1987-05-11,West Angelaborough,Arizona,India,6210454478,kristen35@example.com,INS103272,2024-02-07,2026-03-04
3274,Christopher Lucas,Male,1990-03-08,Loweview,Massachusetts,India,1025320533,christopherparker@example.net,INS103273,2025-05-01,2026-03-06
3275,Rodney Santos,Female,1976-11-23,Williamsfort,Washington,India,0183311369,erika04@example.com,INS103274,2024-11-01,2026-05-29
3276,Abigail Daniels,Female,1958-04-08,East Shawnfurt,New Mexico,India,7437599161,jasminecollins@example.com,INS103275,2025-02-05,2026-09-01
3277,John Williams,Male,1973-10-21,Liland,South Carolina,India,6665707224,ochapman@example.com,INS103276,2024-09-19,2026-05-29
3278,Michelle Smith,Female,1998-07-26,Christopherville,Montana,India,2030093285,jose90@example.org,INS103277,2024-03-19,2026-09-29
3279,Jacob Nunez,Female,2003-01-23,Robertsonville,Illinois,India,0527187994,greenemelinda@example.com,INS103278,2024-09-07,2026-04-25
3280,Kimberly Lyons,Female,2006-07-26,Vanessafurt,Maryland,India,7355217126,brenda97@example.org,INS103279,2024-10-22,2026-05-06
3281,Jonathan Mcdonald,Female,1939-08-21,Miguelberg,Indiana,India,1111355565,andersonmichael@example.org,INS103280,2024-01-31,2025-10-07
3282,Jasmine Edwards,Female,1939-07-01,West Jenniferport,Missouri,India,5457736866,tonyagraham@example.com,INS103281,2025-01-28,2025-10-21
3283,Katherine Gallegos,Female,1964-01-19,Seanshire,Pennsylvania,India,5017042940,edwardsgabriel@example.org,INS103282,2025-03-22,2026-03-15
3284,Emily Hensley,Male,1999-06-05,Terrellview,South Dakota,India,8044385588,benjamin63@example.net,INS103283,2024-11-30,2026-01-17
3285,Hector Molina,Male,1960-03-16,North Amandaport,Nebraska,India,7597988474,raymondjoshua@example.com,INS103284,2025-02-27,2025-10-30
3286,Joshua Bell,Male,1961-05-23,Petermouth,Maine,India,8268641378,janetellis@example.org,INS103285,2024-06-03,2026-08-24
3287,Taylor Ho,Male,1951-11-28,Joshuaborough,Tennessee,India,3173406418,charlespowell@example.com,INS103286,2024-05-22,2026-05-11
3288,Sara Chen,Male,1996-03-10,Mistyport,Indiana,India,4858855615,zavalaruben@example.com,INS103287,2025-06-16,2026-03-24
3289,Jamie Mcdaniel,Female,1947-09-16,West Nicolefurt,Maine,India,1611406312,morrowdwayne@example.net,INS103288,2025-02-23,2025-11-02
3290,Mr. Benjamin Ryan,Male,2001-06-20,East Allison,Wisconsin,India,8601695535,ztaylor@example.org,INS103289,2024-08-05,2026-08-14
3291,Christopher Peterson,Male,1956-06-27,Phillipsfort,South Carolina,India,6103484726,jeffrey97@example.net,INS103290,2024-01-14,2026-04-03
3292,Dr. Karen Webster,Female,1943-09-25,Ballshire,Kansas,India,7383046389,zzuniga@example.com,INS103291,2023-12-06,2026-09-25
3293,Willie Garcia,Female,1943-03-03,East Robert,West Virginia,India,0247133463,amurphy@example.org,INS103292,2025-02-02,2026-08-11
3294,Gina Solis,Male,1964-01-26,Lake Dustin,Oklahoma,India,7653752272,wclark@example.com,INS103293,2024-08-28,2026-04-18
3295,Angela Anderson,Female,1959-05-08,West Joseph,Wyoming,India,1523746930,stephenwilliamson@example.org,INS103294,2024-05-22,2026-05-19
3296,Eric Flores,Female,1979-03-21,Brianstad,New Jersey,India,9220731891,aaronpadilla@example.net,INS103295,2024-04-07,2025-12-03
3297,Karen Randolph,Female,1956-07-07,North Jennifer,Virginia,India,7028067094,sandramurray@example.org,INS103296,2025-07-12,2025-11-07
3298,Jack Harris,Female,1968-09-02,Alvarezberg,New Mexico,India,1110166169,lcoleman@example.org,INS103297,2024-11-29,2026-04-21
3299,Brian Sullivan,Male,1938-12-11,Paynemouth,Massachusetts,India,0866359258,emorris@example.org,INS103298,2023-11-25,2025-11-22
3300,Sara Martinez,Female,2002-10-09,New Catherine,Connecticut,India,6638737705,david57@example.org,INS103299,2025-03-02,2026-02-09
3301,Jeremiah Cortez,Male,1983-03-25,Lewisside,Connecticut,India,2247375987,rodneyramirez@example.org,INS103300,2024-02-02,2026-02-17
3302,Alicia Shaffer DDS,Male,1946-05-24,Port Ryan,Georgia,India,2318226150,katrinabradley@example.net,INS103301,2025-06-02,2026-05-07
3303,John Thompson,Female,1959-08-09,Carloschester,Georgia,India,9006777545,samanthadavila@example.org,INS103302,2024-06-15,2025-10-27
3304,Brian Brock,Female,1979-03-27,South Madison,Delaware,India,8147496401,jessicaallen@example.com,INS103303,2023-10-25,2026-03-14
3305,Micheal Fowler,Female,1976-02-23,Lozanostad,Mississippi,India,9363143593,melissacox@example.net,INS103304,2024-01-27,2025-10-01
3306,Nathan Nelson,Male,1989-10-17,Robinsonburgh,Mississippi,India,6211304765,brownkenneth@example.com,INS103305,2023-11-01,2026-01-05
3307,Benjamin Mcintosh,Female,1992-07-04,East Chadtown,Louisiana,India,9147168417,ppearson@example.com,INS103306,2025-08-10,2025-11-06
3308,Karen Hill,Female,1970-11-21,Michaelborough,Virginia,India,9692471328,keithcallahan@example.com,INS103307,2024-01-29,2026-01-04
3309,Bridget Prince,Female,1980-12-10,Faulknerchester,Illinois,India,3276571372,adrian08@example.org,INS103308,2025-06-23,2026-07-25
3310,Ashley Hogan,Female,1941-01-19,New David,Wisconsin,India,5015700190,alexandra28@example.org,INS103309,2025-04-04,2026-08-05
3311,Kenneth Gonzales,Female,1991-05-04,Rivaschester,West Virginia,India,2876390507,ohernandez@example.com,INS103310,2025-06-27,2026-03-13
3312,Amy Fernandez,Male,1960-04-17,Williamsmouth,California,India,8590336426,kmarshall@example.com,INS103311,2023-11-12,2026-03-30
3313,Deborah Jenkins,Female,2006-08-02,Lake Crystal,Connecticut,India,8706788168,cindy67@example.net,INS103312,2023-12-29,2026-05-20
3314,Ricky Cannon,Female,1942-11-01,Haasland,Iowa,India,4578386100,katherine01@example.net,INS103313,2024-11-30,2026-05-01
3315,Wanda Beck,Female,1987-07-23,Keithchester,California,India,3075784389,dennis07@example.org,INS103314,2024-07-08,2026-06-10
3316,Christina Lopez,Male,1967-11-21,East Brendabury,Delaware,India,1899857597,uharmon@example.net,INS103315,2024-12-20,2026-04-02
3317,James Flores,Female,1977-12-02,South Donaldfort,Wisconsin,India,1806487962,romantiffany@example.org,INS103316,2024-03-26,2026-07-15
3318,Maria Strong,Male,1947-10-27,Lake Richard,Oklahoma,India,5642724746,elizabethmclean@example.net,INS103317,2024-03-09,2025-11-11
3319,Karen Flowers,Male,1985-01-01,South Adamstad,New Jersey,India,4518554227,gmueller@example.net,INS103318,2024-11-20,2026-08-02
3320,Savannah Williams,Female,1971-08-10,South Mark,Delaware,India,6902415488,angelaevans@example.net,INS103319,2025-08-22,2026-07-31
3321,Michelle Johnson,Female,1976-12-27,New Amyhaven,Virginia,India,3179953959,paulalvarez@example.org,INS103320,2024-09-29,2026-09-26
3322,Justin Weber,Female,1957-08-19,East Maureen,Wisconsin,India,4935796915,matthewtodd@example.com,INS103321,2024-06-18,2026-02-23
3323,Lisa Perkins,Male,1967-06-03,Romerofort,South Carolina,India,8511808025,lhouston@example.com,INS103322,2025-03-27,2026-07-11
3324,Nathan Miller,Male,1960-03-21,Humphreybury,Pennsylvania,India,0782792101,burgessronald@example.org,INS103323,2023-12-05,2025-12-12
3325,Kelly Washington,Male,1990-10-20,Nicholsonton,Maine,India,9935230473,scotttaylor@example.net,INS103324,2024-05-25,2025-10-03
3326,Juan Wang,Male,1940-06-19,Nealchester,Idaho,India,4690509431,salexander@example.org,INS103325,2024-05-03,2026-05-23
3327,Julie Lane,Male,1965-12-12,South Kristi,Georgia,India,7683608272,gsmith@example.net,INS103326,2024-03-31,2026-09-22
3328,Michael Simmons,Male,2002-09-07,New Joechester,California,India,2437769877,joepatterson@example.com,INS103327,2024-02-24,2026-02-10
3329,Karen Porter,Female,1960-04-30,Floresberg,Rhode Island,India,1034426278,josepheduardo@example.com,INS103328,2024-06-14,2026-07-06
3330,Teresa Jenkins,Female,2006-09-29,Lake Shawnstad,Colorado,India,6050408838,sarahreed@example.org,INS103329,2024-11-08,2026-07-17
3331,Donald Smith,Male,1956-06-17,Chelseahaven,South Dakota,India,5932297875,ksantos@example.org,INS103330,2024-08-04,2026-02-25
3332,Anthony Villegas,Female,1979-03-01,Bridgetchester,Colorado,India,5836769045,todd68@example.net,INS103331,2025-08-19,2026-04-01
3333,Dennis Meyer,Female,1947-06-17,Lewisfort,Ohio,India,5061147325,nicholassmith@example.com,INS103332,2024-10-04,2026-02-16
3334,Robert Archer,Male,1942-02-01,New Cody,Florida,India,6552529408,knguyen@example.org,INS103333,2025-01-25,2026-09-18
3335,Miranda Bell,Male,1951-09-28,Lake Coreyfurt,Maryland,India,9215554059,nthomas@example.com,INS103334,2025-07-24,2026-06-14
3336,Karen Kemp,Female,1944-12-03,New Cindy,Wyoming,India,0690707638,ierickson@example.com,INS103335,2024-04-25,2026-04-12
3337,Edgar Cruz,Male,1949-12-26,Taylorberg,Connecticut,India,8042282085,salazarwesley@example.net,INS103336,2024-04-12,2026-04-12
3338,Victoria Lewis,Male,1985-06-08,Walkerville,Virginia,India,7718258005,mharris@example.net,INS103337,2025-06-29,2026-06-10
3339,Heather Barker,Female,1948-08-24,Lake Barbarahaven,Illinois,India,5149929529,walkersarah@example.net,INS103338,2024-05-09,2026-01-04
3340,Michael Scott,Male,2005-04-02,Bakerside,Texas,India,1513275336,aaronjohnson@example.net,INS103339,2023-10-07,2025-12-05
3341,Kathryn Bailey,Female,1955-01-27,North Whitney,Kentucky,India,4439669504,marymartin@example.org,INS103340,2025-04-16,2026-03-11
3342,Rodney Lopez,Female,1947-01-01,Marquezfurt,West Virginia,India,2455351650,jessica09@example.net,INS103341,2025-06-21,2026-03-15
3343,Miss Kayla Bright,Female,1960-12-18,Port Jasmine,South Dakota,India,4405369342,whitebrianna@example.com,INS103342,2025-09-19,2026-05-25
3344,Kenneth Gomez,Female,1962-03-22,Morrischester,Colorado,India,5825030608,virginiagregory@example.com,INS103343,2025-02-25,2026-06-22
3345,Michael Hawkins,Female,1955-01-24,Duncanhaven,Illinois,India,5158873269,williamblack@example.org,INS103344,2024-09-03,2026-02-28
3346,Michael Morrow,Male,1960-12-07,West Danielville,Alaska,India,2045306521,todd11@example.com,INS103345,2023-12-30,2026-09-23
3347,Jeremy Washington,Male,1961-09-25,Jessicaville,Missouri,India,3993022361,hmccoy@example.com,INS103346,2024-03-14,2025-10-30
3348,Christopher Friedman,Male,1950-10-03,Sharonmouth,Vermont,India,8696408234,hicksshari@example.com,INS103347,2025-01-19,2026-01-12
3349,Peter Baird,Male,1991-03-12,Robinsonfort,Ohio,India,4419432738,jonestimothy@example.com,INS103348,2024-01-06,2026-03-31
3350,Juan Todd,Female,1989-06-26,East Sarahside,Indiana,India,3195399653,amiller@example.org,INS103349,2024-06-22,2025-12-07
3351,Benjamin Roberts,Female,1936-10-27,Jamesberg,Kentucky,India,5961193958,qrichard@example.com,INS103350,2024-08-14,2025-12-25
3352,Victoria Robinson,Male,1982-10-04,North Peterbury,Michigan,India,5579700576,jmartin@example.com,INS103351,2025-04-04,2026-04-15
3353,Mary Johnson,Female,1986-02-17,Ewingburgh,Ohio,India,3134015760,amber81@example.net,INS103352,2025-03-27,2026-01-11
3354,Eric Lee,Male,1984-11-23,Port Jeremy,Michigan,India,1597222419,karakelley@example.com,INS103353,2024-03-06,2025-12-28
3355,Rose Johnston MD,Male,2003-04-25,Lake Angelamouth,Pennsylvania,India,3928308088,coxdarrell@example.com,INS103354,2024-01-10,2026-07-25
3356,Victoria Lopez,Male,2006-09-19,East Granthaven,Nevada,India,3399202940,jasonrichardson@example.com,INS103355,2024-09-01,2025-10-14
3357,Andrew Martin,Female,1957-09-01,South Lori,Rhode Island,India,2117703479,cday@example.com,INS103356,2024-08-19,2026-04-26
3358,Katherine Rodriguez,Female,1941-10-17,Garzaborough,North Carolina,India,9200223986,ohuff@example.org,INS103357,2025-05-15,2026-07-15
3359,Kenneth Larson,Female,1940-12-10,Gardnerberg,Oklahoma,India,4388001125,davisvictoria@example.com,INS103358,2024-10-09,2025-12-03
3360,Karen Harrison,Female,1958-12-26,Foxview,West Virginia,India,1360184131,williamandrews@example.net,INS103359,2025-07-28,2026-06-24
3361,Robert Moore,Male,1938-06-11,Michaelfurt,Florida,India,3543702316,wwarren@example.org,INS103360,2024-11-09,2026-08-27
3362,Danny King,Female,2002-11-15,Port John,Idaho,India,8120088215,mwalters@example.net,INS103361,2024-06-25,2026-02-17
3363,Katelyn Phillips,Female,1970-10-16,Michaelmouth,Maine,India,9732413768,jennifercline@example.com,INS103362,2023-11-21,2026-01-30
3364,Donna Aguilar,Female,1976-08-16,Garnerport,Iowa,India,7729178279,kristinhernandez@example.com,INS103363,2024-09-30,2026-06-11
3365,William Martin,Male,2002-05-02,Martinezburgh,Wisconsin,India,9640319231,robertdaniel@example.com,INS103364,2024-05-08,2026-03-24
3366,Gary Romero,Male,1992-03-20,South Cherylberg,Idaho,India,9120771302,weberkelli@example.net,INS103365,2024-08-11,2026-03-01
3367,Courtney Greene,Female,1962-09-17,Sandraburgh,Arizona,India,5629113423,william77@example.net,INS103366,2024-02-25,2026-09-28
3368,Daniel George,Female,1969-05-15,North Brendashire,Alaska,India,0827533651,pwhitaker@example.org,INS103367,2024-03-21,2026-02-23
3369,Veronica Perez,Female,1959-03-17,Port Brandontown,New York,India,0638074561,ecalderon@example.org,INS103368,2025-02-01,2026-03-09
3370,Diana Gordon,Female,1986-10-07,Lucasmouth,Oregon,India,4750353254,thompsonrhonda@example.org,INS103369,2025-07-24,2026-08-15
3371,Kenneth Morrison,Male,1964-04-28,North Phillipton,Oklahoma,India,5753223339,jessica07@example.org,INS103370,2024-05-23,2026-04-02
3372,Donald Campbell,Female,1997-07-10,Jorgechester,Minnesota,India,8409766259,christopher97@example.com,INS103371,2025-04-24,2026-06-23
3373,William Horton,Female,1967-02-12,East Kimberly,Nevada,India,5466673291,peterscott@example.net,INS103372,2024-05-10,2026-06-29
3374,Joy Garrison,Female,1974-02-15,New Christophertown,Maine,India,3476100879,lee35@example.org,INS103373,2025-08-25,2026-02-22
3375,Jessica Hughes,Male,2007-11-12,Lorifurt,Arkansas,India,4003910043,davispaul@example.org,INS103374,2024-01-26,2025-12-04
3376,Kathleen Saunders,Male,1958-11-13,Lake Taylorchester,Oregon,India,9273116242,samuel66@example.org,INS103375,2024-10-09,2026-06-25
3377,Paula Mayo,Female,1979-07-13,Christinaton,Texas,India,3654744739,cclayton@example.com,INS103376,2023-10-12,2026-05-11
3378,Kathleen Ball,Female,1997-03-29,South Dianeview,New Jersey,India,6020441892,ricardo44@example.net,INS103377,2025-02-11,2026-04-17
3379,Mary Murphy,Female,2001-06-25,Camposland,Minnesota,India,8076661470,williesolomon@example.com,INS103378,2025-03-10,2026-01-14
3380,Christopher Boyd,Female,1981-04-29,West Zacharyport,Pennsylvania,India,3704958108,cesarwilliamson@example.org,INS103379,2024-08-06,2026-07-03
3381,Taylor Page,Female,1988-03-25,Derrickchester,Alaska,India,5144775746,marie30@example.net,INS103380,2025-09-14,2025-10-30
3382,Cynthia Robinson,Male,1977-11-10,Baileyhaven,Maryland,India,1447389629,ghale@example.org,INS103381,2024-10-10,2026-07-12
3383,Lori Nunez,Male,1995-04-25,South Shelley,Kentucky,India,7400381797,welchdanielle@example.com,INS103382,2024-03-04,2026-02-21
3384,Ryan Roberts,Male,1950-11-16,North Michellemouth,Wyoming,India,4947620000,reyesandrew@example.com,INS103383,2024-10-05,2026-01-01
3385,Frank King,Female,1966-11-07,Stephenshire,North Dakota,India,4000947305,lisa01@example.org,INS103384,2024-02-01,2025-10-20
3386,Sarah Nicholson,Male,1948-01-13,North Jeremy,Louisiana,India,3746316625,murphyleah@example.net,INS103385,2024-12-12,2026-03-16
3387,Michaela Garcia,Male,1965-09-24,Schmidtshire,Alaska,India,9395523487,yhoward@example.com,INS103386,2025-08-16,2025-11-28
3388,Shelly Miller,Male,1982-11-21,New Thomashaven,West Virginia,India,8135648750,carolyn34@example.org,INS103387,2024-02-14,2026-08-13
3389,Sydney Barr,Female,1947-05-11,West Lisastad,Michigan,India,3648314714,gmorgan@example.net,INS103388,2024-08-24,2026-01-04
3390,Bruce Rowland,Female,1994-09-16,Jennifermouth,Alaska,India,0918158469,ethanhoward@example.net,INS103389,2024-11-16,2025-10-14
3391,Marissa Alexander,Male,1967-04-04,West Marvin,Oklahoma,India,6177704388,melissataylor@example.net,INS103390,2024-11-22,2025-12-13
3392,Matthew Carpenter,Female,1937-04-02,Tiffanyland,Arkansas,India,1276951457,zelliott@example.org,INS103391,2025-09-02,2026-06-11
3393,Christina Robertson,Male,2005-12-07,South Amber,Hawaii,India,7766905940,bjenkins@example.com,INS103392,2025-06-08,2025-11-05
3394,Renee Gonzalez,Male,1955-12-29,West Brooke,Arkansas,India,8864796602,dillonkurt@example.com,INS103393,2024-08-01,2025-11-30
3395,Alexander Villegas,Male,1997-03-03,Port Jeremy,Arizona,India,7531944112,alexandermichael@example.net,INS103394,2024-07-28,2025-12-23
3396,Casey Collins,Male,1970-03-03,West Mark,Pennsylvania,India,3585434438,burnsjames@example.com,INS103395,2025-03-18,2025-12-19
3397,Lindsay Cooper,Female,1978-11-08,Hardyfort,North Carolina,India,6295797181,rjohnson@example.org,INS103396,2024-09-16,2026-07-24
3398,Erica Henry,Female,1950-04-05,Port Dawnville,California,India,8525211655,smithjessica@example.org,INS103397,2025-01-14,2026-01-23
3399,Kelsey Watts,Female,1942-07-21,Lake Heather,New Jersey,India,6559067342,frazierkatrina@example.org,INS103398,2025-01-17,2025-10-09
3400,Brian Sanchez,Female,1968-11-25,Olsentown,Oklahoma,India,4666454872,tara70@example.org,INS103399,2024-05-11,2026-07-18
3401,Jason Duncan,Male,1936-04-26,East Tiffany,Iowa,India,0933144024,erodgers@example.org,INS103400,2024-06-27,2026-03-11
3402,Alison Atkinson,Female,1980-01-09,Matthewmouth,Maine,India,9793025185,morgan61@example.com,INS103401,2024-10-12,2026-09-29
3403,Robert Perez,Male,1945-05-05,Jenniferland,South Dakota,India,7705155107,jamiemiller@example.org,INS103402,2025-02-20,2025-12-04
3404,Scott Yang,Female,1995-05-12,Port Valerieland,Oregon,India,3704141605,zfrench@example.org,INS103403,2024-05-07,2026-03-29
3405,Christina Wilcox,Female,1939-06-11,Melissaton,Louisiana,India,1011626890,griffinjames@example.com,INS103404,2024-11-01,2026-07-07
3406,Charles Peterson,Female,1987-02-17,Lake Biancaville,Iowa,India,0793079083,cookpatricia@example.net,INS103405,2024-01-02,2026-05-09
3407,Christopher Campos,Male,1981-09-09,Stantonchester,Alabama,India,3812492891,kevin36@example.com,INS103406,2023-11-04,2026-06-26
3408,Mrs. Vickie James,Male,2006-09-11,East Ryan,Tennessee,India,5329665240,sbarrett@example.net,INS103407,2024-07-07,2026-06-10
3409,Lisa Castillo,Male,1960-10-01,Port Derrickstad,Colorado,India,4181902577,parkstephen@example.net,INS103408,2024-12-01,2025-10-08
3410,Michele Davis,Male,1994-01-01,West Gabrielton,Pennsylvania,India,8650916825,janetmoore@example.net,INS103409,2024-04-07,2026-02-22
3411,Joshua Torres,Female,1974-09-16,Port Ashleymouth,New Mexico,India,0204696159,tinadurham@example.org,INS103410,2024-12-14,2025-10-15
3412,Ruben Jackson,Male,1944-09-04,South Conniestad,Kansas,India,9018541512,tina61@example.com,INS103411,2024-05-28,2025-12-06
3413,Elizabeth Arnold,Male,1969-07-08,Smithshire,Alaska,India,0902298886,lewissavannah@example.org,INS103412,2024-10-11,2026-07-03
3414,Jo Beard,Female,1975-01-26,South Ivan,New Mexico,India,4053414954,moralesanthony@example.com,INS103413,2024-12-25,2026-09-10
3415,Crystal Strong,Female,1987-11-15,Brianshire,New Mexico,India,8659601279,smithcrystal@example.net,INS103414,2024-04-23,2025-10-25
3416,David Zavala,Male,1978-09-14,South Kristina,Montana,India,3486146680,charlene78@example.com,INS103415,2025-08-27,2026-09-15
3417,Wayne Ward,Female,1947-01-27,Lake Joshuamouth,Pennsylvania,India,9493266412,rdunn@example.org,INS103416,2023-12-29,2026-05-13
3418,Brittany Ward,Male,2000-11-11,Stoneborough,Oklahoma,India,9462212718,christina35@example.org,INS103417,2024-04-26,2026-07-20
3419,Jeffrey Wright,Female,2000-11-26,West Benjamin,West Virginia,India,2557756209,walter07@example.com,INS103418,2025-08-13,2026-09-18
3420,Joshua Leonard,Male,1981-03-21,East Duane,Rhode Island,India,5327320281,chall@example.org,INS103419,2024-02-17,2026-04-03
3421,Alec Harper,Male,1984-06-16,West Kendra,Arkansas,India,3446906584,kimberly04@example.org,INS103420,2023-12-12,2026-05-20
3422,Stephanie Hernandez,Male,2004-09-13,Codymouth,Indiana,India,5184216409,dawncamacho@example.com,INS103421,2024-04-19,2026-01-21
3423,Wendy Thomas,Male,1972-03-31,East Christopherfort,Massachusetts,India,3154057330,sarahsmith@example.org,INS103422,2025-05-30,2025-11-16
3424,Beth Jones,Male,1965-11-08,Matthewberg,Tennessee,India,5474179139,shirleysparks@example.net,INS103423,2024-12-17,2026-06-19
3425,Cindy Alvarez,Female,1955-06-27,East Stephen,New Hampshire,India,4356533057,donald38@example.org,INS103424,2023-10-31,2025-12-10
3426,Erik Gray,Male,1945-03-22,North Matthew,Mississippi,India,4348427118,robert53@example.com,INS103425,2025-06-06,2026-09-25
3427,Matthew Ramsey,Male,1953-12-16,West Charlesstad,New Mexico,India,3902453831,ajohnston@example.org,INS103426,2023-10-04,2025-10-18
3428,Lisa Thompson,Male,1967-12-06,New Benjamin,New Jersey,India,9188632030,sanderseric@example.net,INS103427,2024-11-05,2026-07-04
3429,Bradley Gonzales,Male,1964-03-01,Ashleyshire,Alabama,India,1412872033,bevans@example.com,INS103428,2024-12-28,2025-10-01
3430,Jon Kline,Male,1973-06-18,West Christinabury,Maine,India,2256793849,john82@example.org,INS103429,2024-09-04,2026-02-24
3431,Bradley Thompson,Female,1970-02-14,West Kellymouth,Tennessee,India,2162396945,davidbernard@example.com,INS103430,2024-07-01,2026-05-26
3432,Kathryn Kim,Female,1971-06-02,Clarkmouth,Illinois,India,3257826137,christopher88@example.net,INS103431,2025-01-16,2025-12-09
3433,Alicia Grant,Male,1979-01-17,Heathershire,Oregon,India,1814839739,nmcneil@example.org,INS103432,2024-08-01,2026-08-31
3434,Daniel Long,Female,1948-09-09,Jeremyview,North Carolina,India,5242672029,sbrown@example.org,INS103433,2024-08-02,2026-09-08
3435,Nicholas Meyer,Male,1979-07-15,West Victor,Rhode Island,India,0289685326,aweiss@example.org,INS103434,2025-02-02,2025-10-10
3436,James Garcia,Female,1944-01-14,Pottertown,New Hampshire,India,4915388075,hunterpatricia@example.com,INS103435,2024-10-11,2026-09-15
3437,James Mills Jr.,Female,1976-04-06,Robinburgh,South Carolina,India,8455623369,lbarker@example.net,INS103436,2023-10-27,2026-02-10
3438,Regina Horn,Male,1949-07-02,Port Andrewville,Pennsylvania,India,3757347072,gordonpatricia@example.net,INS103437,2024-04-14,2025-11-07
3439,Robin Carpenter,Female,1991-02-02,Brandonview,Wisconsin,India,8938029379,beardkristin@example.net,INS103438,2024-02-12,2026-01-22
3440,Misty Ryan,Female,1935-10-06,Aaronmouth,Kansas,India,3705809133,debra62@example.org,INS103439,2023-10-15,2026-05-02
3441,Jack Frye,Male,1960-01-12,Brandonstad,Arkansas,India,1423422575,thomastrevor@example.com,INS103440,2024-04-23,2026-08-27
3442,Kendra Walker,Male,1948-12-24,West Tiffany,Texas,India,5308142312,smalljoshua@example.net,INS103441,2024-12-10,2026-08-13
3443,Erika Merritt,Female,1983-07-07,Haleyberg,Oklahoma,India,2006478172,williamstokes@example.net,INS103442,2023-12-21,2026-01-16
3444,Tiffany Christian,Female,1989-05-26,Kevinport,West Virginia,India,0100073558,michaelspears@example.org,INS103443,2025-05-17,2026-09-19
3445,Melanie James,Female,2002-11-26,New Alexandraview,Iowa,India,1282012875,lbarnett@example.net,INS103444,2025-04-14,2025-11-02
3446,Joshua Williams,Male,1950-08-20,Brittanyville,Missouri,India,0305092681,yobrien@example.net,INS103445,2024-04-06,2026-05-18
3447,Carrie Turner,Female,1954-02-17,Reyesville,Oklahoma,India,0888692279,eholder@example.org,INS103446,2023-12-11,2026-01-29
3448,Zachary Reynolds,Female,1941-09-26,Port Katieshire,Idaho,India,6742589875,anthonyrebecca@example.net,INS103447,2024-10-29,2026-06-23
3449,Victor Gallagher,Female,1952-08-02,Lake Sarahtown,Virginia,India,1343831811,vanceamanda@example.org,INS103448,2025-06-01,2026-01-29
3450,Sally Scott,Male,2000-03-16,Richardsonhaven,Maryland,India,0433983308,juliesantos@example.org,INS103449,2025-06-16,2026-07-30
3451,Jared Rodriguez,Male,1961-06-11,East Adamshire,Oklahoma,India,9038518560,lcox@example.org,INS103450,2025-04-11,2025-11-17
3452,Adam Mays,Male,1995-01-11,South Jaredstad,Massachusetts,India,3750395390,dpowers@example.org,INS103451,2024-06-15,2026-09-18
3453,Tammy Cuevas,Male,1967-08-29,West Allen,Mississippi,India,6237481373,qshaw@example.org,INS103452,2024-06-03,2026-07-07
3454,Cheryl Williams,Female,1961-11-03,New Jeffery,Tennessee,India,4865047436,xruiz@example.net,INS103453,2025-08-30,2026-05-13
3455,Kristen Kim,Male,1998-05-19,Danielsview,Rhode Island,India,8457276590,franklinmichael@example.com,INS103454,2025-04-15,2026-02-13
3456,Heather Francis,Female,1949-11-15,Johnburgh,Kentucky,India,0093019371,stevelewis@example.net,INS103455,2024-05-11,2026-02-02
3457,Brianna Singleton,Female,2006-06-21,Robertview,Missouri,India,2723819019,christine06@example.org,INS103456,2024-01-11,2026-09-07
3458,William Garcia,Female,1963-04-07,Jackshire,Missouri,India,1489482730,ballardjacob@example.net,INS103457,2023-11-05,2026-08-08
3459,James Leon,Female,1996-07-02,Ryanville,South Dakota,India,2923980384,carolynhinton@example.org,INS103458,2024-10-03,2025-12-12
3460,Jennifer Garcia,Male,2000-05-26,South Erik,New Jersey,India,6164116818,jnichols@example.com,INS103459,2025-04-09,2026-09-17
3461,Peter Morton,Male,1942-06-09,Kirbyland,New York,India,3864593108,burnettkelly@example.net,INS103460,2025-03-14,2026-02-21
3462,Joseph Collins,Male,1938-01-11,West Brandonborough,Virginia,India,2127251044,pauladoyle@example.net,INS103461,2023-10-20,2026-07-07
3463,Zachary Snyder,Male,1987-12-31,Kathleenstad,New Jersey,India,3799093820,gabriel73@example.org,INS103462,2025-09-22,2025-10-01
3464,Krista Ramirez DDS,Male,1978-07-21,Nguyenchester,Tennessee,India,6342556531,josephwaller@example.com,INS103463,2024-12-25,2026-07-31
3465,Brittany Cantrell,Female,1959-04-30,Tranview,Oregon,India,2527383339,martinezpatricia@example.net,INS103464,2024-01-03,2025-11-10
3466,Anne Jones,Male,1948-04-07,Hensonfort,Louisiana,India,9266361565,ytaylor@example.org,INS103465,2024-12-03,2026-03-14
3467,James Taylor,Male,1947-11-24,Lake Kathleen,Vermont,India,2064543913,sawyeremily@example.com,INS103466,2023-11-30,2026-08-17
3468,Mark Smith,Male,1993-02-12,North Jenniferbury,Arizona,India,9376694175,jenningstaylor@example.com,INS103467,2025-03-18,2026-08-25
3469,Michael Hensley,Male,1990-10-24,Lake Jessicamouth,Oregon,India,9689674922,blackburnstacy@example.net,INS103468,2025-05-07,2026-06-09
3470,Kevin Jones,Female,1965-11-24,Jessicaview,Hawaii,India,2449849823,nuneznicole@example.org,INS103469,2024-03-13,2026-02-27
3471,Jason Larson,Female,1976-10-27,Jimmyborough,South Dakota,India,4814030633,blackwelldavid@example.net,INS103470,2025-07-19,2026-07-02
3472,William Miller,Female,1985-02-04,Paulshire,Idaho,India,5719546686,vbowman@example.com,INS103471,2024-05-02,2026-02-18
3473,John Andrews,Female,1955-03-25,Shaunmouth,Arizona,India,3263897066,swansonmichael@example.org,INS103472,2025-07-25,2026-04-27
3474,Tina Curry,Female,1958-12-11,New Suzannestad,Tennessee,India,3836780685,crystallong@example.com,INS103473,2024-01-15,2025-11-23
3475,Michele Scott,Male,1977-03-19,Scottmouth,Rhode Island,India,1987319314,sampsonronald@example.net,INS103474,2024-03-22,2026-02-05
3476,Cathy Cameron,Female,1986-05-11,Popeville,Indiana,India,2867550005,simondavid@example.net,INS103475,2024-08-23,2026-02-14
3477,Margaret Zimmerman,Female,1988-06-29,Josephburgh,Minnesota,India,5166567428,francisco89@example.org,INS103476,2024-02-24,2026-03-21
3478,Scott Fuller,Female,1972-12-17,Johnside,Nebraska,India,0032134471,castillobrandon@example.org,INS103477,2024-04-15,2025-11-30
3479,Tara Jones,Male,1979-01-29,East Megan,Texas,India,8407858712,royashley@example.com,INS103478,2024-05-07,2026-01-31
3480,Susan Mosley,Male,1942-05-15,South Scott,Connecticut,India,8110719453,jensenscott@example.net,INS103479,2025-09-29,2026-02-27
3481,Stephanie Jones,Female,1997-07-16,Clarkeview,New Mexico,India,0035230353,ole@example.org,INS103480,2024-11-24,2026-03-03
3482,Adam Barton,Male,1983-02-02,Port Deborah,California,India,0580668518,jose59@example.net,INS103481,2025-02-07,2025-12-27
3483,Deanna Smith,Male,2002-08-30,Martinstad,New Mexico,India,3958834192,scott42@example.net,INS103482,2024-02-09,2026-06-03
3484,Christopher Brown,Female,1988-12-10,North Wendyside,Tennessee,India,1641382488,joel26@example.com,INS103483,2024-08-24,2026-04-29
3485,Joseph Griffin,Male,1953-06-27,Russellton,Connecticut,India,6016906110,clarkmegan@example.net,INS103484,2025-04-15,2026-06-13
3486,Christina Ellis,Male,1976-06-08,Burnettmouth,South Carolina,India,4931687202,zjensen@example.net,INS103485,2024-02-24,2026-04-11
3487,Terri Reyes,Male,2002-09-20,South Taylorberg,Massachusetts,India,9059709542,james67@example.org,INS103486,2023-11-01,2025-11-10
3488,Julie Ruiz,Female,2005-08-27,Lake Juanland,Nebraska,India,8293135255,david86@example.net,INS103487,2025-05-31,2026-07-02
3489,Thomas Clark,Female,1985-09-28,Rachelview,Wisconsin,India,8904928674,diaztammy@example.net,INS103488,2025-03-14,2026-07-17
3490,Bethany Christensen,Female,1939-11-07,North Johnside,Pennsylvania,India,6364416913,toddherrera@example.net,INS103489,2023-11-20,2026-08-13
3491,David Andrade,Male,1991-04-04,Carrberg,Connecticut,India,1066739200,robert98@example.net,INS103490,2025-09-19,2026-07-12
3492,Melissa Wade,Female,1952-02-07,Anthonyburgh,Montana,India,9336767395,pollardalex@example.net,INS103491,2024-05-13,2026-04-23
3493,Robert Gardner,Male,1959-05-03,Westborough,Delaware,India,4420727520,bwood@example.net,INS103492,2024-06-07,2026-07-22
3494,Penny Rivera,Male,1946-02-15,South Todd,Wyoming,India,5777513210,johnsonshane@example.com,INS103493,2025-03-28,2026-09-19
3495,Regina Dixon,Male,2006-12-09,Port Gina,Nevada,India,6005088157,crystalmills@example.com,INS103494,2024-01-03,2026-04-08
3496,Kathryn Becker DDS,Female,1992-02-13,Chaneyhaven,South Dakota,India,9543385286,philip28@example.com,INS103495,2024-05-28,2026-08-24
3497,Barry Turner,Female,1945-10-09,New Melissa,Georgia,India,7261427009,lstewart@example.com,INS103496,2025-04-06,2025-10-13
3498,Joann Miller,Female,1964-04-11,Hawkinsberg,Hawaii,India,9654918859,sheajames@example.com,INS103497,2024-01-22,2026-05-25
3499,Susan Flores DDS,Female,1951-02-16,North Loriburgh,Montana,India,5845700673,joshua76@example.net,INS103498,2024-09-23,2026-01-26
3500,Robert Hall,Male,1952-01-16,East Krystal,Tennessee,India,2616702548,jnelson@example.net,INS103499,2023-10-06,2026-02-27
3501,Lance Lewis,Female,1963-04-18,Bergberg,New York,India,3934449017,debra89@example.net,INS103500,2025-01-27,2026-06-04
3502,Jessica Benjamin,Male,1969-03-26,Hughesfort,Oregon,India,5803438228,jessica43@example.com,INS103501,2025-07-29,2025-12-22
3503,Luis Ryan,Female,1963-11-13,Port Donaldville,New Mexico,India,9676232656,ychaney@example.net,INS103502,2025-07-01,2025-11-27
3504,Paul Perry,Female,1976-03-01,North Alexandrafurt,New Jersey,India,9128734216,william58@example.com,INS103503,2025-04-26,2025-11-22
3505,James Vaughan,Female,2003-12-13,New Kimberly,South Dakota,India,3266127165,scott89@example.org,INS103504,2025-07-20,2025-10-22
3506,Joshua Ruiz,Male,1944-09-11,Washingtonchester,Connecticut,India,5532735747,james28@example.com,INS103505,2025-02-27,2026-08-26
3507,Karen Carpenter,Male,1957-03-11,Lauraborough,New Hampshire,India,4650011678,katherine59@example.com,INS103506,2025-08-17,2025-10-03
3508,Alexander Adams,Male,1993-08-31,Lake Hectorfurt,Kentucky,India,9550093394,lmyers@example.org,INS103507,2024-07-16,2026-07-25
3509,Dr. Samantha Ward MD,Male,1959-09-03,Gutierrezshire,Massachusetts,India,7963794125,gravesjennifer@example.org,INS103508,2025-06-06,2025-10-01
3510,Charles Carlson,Male,2001-06-07,Lake Cynthiafort,North Carolina,India,6320997497,lewiskenneth@example.net,INS103509,2025-01-22,2026-01-07
3511,Bryce Kelly,Female,1974-04-26,Susanstad,Oklahoma,India,5646794565,marshallemma@example.com,INS103510,2024-06-23,2026-01-15
3512,Holly George,Male,1952-07-25,North Karen,Connecticut,India,2999498703,mstevens@example.org,INS103511,2024-05-01,2026-02-12
3513,Miss Lauren Sullivan,Male,1974-10-02,Parkerchester,Wisconsin,India,2462182508,meyerjulie@example.com,INS103512,2025-07-22,2026-06-03
3514,Paul Hall,Male,1962-06-18,Maryville,Hawaii,India,8575261772,peter15@example.com,INS103513,2024-02-03,2026-05-05
3515,Danielle Cline,Male,1950-01-25,North Richardborough,Tennessee,India,7594423122,qphelps@example.net,INS103514,2023-10-27,2026-01-23
3516,Angela Salazar,Female,2005-07-14,Lake Marybury,New Jersey,India,0274809915,kimberly26@example.com,INS103515,2024-09-09,2026-01-14
3517,Derrick Weber DVM,Male,1994-12-12,Micheletown,Oklahoma,India,0479073888,carlysmith@example.net,INS103516,2024-03-04,2026-02-24
3518,Bethany Salazar,Female,1974-03-31,New Paulfort,South Dakota,India,7123002196,lynchkatherine@example.net,INS103517,2024-08-24,2026-06-11
3519,Tina Jones,Female,1999-12-29,Sandrafurt,Alabama,India,4212123210,vthompson@example.net,INS103518,2024-09-11,2026-03-22
3520,Patricia Bennett,Female,1964-04-23,Lauraborough,Indiana,India,3868734052,jeffrey71@example.net,INS103519,2025-09-14,2026-04-20
3521,Danielle Wright,Male,2001-09-23,Lake Robertmouth,Texas,India,4755295052,philipmooney@example.org,INS103520,2024-09-13,2026-06-24
3522,Jason Peck,Female,1967-09-02,Santanachester,Vermont,India,3268939183,carrollgregory@example.com,INS103521,2024-04-21,2025-11-07
3523,Amber Pitts,Male,1963-08-30,Christopherside,Kansas,India,0712536318,turnertroy@example.org,INS103522,2025-06-24,2026-04-08
3524,Barbara Jones,Male,1979-01-13,Woodsland,Mississippi,India,0695654378,bbennett@example.net,INS103523,2025-03-26,2025-11-18
3525,Heather Chambers,Male,1962-07-25,Port Blakebury,Rhode Island,India,9639180921,paula63@example.org,INS103524,2024-09-20,2026-01-23
3526,Monica Wiggins,Male,1996-10-31,East Angelahaven,Illinois,India,9648435363,gsullivan@example.com,INS103525,2023-12-02,2025-12-08
3527,David Wiggins Jr.,Male,1968-08-27,East Michelle,Vermont,India,4562486442,kenneth49@example.org,INS103526,2025-03-18,2026-01-20
3528,Ethan Miller,Female,1956-12-06,Paulfurt,Iowa,India,2438000175,shill@example.com,INS103527,2024-08-23,2026-02-10
3529,Troy Santiago,Female,1964-07-14,Shaneside,Minnesota,India,5789643909,oscar15@example.org,INS103528,2025-04-16,2026-04-22
3530,Mark Larson,Male,1958-09-24,Port Eric,Oklahoma,India,1862760520,whitemichelle@example.org,INS103529,2025-01-20,2026-05-01
3531,Nicole Mccormick,Female,1968-04-18,Cooperport,Mississippi,India,5589437858,stephaniechristensen@example.com,INS103530,2024-12-26,2026-05-08
3532,Gary Young,Male,1982-01-11,North Charlenechester,Maryland,India,5310110776,morgan31@example.com,INS103531,2024-11-11,2026-02-10
3533,Alexandra Kim,Female,1955-04-20,Kellystad,Alabama,India,3074205390,joel05@example.com,INS103532,2024-09-19,2026-09-30
3534,Joe Thomas,Female,1986-11-04,Lake Lisachester,Washington,India,5616303094,carlevans@example.org,INS103533,2025-09-01,2026-06-18
3535,Krista Richardson,Female,1951-10-11,Bishopland,Oklahoma,India,9424689016,michael78@example.net,INS103534,2024-06-10,2026-06-23
3536,Daniel Jackson,Female,1994-09-15,North Pamela,Alaska,India,0311305216,lisacollins@example.com,INS103535,2024-09-07,2026-08-14
3537,Edward Lee,Female,2007-01-05,Jacobborough,Wyoming,India,1642920362,joshuaanderson@example.net,INS103536,2025-04-29,2026-08-29
3538,Christina Wilkins,Male,1965-06-06,Port Amy,Rhode Island,India,4327358611,amandaanderson@example.net,INS103537,2025-06-04,2025-10-07
3539,Lisa Perry,Male,1966-05-06,Port Louis,South Dakota,India,5272902693,omason@example.net,INS103538,2023-11-07,2025-12-30
3540,Elizabeth Bell,Female,1970-01-09,North Shelley,New Hampshire,India,0729745352,justinperkins@example.com,INS103539,2024-02-21,2026-07-30
3541,Sherri Sanchez,Male,1992-11-03,Lake Kenneth,Alaska,India,5939530695,watersbenjamin@example.net,INS103540,2024-09-05,2026-07-12
3542,Natasha Morgan,Female,1946-04-28,South Michael,Connecticut,India,0128109802,carpenterjonathan@example.net,INS103541,2023-12-22,2026-06-29
3543,Thomas Brown,Male,1979-09-24,Lake Natalie,New York,India,0357289248,edward38@example.org,INS103542,2025-01-19,2025-12-14
3544,Reginald Harvey,Female,1958-05-16,Lake Elizabethtown,New Mexico,India,8689068494,ronaldgray@example.net,INS103543,2023-10-28,2026-02-23
3545,David Garrett,Female,1954-12-11,Charleston,Wyoming,India,0626874487,ruizcarrie@example.com,INS103544,2024-05-02,2025-11-16
3546,Dr. Michael Murphy,Female,2008-04-20,Timothychester,Missouri,India,0245710841,marquezamanda@example.org,INS103545,2025-01-23,2026-02-20
3547,Robert Harvey,Male,1955-12-06,Timothyfurt,Mississippi,India,8502475508,cummingsgary@example.org,INS103546,2025-06-21,2026-01-04
3548,Kristen Adams,Male,1994-08-10,North Brentton,Montana,India,5625464959,melindaperry@example.org,INS103547,2024-08-18,2026-01-15
3549,Margaret Meyer,Female,1957-04-27,Estradabury,Ohio,India,5742093886,oyates@example.com,INS103548,2025-02-02,2025-12-15
3550,Paul Gregory,Female,1972-09-29,Bennettview,New Mexico,India,9893915057,cbrewer@example.net,INS103549,2024-06-11,2026-06-07
3551,Andrea Barrett,Male,1957-10-22,New Jenniferland,Hawaii,India,5195792683,ronald96@example.com,INS103550,2024-03-07,2026-04-27
3552,Jamie Grant,Male,1960-07-21,Port Johnfurt,New Jersey,India,2058918635,dortega@example.com,INS103551,2023-12-03,2026-02-14
3553,Justin Santiago,Male,1983-03-09,Mcconnellborough,Nebraska,India,4329895302,debbie31@example.net,INS103552,2024-01-15,2026-04-25
3554,Troy Moses,Male,2004-01-21,Singletonburgh,Tennessee,India,5521221785,sstafford@example.com,INS103553,2024-10-18,2026-03-29
3555,Brandy Estes,Male,1964-04-09,Karenstad,Oregon,India,5808144331,charlesdillon@example.net,INS103554,2024-05-07,2026-07-30
3556,Penny Schmidt,Female,1995-10-29,New Joshua,Pennsylvania,India,0422419558,xcastillo@example.org,INS103555,2025-01-07,2025-12-07
3557,Daniel Gibson,Male,1955-12-11,Lake Coreyborough,Indiana,India,7418103966,tara24@example.org,INS103556,2024-03-24,2026-04-15
3558,Julie Gamble,Female,1989-03-13,Lake Garymouth,Kansas,India,1924136523,thomasbailey@example.com,INS103557,2025-03-19,2026-02-28
3559,Kristin Rios,Female,1968-06-11,South Johnchester,Mississippi,India,7876238633,hallkyle@example.org,INS103558,2024-08-22,2026-04-07
3560,Stacey Blake,Male,1993-11-12,Matthewview,Florida,India,2854565626,christinestewart@example.org,INS103559,2025-09-07,2026-09-18
3561,James Perry,Male,2008-02-04,Jessicaborough,Tennessee,India,7198900425,baileyabigail@example.net,INS103560,2025-03-05,2026-05-03
3562,Hector Mendez,Female,1935-10-17,West Julie,Utah,India,1749088981,melindagilbert@example.org,INS103561,2023-12-12,2026-01-19
3563,Rhonda Smith,Male,1941-12-12,Carlaburgh,Virginia,India,2388953999,poncechristopher@example.com,INS103562,2024-10-21,2026-01-14
3564,Samuel Fox,Female,1949-10-10,Sanchezmouth,Nevada,India,6719298505,paulbaldwin@example.com,INS103563,2024-11-26,2026-09-09
3565,Christine Butler,Male,1977-11-13,Greenview,South Carolina,India,4363185217,jhayes@example.org,INS103564,2024-03-22,2026-02-13
3566,Christine Flores,Male,1952-04-28,Lake Leehaven,Indiana,India,6460614495,jennifersmith@example.com,INS103565,2024-02-17,2025-11-30
3567,Krista Leonard,Male,1955-09-18,Lake Jenna,Virginia,India,6477523342,barbara92@example.net,INS103566,2023-12-23,2026-04-01
3568,Lori Chase,Female,1945-09-08,Griffinside,Mississippi,India,0893620725,brivera@example.net,INS103567,2024-07-25,2025-10-21
3569,Heather Jones,Male,1985-09-19,Belindamouth,South Carolina,India,5038887451,vmckinney@example.com,INS103568,2024-10-13,2026-05-13
3570,Kelly Alvarado,Female,1987-02-13,East Latoya,Delaware,India,7068691782,prattsarah@example.com,INS103569,2025-08-25,2026-03-18
3571,Robert Smith,Male,1964-01-22,North Russell,Oregon,India,2845356257,olivia49@example.net,INS103570,2025-03-06,2026-09-21
3572,Amber Thornton,Female,1992-04-27,West Brittney,Nevada,India,4210044768,brycebutler@example.com,INS103571,2024-04-08,2026-08-21
3573,Arthur Johnson,Male,1945-12-13,Lauraview,Kentucky,India,5168079463,lamkrista@example.com,INS103572,2024-10-14,2026-05-01
3574,Ryan Walker,Female,1983-09-01,Kristinport,Kansas,India,3497745385,dennisjoseph@example.com,INS103573,2025-05-30,2026-01-03
3575,Madison White,Female,1983-01-28,West Robert,West Virginia,India,3201042395,nicholastaylor@example.com,INS103574,2025-02-22,2026-09-30
3576,Edward Chapman,Female,1952-03-08,North Curtisbury,Mississippi,India,2015448746,kprice@example.com,INS103575,2024-10-13,2026-08-16
3577,Daniel Burton,Female,1998-11-08,Lake Justinberg,North Dakota,India,6608071862,franciscojohnson@example.org,INS103576,2024-12-25,2026-01-08
3578,Jenny Thompson,Female,1965-10-27,West Williammouth,Nevada,India,4333596817,uhamilton@example.com,INS103577,2024-11-22,2026-08-24
3579,Colin Price,Female,1986-04-29,New Stephanie,Kansas,India,4563112822,ynichols@example.net,INS103578,2025-09-18,2026-04-22
3580,Jimmy Brown,Male,1943-02-01,Juliaborough,Alaska,India,5677683971,brenda44@example.org,INS103579,2023-11-05,2026-01-25
3581,Katrina Hall,Female,1979-12-23,North Krystalburgh,Virginia,India,0536527884,cartercharles@example.org,INS103580,2023-11-24,2026-07-20
3582,Hannah Ruiz,Female,1943-12-15,Lake Jamesport,Maryland,India,0667021109,xpetersen@example.com,INS103581,2024-11-15,2025-10-20
3583,Justin Fox,Female,1952-10-27,Waltonborough,Michigan,India,0597558384,omar58@example.org,INS103582,2024-03-06,2026-05-28
3584,Catherine Ortiz,Male,2007-10-30,Larryhaven,Delaware,India,0041556064,rsnyder@example.net,INS103583,2024-04-19,2026-03-28
3585,Carla Butler,Male,1958-06-11,Deborahstad,Delaware,India,2189023992,samantha90@example.org,INS103584,2025-03-03,2026-07-21
3586,Louis Johnston,Male,1956-10-20,Port Samanthatown,Arizona,India,4438337995,lindsay58@example.org,INS103585,2025-01-19,2025-10-01
3587,Jesus Jarvis,Female,1983-01-01,Caldwellville,New Jersey,India,9895106572,hporter@example.net,INS103586,2025-03-29,2025-11-04
3588,Scott Watkins,Male,1995-03-14,East Kathleenstad,Utah,India,6022443347,esmith@example.net,INS103587,2023-11-08,2025-12-21
3589,Eric Leblanc,Male,2000-03-29,Haileyport,Illinois,India,4436968890,bishopbrooke@example.org,INS103588,2025-09-25,2026-09-21
3590,Peggy Collier,Female,1984-04-28,Huntershire,Oregon,India,9918388579,dannysmith@example.org,INS103589,2024-05-19,2025-11-16
3591,Dustin Hopkins,Female,1994-11-25,East Kristina,South Carolina,India,0731292732,hmills@example.org,INS103590,2024-01-05,2025-10-06
3592,Robert Lopez,Male,2004-07-04,Melaniestad,New Jersey,India,6612268423,williampacheco@example.net,INS103591,2025-02-15,2026-01-04
3593,Terry Cole,Female,1981-11-02,Lake Neilville,North Carolina,India,9485196744,kelly68@example.net,INS103592,2024-02-06,2026-01-29
3594,Kiara Russo,Female,1992-11-20,Priceberg,Massachusetts,India,6071905631,christophermarshall@example.org,INS103593,2025-03-13,2025-12-02
3595,Robert Fitzgerald,Female,2003-08-26,Liuhaven,Kentucky,India,5747303604,bryan38@example.net,INS103594,2024-03-21,2026-06-30
3596,Howard Lindsey,Female,1979-12-11,Debraview,Maryland,India,7980658995,brownphilip@example.net,INS103595,2024-06-07,2026-03-30
3597,Rachel James,Male,2002-10-06,Lake Judyshire,Wyoming,India,0504036199,jefferyanthony@example.com,INS103596,2025-09-08,2026-03-02
3598,Alex Mcdaniel Jr.,Female,1992-06-09,Amychester,Colorado,India,0020210424,fosterdorothy@example.net,INS103597,2025-06-03,2026-04-18
3599,Edward Huff,Male,1946-03-09,Howardmouth,Oklahoma,India,4881823897,millerkaren@example.org,INS103598,2023-11-01,2026-05-24
3600,Susan Luna,Male,1955-03-19,Kristinaburgh,Massachusetts,India,5125962054,robertmedina@example.com,INS103599,2024-11-27,2025-12-17
3601,Stephen Perez,Male,1947-05-14,New Charleschester,Oklahoma,India,9755599367,dstephenson@example.com,INS103600,2024-07-21,2026-01-10
3602,Thomas Fuller,Male,1984-07-27,West Claudia,Indiana,India,4678938499,oirwin@example.net,INS103601,2024-07-15,2026-06-09
3603,Elizabeth Taylor,Female,1937-05-06,Annfurt,Arizona,India,4587498676,fgonzales@example.net,INS103602,2024-02-24,2026-04-24
3604,Russell Williams,Female,1990-02-01,Monicaville,Minnesota,India,7087128358,kayla25@example.net,INS103603,2025-09-01,2026-02-10
3605,Rachel Lee,Female,1984-05-26,Daniellehaven,West Virginia,India,5145982814,samanthafowler@example.org,INS103604,2024-04-16,2026-04-04
3606,Jeffrey Wright,Male,1990-06-13,Roachhaven,Tennessee,India,3776087810,uarcher@example.org,INS103605,2024-03-25,2026-01-02
3607,Mr. Jason Cervantes,Male,1965-11-11,Lake Dianaburgh,Tennessee,India,7112715198,zachary31@example.org,INS103606,2024-02-10,2026-03-14
3608,Amber Patterson,Male,1987-07-02,North Amanda,Vermont,India,6505679705,joshua19@example.com,INS103607,2024-10-21,2026-02-27
3609,Heather Reid,Female,1957-08-10,East Alan,Kansas,India,2982570626,stephaniearmstrong@example.net,INS103608,2023-12-04,2025-10-21
3610,James Schaefer,Male,1983-11-04,Greenstad,Nevada,India,7658091910,annareeves@example.com,INS103609,2024-03-09,2026-07-25
3611,Lauren Cruz,Female,2005-05-26,Robertchester,South Dakota,India,6114229313,rodriguezjoshua@example.net,INS103610,2025-01-16,2026-04-02
3612,Micheal Baker,Female,1953-08-22,West Larryburgh,Mississippi,India,4760127066,davidvargas@example.com,INS103611,2025-02-04,2025-12-03
3613,Eddie Mullins,Female,1946-10-16,West Marcusfort,Michigan,India,4281700965,vharris@example.net,INS103612,2024-10-22,2026-07-08
3614,Rebekah Mccann,Female,1987-09-18,Scottmouth,Kansas,India,4048395822,jonathandowns@example.net,INS103613,2023-11-01,2026-07-08
3615,Jessica Wong,Male,1975-05-31,Gonzalezberg,Michigan,India,7058594033,ifrazier@example.net,INS103614,2024-02-17,2026-02-17
3616,Ryan Russo PhD,Female,1945-02-18,South Robertport,Connecticut,India,4124571452,cookphillip@example.net,INS103615,2025-01-15,2025-12-31
3617,Tracy Diaz,Male,1972-07-08,Lake Thomasport,Idaho,India,7898352524,wrodriguez@example.org,INS103616,2024-06-11,2026-07-11
3618,Javier Shaw II,Female,1984-03-07,Douglasberg,Hawaii,India,2629001116,bhart@example.org,INS103617,2024-10-23,2026-02-10
3619,James Gomez,Male,1991-02-04,West Lauren,Wyoming,India,6607785767,moyereric@example.org,INS103618,2024-09-24,2026-05-15
3620,Christopher Cummings,Male,1955-12-02,West Brandonton,North Dakota,India,7349982852,andrea74@example.com,INS103619,2024-10-08,2026-04-22
3621,Brett Herrera,Female,1950-12-28,Christyborough,Oregon,India,3024707023,ijohnston@example.org,INS103620,2025-01-22,2026-04-09
3622,Troy Martinez,Female,1977-07-04,New Brendamouth,Mississippi,India,1122073387,mnichols@example.net,INS103621,2024-10-09,2026-04-07
3623,Kevin Hines,Female,1955-10-06,Stephensbury,Tennessee,India,6356058154,jamesmccullough@example.org,INS103622,2024-04-04,2026-05-10
3624,Michael Cohen,Male,1954-04-27,South Chelsea,Florida,India,8853667706,leechristopher@example.net,INS103623,2023-12-21,2026-05-27
3625,Sherri Carey,Female,1945-11-19,Port Kimberly,West Virginia,India,1869553043,cory04@example.com,INS103624,2024-03-31,2026-02-18
3626,Ryan Benjamin,Female,2008-09-23,East Victor,Oklahoma,India,5268034630,dorseythomas@example.org,INS103625,2025-06-10,2026-06-06
3627,Pamela Cole,Male,1984-05-17,Kellyview,Hawaii,India,6597421495,rachelkirk@example.com,INS103626,2024-02-26,2025-11-28
3628,Kevin Ochoa,Female,1980-02-24,East Joel,New York,India,3087100163,melissamurphy@example.com,INS103627,2024-02-10,2026-03-10
3629,Adam Frazier,Male,2007-06-06,Torresshire,Kentucky,India,1726924705,justincook@example.com,INS103628,2024-06-10,2026-07-23
3630,Mr. Russell Weeks,Female,1935-12-15,Vegaborough,Vermont,India,0251336836,ramirezpatrick@example.com,INS103629,2024-09-06,2026-03-31
3631,Michael Whitehead,Male,1982-06-23,Deniseburgh,Rhode Island,India,8534400717,yholmes@example.org,INS103630,2023-11-25,2026-02-22
3632,Lawrence Campbell,Male,1965-05-07,Port Gary,Utah,India,3801930774,sburgess@example.com,INS103631,2024-02-22,2025-11-26
3633,Veronica Richardson,Female,2006-09-17,Joelport,Indiana,India,9536967972,susan13@example.org,INS103632,2024-09-13,2026-08-24
3634,Jay Silva,Male,1990-10-07,Alexanderborough,Oklahoma,India,0226080708,hernandezchristina@example.net,INS103633,2024-06-13,2026-09-20
3635,Jared Noble,Female,1962-01-29,New Natasha,Wyoming,India,8871514204,haley82@example.org,INS103634,2025-07-24,2025-11-21
3636,Heather Wilson,Female,1998-01-11,New Anthonychester,Arkansas,India,3572211253,nbauer@example.org,INS103635,2024-09-17,2026-07-20
3637,Samantha Richardson,Male,2001-01-31,Austinview,South Dakota,India,0668151436,david65@example.org,INS103636,2025-03-18,2026-04-03
3638,Kelly Taylor,Female,1940-10-21,Smithberg,Colorado,India,0040879450,knappdonald@example.com,INS103637,2024-11-24,2026-02-16
3639,Shawn Morton,Male,1993-10-13,Stephanieport,Nevada,India,6283036017,icastillo@example.org,INS103638,2024-01-30,2026-01-07
3640,Steven Hill,Male,1997-11-16,South Matthew,South Dakota,India,5969859874,christopherhernandez@example.com,INS103639,2024-03-30,2026-05-03
3641,Mrs. Diana Fitzpatrick,Male,1956-02-03,Joneston,Pennsylvania,India,1332130714,lauriecunningham@example.net,INS103640,2023-11-23,2026-05-22
3642,Rebecca Torres,Male,1995-06-19,Timothyshire,Hawaii,India,3961832672,daviscandice@example.com,INS103641,2024-01-02,2026-05-18
3643,Margaret Garcia,Male,1967-08-27,Mooneytown,Idaho,India,5653723985,cummingskimberly@example.net,INS103642,2024-01-21,2026-07-27
3644,Mary Harper,Male,1945-02-01,Thomasborough,Florida,India,8079879570,gardnerchristopher@example.com,INS103643,2025-04-19,2026-09-17
3645,Mario Kaufman,Male,1948-05-27,North Kristen,Illinois,India,5487856337,mccannantonio@example.org,INS103644,2024-03-10,2025-10-16
3646,Lori Moreno DVM,Male,1991-09-01,South Sheila,West Virginia,India,2186780856,yweaver@example.net,INS103645,2024-03-27,2026-05-28
3647,Lisa Walker,Female,1973-03-09,Smithside,New Mexico,India,0996369018,oshields@example.com,INS103646,2023-10-01,2026-01-11
3648,Alicia Martinez,Female,1983-04-25,Anthonymouth,Texas,India,9100315712,jallen@example.org,INS103647,2024-11-02,2026-09-17
3649,Michele Ray,Male,1936-10-12,Wilsonmouth,Idaho,India,3107181623,bishopsamantha@example.org,INS103648,2024-02-19,2026-07-30
3650,Steven Brown,Female,1976-12-27,North Lisa,Ohio,India,8917267859,edavis@example.com,INS103649,2025-01-16,2026-07-18
3651,Sarah Miller,Female,2007-08-02,North Davidside,North Carolina,India,0223498859,natashajackson@example.net,INS103650,2024-10-09,2026-02-05
3652,Dana Baker,Female,1983-07-13,Schmittchester,Iowa,India,6921201154,christopherkelly@example.net,INS103651,2024-04-05,2026-06-26
3653,Misty Simon,Female,1971-09-30,North William,Rhode Island,India,3494778873,stevensonkelly@example.com,INS103652,2024-06-14,2026-02-07
3654,John Shepard,Female,1940-07-23,West Brandystad,Arizona,India,8908319631,dawn76@example.net,INS103653,2024-05-17,2025-10-28
3655,Kelly Ortiz,Female,1964-09-29,North Rhondabury,Mississippi,India,6440643428,andreapotter@example.com,INS103654,2025-07-31,2025-12-29
3656,Cassandra Ewing,Male,1939-03-18,Barbaraview,Rhode Island,India,0854439961,allenamy@example.com,INS103655,2023-11-26,2026-05-08
3657,Diana Clarke,Female,1953-02-23,Port Lauren,Tennessee,India,2052543274,fterry@example.com,INS103656,2025-09-04,2025-10-23
3658,Edward Mitchell,Female,1977-05-07,Whitestad,Minnesota,India,3964502183,reeveschristine@example.org,INS103657,2023-11-26,2026-05-27
3659,Isabella Turner,Female,1942-09-19,Randalltown,Iowa,India,3988055693,camachotony@example.org,INS103658,2025-06-09,2026-08-04
3660,Maria Caldwell,Female,1985-03-15,Jilliantown,Georgia,India,7927939818,rossedward@example.org,INS103659,2024-09-07,2026-07-10
3661,Victoria French,Male,1946-09-24,North Kyle,Louisiana,India,9144079068,joyceclay@example.org,INS103660,2025-09-16,2026-03-09
3662,Gerald Sanchez,Male,2005-07-15,Juliabury,Texas,India,4528069215,willisnicole@example.com,INS103661,2024-01-15,2026-07-22
3663,Robert Holland,Male,1937-11-30,South Dianaton,Maine,India,6217442970,fernando49@example.com,INS103662,2025-08-25,2026-09-13
3664,Isaac Duran,Male,2001-04-17,Jamieport,Michigan,India,6508360368,ashleyschultz@example.com,INS103663,2025-07-10,2026-09-10
3665,Katherine Doyle,Female,1944-07-03,Lake Jessica,Kansas,India,0224602808,wrightjordan@example.net,INS103664,2024-12-31,2026-09-09
3666,William Mason,Male,1936-04-28,South Christinetown,Pennsylvania,India,9191981964,srodriguez@example.com,INS103665,2024-12-09,2026-08-24
3667,Janice Reese,Male,1959-12-26,New Larryville,North Carolina,India,1110289165,kimberlysmith@example.com,INS103666,2024-03-31,2026-09-08
3668,Tracy Warner,Male,1977-07-21,Lake Eric,Montana,India,8452267489,douglasjudy@example.com,INS103667,2023-12-23,2026-03-27
3669,Stephen Ford,Male,1993-03-21,Mccoyport,New York,India,0631715788,michael69@example.net,INS103668,2024-12-21,2026-05-24
3670,Kevin Harmon,Female,1966-07-26,Lake Brettmouth,North Dakota,India,0528858912,natalie91@example.net,INS103669,2023-12-04,2025-12-17
3671,Todd Brennan MD,Male,1980-08-08,Port Justinside,North Dakota,India,0126386601,wmontoya@example.net,INS103670,2025-06-22,2026-02-02
3672,Zachary Eaton,Female,1944-06-15,Lake Megan,Louisiana,India,2126890503,peter63@example.net,INS103671,2025-02-03,2026-06-02
3673,Stephanie Friedman,Male,1990-11-30,North Shelly,Connecticut,India,2402867239,hurleyjohn@example.org,INS103672,2025-05-07,2026-09-28
3674,Dustin Jackson,Female,1960-05-11,Pennyshire,Idaho,India,2774081461,matthewlee@example.org,INS103673,2023-11-28,2026-08-02
3675,Theresa Wise,Female,1950-12-15,North Natashaburgh,Oregon,India,0791012488,gardnermiranda@example.net,INS103674,2025-07-11,2026-03-25
3676,Marcia Newton DDS,Male,1952-03-07,West Robertburgh,Mississippi,India,4273640715,nicole07@example.com,INS103675,2023-11-16,2026-05-13
3677,Jaclyn Walker,Male,1962-04-05,West Albert,Illinois,India,6104953414,ohernandez@example.org,INS103676,2024-11-24,2025-10-16
3678,Nicholas Preston,Male,1971-10-10,East Kimberlytown,Oregon,India,1836718422,denise43@example.org,INS103677,2024-04-24,2026-01-07
3679,Nichole Berger,Male,1949-12-30,Port Jeremy,Georgia,India,4665509465,stacy63@example.net,INS103678,2025-08-31,2026-02-28
3680,Sean Robertson,Female,1948-09-20,Leebury,Oklahoma,India,2196135445,dsolomon@example.org,INS103679,2024-12-24,2026-03-21
3681,Veronica Lane,Female,1987-04-17,West Ross,Arizona,India,0880733992,jenniferhowell@example.net,INS103680,2024-03-01,2026-08-20
3682,Jennifer Anthony,Male,1950-04-21,North Elizabeth,Vermont,India,6170434969,william21@example.com,INS103681,2023-12-20,2026-08-29
3683,Dr. Alyssa Matthews,Male,1972-11-22,Williamport,Rhode Island,India,0404859454,amandafreeman@example.net,INS103682,2025-04-11,2025-12-19
3684,Mark Petersen,Female,1990-03-24,Ianport,West Virginia,India,5362375869,wallacejeffery@example.com,INS103683,2025-05-16,2026-03-17
3685,John Donovan,Male,1951-09-09,New Ashleyborough,Nevada,India,8234250483,markkeller@example.net,INS103684,2024-05-28,2026-06-28
3686,Michael Kennedy,Female,1956-01-07,West Jack,Washington,India,1697566515,walter81@example.com,INS103685,2024-05-06,2026-09-11
3687,Natasha Rivera,Male,1950-03-22,Ballhaven,Illinois,India,9675676023,oroth@example.org,INS103686,2025-03-18,2026-08-12
3688,Amy Johnston,Female,1953-10-11,Port Williamton,Vermont,India,3152659894,jeffery03@example.org,INS103687,2024-03-23,2026-07-08
3689,Anthony Boyd,Female,1968-06-13,Lindashire,South Dakota,India,9433392755,maldonadosteven@example.com,INS103688,2025-01-03,2026-08-27
3690,Alexander Johnston,Female,1945-02-02,North Andrea,Rhode Island,India,6253449095,powellronald@example.net,INS103689,2024-05-25,2026-02-23
3691,Michael Mendoza,Female,1954-09-12,West Arthurview,Massachusetts,India,3572169340,harriskathy@example.org,INS103690,2024-12-13,2026-05-26
3692,Sonya Myers,Female,1996-06-20,South Jeffrey,Washington,India,7974010261,jessica28@example.com,INS103691,2024-12-01,2026-02-20
3693,Joseph Glass,Male,1983-06-05,Martinezborough,Illinois,India,7254878340,lisasims@example.com,INS103692,2025-07-22,2026-02-12
3694,Hannah Decker,Female,1948-11-06,Lake Crystal,New Mexico,India,6203941699,hmoss@example.net,INS103693,2023-11-26,2025-10-26
3695,Peggy Hale,Male,2001-06-07,Skinnerport,Wyoming,India,4059460226,joseph62@example.org,INS103694,2024-05-19,2026-08-04
3696,Natalie Kemp,Female,1980-03-13,West Donna,Wisconsin,India,1725315464,jasonharding@example.net,INS103695,2025-07-29,2026-05-16
3697,Christopher Black,Female,1988-11-18,West Richard,Nevada,India,8589830606,jill22@example.org,INS103696,2025-05-29,2026-03-23
3698,Kylie Kelley,Male,1965-01-26,West Richardburgh,Rhode Island,India,8908867812,andersonkathryn@example.com,INS103697,2024-03-22,2026-04-10
3699,Stacey Bishop DVM,Male,1975-02-21,East Andreborough,Missouri,India,7351425018,thomassmith@example.org,INS103698,2024-02-01,2026-07-14
3700,Alicia Allen,Male,2005-11-06,New Benjaminton,Hawaii,India,1496417886,bensonconnie@example.com,INS103699,2024-06-20,2026-09-01
3701,Juan Johnson,Male,1952-04-04,Granthaven,Ohio,India,9062838518,whendricks@example.net,INS103700,2025-03-26,2026-03-29
3702,Chris Johnston,Female,1940-06-30,New Mary,New Hampshire,India,0866867108,rpowell@example.net,INS103701,2023-10-15,2026-04-08
3703,Linda Phillips,Male,2004-02-16,West Nathanielmouth,West Virginia,India,9392098054,nicholas12@example.org,INS103702,2024-05-12,2026-07-18
3704,Brian Moore,Female,1960-02-14,Meyerville,South Carolina,India,3005333475,ledwards@example.net,INS103703,2025-09-16,2025-12-23
3705,Heidi Brown,Male,1999-12-25,Port Erin,Maine,India,2626671277,tclark@example.org,INS103704,2023-11-16,2026-08-29
3706,Kristopher Barton,Male,1946-09-23,North Laura,South Carolina,India,7719890203,danielburke@example.net,INS103705,2024-12-23,2026-08-03
3707,Catherine Tanner,Female,1991-09-12,Heathermouth,South Carolina,India,7915208448,mcdonaldsamantha@example.com,INS103706,2025-04-22,2026-05-02
3708,Joseph Mueller,Female,1971-05-25,West Amy,Louisiana,India,4942313855,csmith@example.net,INS103707,2025-04-26,2025-12-29
3709,James Goodman,Male,1988-03-13,Jonesville,South Dakota,India,4591885043,craig27@example.net,INS103708,2025-07-23,2026-02-14
3710,Yvonne Spencer,Female,1976-04-30,North Erin,Florida,India,3673358251,willisandrew@example.com,INS103709,2024-08-07,2026-03-23
3711,Russell Elliott,Female,1977-05-04,Timothyland,Virginia,India,1764744682,cristina48@example.org,INS103710,2024-09-29,2026-01-26
3712,Laurie Oconnell,Female,1951-02-03,Lake Erinhaven,Iowa,India,1957252168,sean59@example.com,INS103711,2024-04-29,2025-11-12
3713,Cathy Thomas,Female,1988-01-29,Yatesport,South Dakota,India,1306938296,cynthia58@example.org,INS103712,2025-02-06,2026-04-25
3714,David King,Female,1951-07-12,Gatesville,Iowa,India,2995001301,portervanessa@example.org,INS103713,2025-04-06,2026-08-26
3715,Mary Hudson,Female,1960-06-05,Jerometon,Indiana,India,5136858478,rvasquez@example.org,INS103714,2024-05-21,2025-10-06
3716,William Dixon,Female,1953-05-21,Christopherfort,Maine,India,7621340534,sclark@example.net,INS103715,2024-08-20,2026-05-11
3717,Sharon Terry,Female,1958-05-03,Arroyoshire,Mississippi,India,8317812058,denise63@example.net,INS103716,2024-03-20,2026-05-19
3718,Jessica Garcia,Male,1938-10-16,Gainesland,Kentucky,India,7468789363,theresalogan@example.org,INS103717,2025-04-16,2025-12-01
3719,Michael Jones,Female,2007-03-16,Port Kent,Louisiana,India,5750032279,bhughes@example.org,INS103718,2025-04-06,2026-02-01
3720,Sierra Jackson,Male,1943-01-27,East Davidbury,Idaho,India,3306152475,antoniorubio@example.org,INS103719,2024-05-26,2026-05-16
3721,Todd Dyer,Female,1952-09-10,Gordonfort,Nebraska,India,8705804252,robinsonsara@example.com,INS103720,2024-05-07,2026-07-10
3722,Tony Woodard,Female,1990-11-29,New Denise,Nebraska,India,0522790510,cory38@example.com,INS103721,2024-10-04,2026-05-17
3723,Donna Jones,Female,1941-11-17,Sullivanfort,Oregon,India,8684407063,martinjames@example.net,INS103722,2025-03-08,2026-06-11
3724,Emily Mack,Female,1996-12-28,Lewisfurt,Vermont,India,4853223855,darnold@example.org,INS103723,2024-10-24,2025-11-26
3725,Barbara Brown,Male,1977-09-12,Lake Scottfort,South Dakota,India,3131208712,twheeler@example.org,INS103724,2025-05-08,2025-10-19
3726,Kelly Carroll,Male,1996-10-22,Lake Codyfurt,New Mexico,India,2549859741,williamsdestiny@example.net,INS103725,2024-10-11,2026-04-21
3727,Cynthia Reese,Female,1952-12-10,New Joe,West Virginia,India,0292368095,jeanettejoyce@example.net,INS103726,2024-12-09,2026-07-24
3728,Kim Pace,Male,1959-04-09,Davidsonhaven,Maryland,India,7568486345,gomezlogan@example.net,INS103727,2024-03-04,2026-06-07
3729,Christopher Lee,Female,2002-02-18,Burchchester,South Dakota,India,6524692021,luceroderek@example.com,INS103728,2023-10-03,2026-03-11
3730,Tonya Moore,Female,1973-01-28,Johnsonland,Georgia,India,7827995952,jacksonamy@example.com,INS103729,2024-11-20,2026-07-25
3731,Vanessa Ortiz,Male,1947-11-01,Lake Janetshire,Delaware,India,3755795918,hcollins@example.net,INS103730,2024-11-06,2026-03-31
3732,Craig Baker,Male,1966-08-24,Wrightview,Maine,India,9535023646,curtisbrittany@example.org,INS103731,2024-07-21,2026-07-07
3733,Charles Randall,Female,2008-08-19,Lake David,Delaware,India,5703764851,fcontreras@example.net,INS103732,2023-12-31,2026-02-22
3734,Angela Cox,Female,1988-01-02,Middletonberg,Missouri,India,0673630496,elizabethmolina@example.org,INS103733,2024-07-02,2025-10-18
3735,Larry Bright,Male,1948-12-04,Ronaldview,Georgia,India,4826028060,tina85@example.org,INS103734,2024-09-05,2026-05-13
3736,Amanda Jenkins,Female,1998-04-11,Freemanshire,Pennsylvania,India,0181938186,karen74@example.com,INS103735,2023-10-08,2026-05-13
3737,Andrew Salinas,Male,1999-11-07,East Johnburgh,Washington,India,4143472263,gonzaleslee@example.org,INS103736,2025-06-16,2026-03-04
3738,Jonathan Chen,Female,1984-04-30,Sergioland,Kentucky,India,9732228724,owilliams@example.org,INS103737,2024-05-17,2026-01-06
3739,Lauren Houston,Female,1995-08-19,Port Dylanview,Iowa,India,7253708091,lisadixon@example.net,INS103738,2025-07-01,2026-08-25
3740,Anthony Merritt,Male,1985-10-31,North Terri,Texas,India,6194746442,james84@example.net,INS103739,2025-07-31,2026-07-08
3741,Christine Larson,Male,1963-04-15,West Joseph,Louisiana,India,7563116261,harrisdavid@example.org,INS103740,2024-05-15,2026-02-10
3742,Sarah Gill,Male,1973-04-18,New Jamesshire,Oklahoma,India,7082743436,saragomez@example.org,INS103741,2025-02-22,2026-03-03
3743,Mary Weaver,Female,1961-11-08,Lake Heatherchester,Kansas,India,0369311959,christopher41@example.com,INS103742,2024-01-25,2026-09-22
3744,Jacob Foster,Female,1939-05-12,South Jennifer,New York,India,6331563459,bradjones@example.org,INS103743,2024-08-08,2026-04-12
3745,Jeffrey Lopez,Female,1948-05-25,Williamsmouth,Georgia,India,5624062763,roberthill@example.org,INS103744,2024-03-01,2026-07-15
3746,Amanda Hart,Female,1972-05-30,Johnsonland,South Carolina,India,7758294202,simmonsjacqueline@example.com,INS103745,2025-02-10,2026-04-08
3747,Tammy Pearson,Male,1970-10-31,South Monica,Oregon,India,6097069115,zestrada@example.com,INS103746,2023-10-05,2025-10-03
3748,Ruben Taylor,Female,1941-12-07,Port Dominicbury,Kentucky,India,0864067726,johnsonnicholas@example.org,INS103747,2024-12-21,2026-02-27
3749,Jillian Morgan,Female,1948-03-28,Mendozafurt,Massachusetts,India,3191492973,jbraun@example.net,INS103748,2025-07-10,2026-07-15
3750,Nichole Robinson,Female,1944-08-18,North Williambury,Rhode Island,India,1116965236,jeremysanchez@example.org,INS103749,2024-12-12,2025-11-17
3751,Jennifer Zhang,Male,2000-09-15,New George,New York,India,5056483402,megan78@example.org,INS103750,2024-10-28,2026-06-30
3752,Brittany Miller,Female,1990-07-06,Christinaberg,Tennessee,India,4055416150,gloria53@example.net,INS103751,2025-07-03,2025-10-16
3753,Victoria Elliott,Female,1985-06-28,North Amy,Minnesota,India,8796196408,eileen04@example.org,INS103752,2024-02-20,2026-04-05
3754,Christian Hill,Male,1961-01-25,Port Vanessafurt,Nevada,India,6023328422,jim11@example.org,INS103753,2024-10-16,2026-01-04
3755,Kyle Olson,Female,1993-01-26,New Andrew,Minnesota,India,4839761516,ubenson@example.org,INS103754,2025-08-20,2025-12-03
3756,Michael Hinton,Female,1977-12-21,Stephaniestad,Tennessee,India,5120427268,gregory34@example.org,INS103755,2024-06-05,2026-03-21
3757,Alexander Gates,Male,2003-11-05,Lake Jillian,Massachusetts,India,3500151247,hoganstephanie@example.com,INS103756,2024-09-25,2025-12-07
3758,Ryan Hurst,Female,1994-10-15,Port Anita,Mississippi,India,8359075726,dawn27@example.com,INS103757,2025-07-25,2026-07-11
3759,Lori Mueller,Female,1944-11-18,North Matthewmouth,New York,India,2384089179,pcline@example.com,INS103758,2024-09-11,2026-09-11
3760,Alexis Austin,Female,2002-09-14,Sabrinachester,Alabama,India,6426493016,vcontreras@example.net,INS103759,2025-09-29,2025-11-16
3761,Bradley Alvarado,Male,1984-03-10,East Keithside,Maine,India,6565616032,stephenschristopher@example.com,INS103760,2024-08-13,2026-08-09
3762,Janet Lee,Female,1960-04-16,Tinaland,South Carolina,India,5850247632,michelle18@example.com,INS103761,2025-09-07,2026-07-30
3763,Derrick Gonzalez,Female,1947-10-15,North Connie,Florida,India,9966432317,bmiller@example.net,INS103762,2024-03-22,2026-01-11
3764,Jason Smith,Male,2006-08-26,New Angel,Vermont,India,4327799821,brianjuarez@example.com,INS103763,2025-09-28,2025-12-05
3765,Monica Wilson,Male,1938-02-06,New Gailchester,Indiana,India,9212051381,mitchellmisty@example.net,INS103764,2023-12-23,2026-09-19
3766,Stephen Anderson,Female,1988-12-14,Susanville,Virginia,India,9952231760,timothygibson@example.org,INS103765,2023-11-08,2025-10-11
3767,Amber Parsons,Female,2007-09-11,Port Debraborough,Michigan,India,2758271798,mitchellbrian@example.com,INS103766,2025-01-02,2026-08-21
3768,Michael Torres,Female,1990-10-17,Jacobberg,Minnesota,India,3902247936,jane68@example.net,INS103767,2025-01-15,2025-11-01
3769,Victor Chapman,Female,1939-12-21,Gabrielville,Kentucky,India,6452142726,kimberlyrussell@example.com,INS103768,2025-05-01,2026-07-24
3770,Tina Mcintyre,Male,1995-07-09,Lake Sethside,Washington,India,4824080239,barkerelizabeth@example.com,INS103769,2024-10-18,2025-10-06
3771,Joseph Tate,Female,1953-04-23,Potterbury,Wyoming,India,4617017130,james77@example.net,INS103770,2025-04-23,2026-01-03
3772,Scott Small,Male,2001-11-22,Port Gerald,Oklahoma,India,7188048785,grayjennifer@example.net,INS103771,2023-10-08,2025-11-08
3773,Jeffrey Ortiz,Male,1996-11-05,Vasquezside,Washington,India,0680907342,bowenanita@example.com,INS103772,2025-09-09,2026-01-06
3774,Amy Obrien,Female,1946-02-26,Lake John,Alaska,India,0080353940,smithmaria@example.com,INS103773,2025-03-17,2026-06-09
3775,George Williams,Female,1965-05-06,Port Steven,Ohio,India,0473248116,leonardconnie@example.net,INS103774,2024-10-02,2025-10-06
3776,Amanda Burns,Male,1990-04-17,Ruthton,Pennsylvania,India,5703477516,wtran@example.net,INS103775,2024-03-15,2025-12-15
3777,Alyssa Montgomery,Male,1971-11-25,Melissachester,New York,India,2952141040,hhernandez@example.net,INS103776,2023-12-28,2026-01-14
3778,Daniel Cohen,Female,1977-08-02,Longville,Missouri,India,9417491244,stewartmario@example.com,INS103777,2023-11-12,2025-10-20
3779,Patrick Roman,Male,1940-01-29,Lake Charlesmouth,Utah,India,7738267745,jonathan97@example.net,INS103778,2024-06-04,2025-11-08
3780,Mr. Brandon Keller,Female,1952-12-01,Allisonbury,Connecticut,India,4457108633,kristinahayden@example.org,INS103779,2025-04-26,2026-04-05
3781,Pamela Murphy,Female,1958-08-03,Michaelland,Missouri,India,3589281274,natalie59@example.org,INS103780,2025-04-07,2026-05-13
3782,Michelle Khan,Male,1989-03-28,Rodriguezmouth,Nebraska,India,7793815492,mmendez@example.org,INS103781,2024-07-24,2026-01-02
3783,Matthew Contreras,Male,1975-07-23,Parkberg,Vermont,India,0311475192,zevans@example.net,INS103782,2025-02-27,2025-12-19
3784,Tiffany Simpson,Female,1944-06-21,East Sandraland,Washington,India,7253622532,john67@example.net,INS103783,2024-03-06,2026-03-07
3785,Bruce Sloan DDS,Male,1983-06-04,New Erinville,Delaware,India,7942664251,jillbeard@example.org,INS103784,2024-03-15,2025-10-28
3786,Carmen Boyd,Female,1957-06-24,South Latoyaland,Florida,India,1131469640,amandaharvey@example.org,INS103785,2024-02-14,2026-07-02
3787,Mary Jones,Female,1991-10-12,New Angelafurt,South Carolina,India,1191175923,romankenneth@example.net,INS103786,2024-03-28,2025-11-11
3788,Sarah Garner,Female,1996-11-06,West Stephenland,New York,India,6696644328,tammy81@example.com,INS103787,2024-03-27,2026-03-10
3789,Colin Benjamin,Male,2007-05-20,Lake Jennifertown,New Jersey,India,3780265328,phouse@example.com,INS103788,2025-02-23,2025-12-30
3790,Jacqueline Davis,Female,1972-04-30,West Dawn,Tennessee,India,2646972114,erika90@example.org,INS103789,2025-05-10,2026-09-13
3791,Sydney Smith,Female,2008-02-23,Rickyburgh,Massachusetts,India,6793382820,david37@example.net,INS103790,2025-04-04,2025-11-30
3792,Victoria Shaw,Female,2008-01-02,East Deborahborough,Florida,India,9903668478,michael76@example.net,INS103791,2025-08-06,2026-01-12
3793,Marisa Small,Female,1953-09-22,Morganville,Michigan,India,1107517265,robertsondominique@example.net,INS103792,2025-06-11,2026-07-05
3794,Loretta Carpenter,Female,1959-12-01,Lucerostad,Louisiana,India,5199631976,james81@example.com,INS103793,2023-10-05,2026-01-15
3795,Paige Santos,Female,1957-11-09,East Patriciamouth,Michigan,India,5346552258,vhubbard@example.net,INS103794,2024-12-20,2026-06-11
3796,Kathleen Doyle,Female,1997-11-10,New Reneeside,Florida,India,0288063205,kathywoods@example.net,INS103795,2024-09-15,2026-01-02
3797,Sandra Baker,Female,2003-09-07,East Michael,New Jersey,India,5814881268,churchcarly@example.com,INS103796,2024-11-10,2026-03-01
3798,Danny Trevino,Female,1952-03-29,South Michaelstad,Oregon,India,4897888867,amyblanchard@example.net,INS103797,2023-11-29,2026-01-08
3799,James Mendoza,Female,1959-01-20,East Linda,New Jersey,India,3467455904,christopher84@example.net,INS103798,2023-11-16,2025-10-08
3800,Ryan Franco,Female,2006-03-27,Annestad,Colorado,India,0759350827,joseph23@example.net,INS103799,2025-02-04,2025-11-07
3801,Diana Bowen,Male,1977-06-20,West Ambermouth,Montana,India,4946611480,briancraig@example.org,INS103800,2025-03-15,2025-12-01
3802,Dr. Wendy Burke,Female,2006-10-12,Lake Laurie,Arkansas,India,6805251386,wclark@example.com,INS103801,2024-01-14,2026-09-17
3803,Abigail Brown,Female,1955-08-06,Catherineport,Wisconsin,India,6766558735,phillipcurry@example.net,INS103802,2025-08-19,2025-10-08
3804,Catherine Garcia,Female,1945-07-09,Lake Janet,North Carolina,India,0061347781,singhroger@example.com,INS103803,2024-03-01,2026-09-01
3805,Jasmine Anthony,Male,1986-11-06,Lake Barbaramouth,Texas,India,5298670034,vegamary@example.com,INS103804,2024-04-15,2026-02-12
3806,John Black Jr.,Female,2007-05-29,Lake Elizabeth,Texas,India,7625076026,kathleenbooth@example.com,INS103805,2025-05-23,2026-08-06
3807,Shawn Robinson,Male,1990-07-13,North Trevorhaven,North Carolina,India,6359667315,kimberlycollins@example.com,INS103806,2024-08-05,2026-05-01
3808,Timothy Beltran,Female,1964-09-09,Bretthaven,Indiana,India,7831592436,orobinson@example.net,INS103807,2025-01-22,2026-06-07
3809,Zachary Hill,Female,1987-03-17,Port Matthew,Wisconsin,India,9982167795,mward@example.org,INS103808,2024-12-25,2026-05-20
3810,Taylor Johnson,Male,1937-10-11,Lake Kristenhaven,Arkansas,India,6832970182,ashley01@example.com,INS103809,2025-06-08,2025-11-15
3811,Justin Ward,Female,2000-05-16,West Timothyview,Wisconsin,India,0020055665,wallacekathryn@example.org,INS103810,2024-09-12,2026-01-03
3812,Allen Lucero,Male,2003-09-02,Port Maryburgh,Nevada,India,1546797794,tiffany48@example.com,INS103811,2024-11-19,2026-01-23
3813,Julie Ross,Male,1954-07-17,Rodriguezberg,Kansas,India,6334223164,bgardner@example.com,INS103812,2024-07-19,2026-09-22
3814,Jordan Peterson,Female,1966-06-28,North Leslietown,Delaware,India,3054450575,john25@example.net,INS103813,2024-05-15,2026-08-22
3815,Joseph Allen,Female,1960-07-21,Mannton,Florida,India,7147249316,ygarza@example.net,INS103814,2025-06-05,2026-02-05
3816,Thomas Brown,Female,1946-11-19,West Darryl,Washington,India,2455822307,robertfox@example.org,INS103815,2025-02-12,2025-10-09
3817,Tara Knight,Female,1963-01-12,South Brenda,Rhode Island,India,0701625627,toni95@example.org,INS103816,2024-03-28,2026-08-29
3818,Brian Estes,Male,1937-11-20,Lake Shannonmouth,Pennsylvania,India,1334685899,fmartinez@example.com,INS103817,2025-03-19,2025-12-28
3819,Sarah Garner,Male,1947-12-24,New Annatown,Oregon,India,2477342793,ibennett@example.net,INS103818,2023-10-29,2026-06-22
3820,Lisa Hamilton,Female,1992-06-04,Port Danielle,Alaska,India,7201077599,thomassteven@example.com,INS103819,2024-04-05,2026-01-09
3821,Sherry Myers,Male,1989-11-07,Gravestown,Wisconsin,India,9418188172,kwhite@example.com,INS103820,2025-05-11,2026-06-13
3822,Lawrence Green,Male,1986-06-29,Sullivanside,Illinois,India,8721003814,caseymichael@example.org,INS103821,2025-02-27,2026-08-01
3823,Christian Waters,Female,1973-06-26,East Daniel,Idaho,India,0871774317,nrios@example.net,INS103822,2024-11-01,2026-09-03
3824,Patricia Vasquez,Male,1974-05-17,Nicholston,Kansas,India,8419781540,ashley96@example.org,INS103823,2025-03-31,2026-06-22
3825,Courtney Mercer,Male,1975-01-29,Chavezburgh,Vermont,India,5079125100,brucedavid@example.org,INS103824,2025-04-24,2026-02-24
3826,Patrick Terrell,Female,1953-06-13,Melissaview,Arizona,India,8875378069,nbraun@example.com,INS103825,2024-11-01,2025-11-24
3827,Alexis Harris,Male,1984-09-10,Port Tammy,Kentucky,India,6974131505,milessarah@example.org,INS103826,2025-03-06,2026-02-07
3828,Randy Howard,Female,1959-05-31,Dianetown,South Dakota,India,4833877440,nlopez@example.org,INS103827,2024-07-19,2026-04-05
3829,Manuel Evans,Male,1966-08-08,Fernandezfort,Colorado,India,3222647580,briana66@example.org,INS103828,2025-04-15,2026-08-07
3830,Justin Campbell,Female,2008-07-04,Port Anthonyport,North Carolina,India,0443969637,benjaminshort@example.com,INS103829,2023-12-07,2026-01-05
3831,Karen Mcdaniel,Male,2002-05-16,New Devin,South Dakota,India,8578760422,kathleen62@example.com,INS103830,2025-06-26,2026-08-26
3832,Brian Estrada,Male,2005-08-03,Port Kellyside,Washington,India,3438326243,courtney01@example.com,INS103831,2025-02-24,2026-04-29
3833,Jodi Johnston,Female,1936-05-07,Benitezland,Wisconsin,India,1316459779,eric42@example.org,INS103832,2024-08-29,2026-06-15
3834,Amy Smith MD,Female,1980-05-20,Edwardston,Oklahoma,India,7855872467,murphycharles@example.net,INS103833,2024-09-24,2026-03-19
3835,Nancy Schwartz,Female,1963-06-27,Hobbsstad,Wyoming,India,7434082636,leah98@example.net,INS103834,2023-12-21,2025-12-09
3836,Kathy Jones,Female,1967-07-31,Toddland,Texas,India,8462834105,larrybaker@example.com,INS103835,2025-03-11,2026-08-05
3837,David Burch,Male,1998-08-04,Kristenport,Arizona,India,5146831026,thomas82@example.org,INS103836,2024-09-07,2025-11-17
3838,Jose Salinas,Male,1981-08-17,Port Stevenbury,Colorado,India,3195914149,justin74@example.net,INS103837,2024-01-31,2026-05-30
3839,John Sullivan,Male,1987-10-29,South Joshua,Mississippi,India,2465316997,rwilliams@example.com,INS103838,2024-07-02,2026-05-29
3840,Jason Evans DVM,Female,1959-01-31,Thomasmouth,South Dakota,India,0942431820,kimberly64@example.org,INS103839,2024-10-30,2026-09-10
3841,Joseph Hensley,Male,1976-12-10,Courtneyville,Ohio,India,2461011593,bbarajas@example.com,INS103840,2023-12-01,2025-10-01
3842,Elizabeth Brown,Male,1996-01-08,Meghanshire,California,India,1122828464,amberclark@example.org,INS103841,2025-01-24,2026-07-20
3843,Lori Mccann,Female,1965-08-15,South Samanthahaven,Florida,India,1058638419,jonathanpowers@example.org,INS103842,2025-06-18,2026-06-13
3844,Jeff Phillips,Female,2001-12-28,Jenningsland,Tennessee,India,1169664474,stodd@example.org,INS103843,2024-05-07,2026-04-24
3845,Stephanie Jones,Male,1969-08-31,Ashleyfurt,Kansas,India,2210147215,katherinegreen@example.org,INS103844,2024-01-25,2025-12-19
3846,Jessica Bates,Female,1992-06-02,Johnsonstad,Montana,India,6637551075,stevenochoa@example.net,INS103845,2023-11-27,2026-04-15
3847,Philip Smith,Male,1980-06-06,West Andrewport,Pennsylvania,India,1703533109,ginadean@example.com,INS103846,2025-03-22,2025-11-02
3848,Megan Clayton MD,Male,2005-04-16,North Beth,New York,India,6121219095,taylorrobert@example.net,INS103847,2024-06-06,2025-12-10
3849,Arthur Wilson,Female,2000-03-07,Lake Amber,Vermont,India,9762488765,richard83@example.com,INS103848,2025-06-05,2026-07-14
3850,Beverly Oliver,Male,1988-05-22,Port Megan,Vermont,India,0067793719,benjaminmartin@example.net,INS103849,2025-08-05,2026-04-01
3851,James Reyes,Female,1940-08-22,West Kathryn,Indiana,India,0271130097,dpeters@example.org,INS103850,2024-11-08,2026-05-05
3852,Elizabeth Oneal,Female,1981-08-01,Jennifertown,North Carolina,India,9161454721,powersveronica@example.org,INS103851,2024-02-17,2026-06-13
3853,Jordan Lawson,Male,1953-12-22,Markborough,Kentucky,India,7192050266,mmiller@example.net,INS103852,2024-12-28,2026-09-28
3854,Alexander Mccarthy,Male,1971-05-30,New Theresa,Tennessee,India,8148698011,david98@example.org,INS103853,2024-06-30,2026-06-12
3855,Dorothy Cohen,Male,1943-03-26,Millsshire,Delaware,India,4836885206,jamesmartinez@example.net,INS103854,2024-12-16,2026-03-22
3856,Samantha Oconnell,Female,1963-05-16,Laurenchester,Kentucky,India,9108221590,bdouglas@example.org,INS103855,2025-05-14,2025-12-23
3857,Ryan Alvarez,Male,1969-07-26,New Max,Montana,India,9914535683,collinhowe@example.com,INS103856,2024-01-22,2026-04-01
3858,Alicia Carr,Female,2006-05-13,North Laura,Michigan,India,6870706214,holly39@example.net,INS103857,2024-06-20,2026-05-26
3859,Patrick Wilson,Female,2000-10-02,Port Kristine,Florida,India,3271830513,michaelhardy@example.com,INS103858,2025-06-15,2026-06-12
3860,Darrell Schwartz,Male,1953-11-13,South Anthonyhaven,Nevada,India,6357482664,kathryn81@example.net,INS103859,2024-10-25,2026-04-09
3861,Scott Lam,Female,1993-08-29,Port Andrew,North Carolina,India,5918086882,llang@example.net,INS103860,2024-06-04,2025-12-06
3862,Nicole Smith,Male,1999-04-08,Jenniferton,Indiana,India,1013304285,robertcarpenter@example.org,INS103861,2024-10-25,2026-05-17
3863,Shannon Walker,Male,1943-04-05,Dyerburgh,Pennsylvania,India,0771780668,mathiskaren@example.net,INS103862,2024-03-31,2026-03-24
3864,William Ellison,Male,1984-11-17,Kirkhaven,Colorado,India,9630272615,ashley11@example.net,INS103863,2023-12-03,2025-12-15
3865,Christopher Hess,Male,1986-01-05,Markport,Vermont,India,8189924825,perkinsjoe@example.com,INS103864,2024-01-29,2026-07-19
3866,Jacqueline Stone,Male,1958-12-05,Ellisville,Arizona,India,3028955434,xherrera@example.org,INS103865,2023-11-30,2025-10-06
3867,Virginia Marshall,Male,1952-11-27,Shawfurt,Pennsylvania,India,1764798997,bradygarza@example.net,INS103866,2025-02-15,2026-03-17
3868,Michelle Saunders,Male,1963-12-29,Port Zachary,Mississippi,India,8559820598,rtanner@example.com,INS103867,2024-01-17,2025-10-07
3869,Lisa Rodriguez,Female,1984-08-04,Butlerside,Wisconsin,India,0281894417,david74@example.com,INS103868,2023-11-28,2026-06-13
3870,Mark Duncan,Male,1940-07-10,Justinville,Georgia,India,9920329404,bradleytimothy@example.org,INS103869,2023-11-08,2025-12-26
3871,Steven Juarez,Female,1976-07-11,Garciastad,Massachusetts,India,0966598953,christopherallen@example.com,INS103870,2025-02-12,2026-09-03
3872,Jennifer Roth,Female,1990-01-19,Georgehaven,Colorado,India,4399198027,nmiles@example.org,INS103871,2024-06-26,2026-06-17
3873,Shannon Bell,Female,1979-05-12,Jamiechester,Virginia,India,1198272132,zbridges@example.net,INS103872,2023-12-04,2025-10-23
3874,Shelly Short,Male,2000-06-22,North Stephanie,California,India,8778324200,canderson@example.org,INS103873,2024-03-14,2025-11-25
3875,Travis Wolf,Female,1948-09-11,New Haleymouth,Wyoming,India,9785571137,michaelvega@example.net,INS103874,2025-02-09,2026-06-17
3876,John Mullen,Female,1977-04-08,Melaniefort,Ohio,India,8369344036,amanda06@example.net,INS103875,2024-06-21,2026-02-28
3877,Karen Harrington,Male,1964-01-04,Emilyside,Ohio,India,9400618964,anthonyphelps@example.com,INS103876,2024-09-05,2026-09-27
3878,John Lambert,Male,1937-02-08,Lake Wayneton,Massachusetts,India,6777391086,jasmin72@example.net,INS103877,2025-02-26,2026-07-05
3879,Hannah Brown,Female,1953-01-15,New Paige,Montana,India,6552207461,bethking@example.com,INS103878,2023-12-23,2025-11-18
3880,Rodney Shaw,Male,1995-08-30,Gregorymouth,Tennessee,India,6269387011,amyjohnson@example.net,INS103879,2024-02-06,2026-05-01
3881,Alicia Roberts,Male,2003-10-05,South Timothyborough,Illinois,India,7797849224,rodney25@example.org,INS103880,2024-06-06,2025-12-23
3882,Latoya Jackson,Male,1940-08-08,Lake Michael,Indiana,India,3891564856,lynnrhodes@example.org,INS103881,2024-11-15,2026-05-30
3883,Nicole Keller,Male,1981-03-02,Garciaton,South Dakota,India,8105602768,ritabenson@example.com,INS103882,2024-06-07,2025-10-02
3884,Jason Hines,Female,1982-04-17,East Kristopher,Georgia,India,5618424593,abbottwhitney@example.net,INS103883,2025-07-23,2026-08-23
3885,Mark Munoz,Male,1978-04-17,Bryantmouth,Alaska,India,1606803374,patricia38@example.org,INS103884,2024-01-29,2026-05-01
3886,Patrick Webb,Male,2005-04-25,Anthonyhaven,Arizona,India,4001385453,turneremily@example.net,INS103885,2024-09-12,2025-12-11
3887,Jaime Rich,Male,1984-04-26,East Carolside,Wisconsin,India,6715490520,ana60@example.com,INS103886,2024-06-29,2025-12-08
3888,Michelle Ryan,Female,1966-02-08,West Tylerport,Massachusetts,India,4140460632,morrisontravis@example.com,INS103887,2023-11-25,2026-01-19
3889,Nicholas Diaz,Female,1974-06-20,Sydneyland,Alaska,India,8359929632,ashleywilkins@example.org,INS103888,2023-12-05,2026-02-18
3890,Jennifer Evans,Male,1958-05-12,Lake Andrew,California,India,6235556073,ronald00@example.com,INS103889,2025-06-07,2025-11-12
3891,John Stanley,Male,1971-03-20,East Marthaborough,Texas,India,7699760782,dennis51@example.net,INS103890,2025-05-08,2025-12-06
3892,Jose Crawford,Female,2006-10-19,Perezmouth,Florida,India,7587715413,wray@example.org,INS103891,2024-10-18,2025-11-20
3893,Ashley Gonzales,Male,1968-09-19,North Frank,Louisiana,India,2118518208,pughpatrick@example.org,INS103892,2023-10-24,2026-04-28
3894,Bryan Morris,Male,1952-03-19,Eileenland,Pennsylvania,India,1568231648,martinsteven@example.com,INS103893,2024-05-28,2025-12-29
3895,Thomas Sweeney,Female,2004-05-28,New Debbieland,Mississippi,India,6199901060,brad64@example.org,INS103894,2023-12-27,2026-04-11
3896,Kevin Miller,Male,1992-03-31,Hammondchester,Pennsylvania,India,5376594823,jennifermcclure@example.org,INS103895,2025-06-15,2026-05-24
3897,Julie Wong,Male,1963-09-22,West Jesseland,Arizona,India,8570952047,mcdonaldkimberly@example.net,INS103896,2025-02-19,2026-09-14
3898,Darren Williams,Female,1976-04-25,Lake Robertchester,Georgia,India,7435461535,kathy76@example.org,INS103897,2025-01-02,2025-12-28
3899,Stephanie Mckinney,Female,1967-01-22,New Heatherside,Wisconsin,India,4873215810,kimberlyhughes@example.org,INS103898,2025-08-17,2026-09-22
3900,John Martinez,Male,1971-04-03,New Sethburgh,New Hampshire,India,4530432292,anthonylawson@example.net,INS103899,2024-11-08,2026-06-13
3901,Lucas Crawford,Female,1977-06-19,Estradaton,South Carolina,India,4507946930,christinestanley@example.com,INS103900,2023-12-21,2026-09-12
3902,Rebecca Avery,Male,1999-09-25,Buchananmouth,Nevada,India,3229239937,stephanie27@example.org,INS103901,2024-11-15,2026-09-30
3903,Anthony Moran,Male,1987-02-27,Amyborough,Alaska,India,2162555637,ryan80@example.com,INS103902,2023-10-29,2026-05-31
3904,Dustin Murray,Male,1983-07-12,Thomasshire,Georgia,India,4204272819,oharmon@example.com,INS103903,2023-11-03,2026-03-22
3905,Courtney Jones,Female,1947-08-24,Feliciachester,Michigan,India,5160053345,edwardsims@example.net,INS103904,2024-09-29,2026-08-17
3906,Michael Cook,Female,1982-01-12,Port Matthewfort,Montana,India,1567948018,megan41@example.net,INS103905,2025-01-25,2026-01-31
3907,Julia Bell,Male,1962-10-20,Lake Christophermouth,North Carolina,India,1519693921,kristengreen@example.com,INS103906,2025-01-27,2026-01-28
3908,Marcus Moore,Male,1977-03-30,East Tracy,Delaware,India,4390328625,stephaniecummings@example.com,INS103907,2025-04-06,2026-02-26
3909,John Martin MD,Female,1975-10-07,New Michael,North Carolina,India,3635567593,rodriguezeric@example.com,INS103908,2025-04-04,2026-07-06
3910,Alfred Snow,Female,1971-10-21,Jasmineview,Tennessee,India,3369098309,castillohoward@example.com,INS103909,2025-06-28,2026-04-16
3911,Kyle Clark,Female,1993-01-25,East Thomaston,Alabama,India,4008497400,chelsea27@example.com,INS103910,2023-12-24,2025-10-19
3912,Emily Ryan,Male,1999-06-04,East William,Indiana,India,1371809398,rebeccagarcia@example.com,INS103911,2023-11-06,2026-03-09
3913,Rhonda Reynolds,Female,1992-11-14,Burtonmouth,Texas,India,9230248406,woodsmelissa@example.org,INS103912,2024-03-18,2026-02-24
3914,Bruce Oliver,Female,1985-04-27,North Robertside,Minnesota,India,8661529074,justinspencer@example.org,INS103913,2023-10-28,2026-05-06
3915,Sean Todd,Male,1955-10-18,New Kellishire,Maine,India,9916755340,jacksonmichael@example.com,INS103914,2025-06-28,2025-12-10
3916,Brenda Morris,Male,1945-04-10,New Stevenside,Montana,India,3750706821,sharonholmes@example.org,INS103915,2025-02-12,2025-10-13
3917,Vincent Ramos,Male,1998-09-30,Brownshire,Delaware,India,3515678189,hopkinsmarc@example.org,INS103916,2024-05-17,2026-02-25
3918,Jerry Ochoa,Female,1994-08-10,New Anna,Rhode Island,India,1398028872,zacharybates@example.net,INS103917,2025-06-21,2026-03-07
3919,Brittney Mitchell,Male,1940-12-16,Christopherland,Connecticut,India,1921376186,emmapacheco@example.org,INS103918,2024-06-28,2026-01-02
3920,Rebecca Pierce,Male,1948-09-11,Kellyborough,Delaware,India,5523680058,meagan32@example.net,INS103919,2024-09-09,2025-11-28
3921,Morgan Rasmussen,Male,2002-04-22,Bethanyfort,Vermont,India,8550979689,reedralph@example.org,INS103920,2024-10-26,2026-09-03
3922,Miss Bethany Gonzalez,Male,1970-07-21,Marshtown,Florida,India,5006160735,marilyn02@example.org,INS103921,2024-06-13,2025-10-11
3923,Joseph Hughes,Female,1942-12-26,Davidberg,West Virginia,India,4789644524,debra49@example.com,INS103922,2025-06-12,2026-01-30
3924,Lisa Atkinson,Male,1936-03-14,Lake Kimberly,Oregon,India,4971074794,tamara49@example.org,INS103923,2024-04-03,2025-12-01
3925,Dana Hanna,Female,2000-03-03,Hawkinsstad,Colorado,India,5999194174,stewartjeffrey@example.org,INS103924,2024-07-12,2026-09-12
3926,Ronald Young,Female,1980-11-19,East Brian,Illinois,India,0766604292,petersmary@example.net,INS103925,2024-07-03,2026-02-03
3927,Terrance Smith Jr.,Female,1994-04-01,West Nichole,Arizona,India,2405145753,qcantu@example.com,INS103926,2025-03-07,2026-03-25
3928,Mr. Anthony Phillips MD,Male,1986-09-30,Crystalchester,Iowa,India,1498003592,janetgardner@example.org,INS103927,2024-09-24,2025-10-10
3929,Christine Robinson,Female,1957-01-28,East Nathan,South Dakota,India,0047586405,carlsonronald@example.org,INS103928,2024-03-09,2026-07-01
3930,Derek Parker,Male,1972-10-20,New Andrea,Utah,India,4594839149,amberdonaldson@example.net,INS103929,2024-08-17,2026-02-22
3931,Deanna Clayton,Male,1991-07-17,Kleinborough,Hawaii,India,5640317384,vramirez@example.com,INS103930,2024-07-05,2026-06-05
3932,Linda Rogers,Male,1950-07-08,New Lauren,Arkansas,India,7705467228,david98@example.org,INS103931,2025-06-25,2025-10-03
3933,Patricia Chan,Female,1959-03-20,South Amanda,Hawaii,India,3107071187,schmidtdaniel@example.org,INS103932,2024-01-05,2026-09-22
3934,Richard Lawson,Male,1997-07-12,East Amystad,Colorado,India,9754237812,jason60@example.org,INS103933,2025-07-06,2025-10-16
3935,Zachary Silva,Male,1994-07-01,New Richard,Minnesota,India,9667810230,walkerjoseph@example.net,INS103934,2024-02-13,2026-01-18
3936,Amy Tucker,Male,1953-04-19,East Traceychester,Arizona,India,1952047044,tamara94@example.org,INS103935,2025-02-27,2026-02-16
3937,Nathaniel Zavala,Female,1966-08-03,North Gregoryhaven,New Mexico,India,7051751591,martinezjavier@example.org,INS103936,2025-09-18,2025-10-16
3938,Sherri Hardy,Female,1987-08-16,North Dawn,West Virginia,India,6213247737,ehawkins@example.com,INS103937,2024-10-09,2026-03-29
3939,Willie Smith,Female,1994-09-04,Andersonside,Maryland,India,1126353665,michael40@example.net,INS103938,2025-01-14,2026-04-20
3940,Cody Lee,Male,1952-05-05,East Michelle,California,India,1367117211,cynthia76@example.org,INS103939,2024-04-29,2026-07-01
3941,Mr. Daniel West,Female,1998-11-10,South Timothy,Indiana,India,0440828495,smithandrew@example.net,INS103940,2025-07-29,2026-03-25
3942,Dana Bennett,Male,1959-03-09,Vargasstad,Utah,India,5062895856,kristinawarner@example.org,INS103941,2024-02-06,2025-12-03
3943,David Wade,Male,1990-09-17,Deanville,Texas,India,6482932143,ykelly@example.net,INS103942,2024-08-29,2025-10-19
3944,James Thomas,Female,1964-05-20,North Joseport,Vermont,India,0535319207,smithraymond@example.org,INS103943,2025-08-20,2026-09-07
3945,John Castaneda,Male,1936-02-17,Byrdmouth,Utah,India,4527181476,eric35@example.com,INS103944,2025-04-12,2025-11-10
3946,Anthony Tanner,Female,1999-04-10,Pattonside,Kentucky,India,9739317573,rjohnson@example.net,INS103945,2024-01-04,2025-10-12
3947,Kimberly Collins,Male,1968-06-19,Davidview,Kansas,India,2132006131,adam11@example.net,INS103946,2024-03-17,2026-03-22
3948,George Rodriguez,Female,1947-09-15,South Craig,Idaho,India,1375680838,david99@example.com,INS103947,2025-01-15,2026-05-26
3949,Mr. David Luna,Male,1971-08-12,Allenfort,Texas,India,0537767787,ronald21@example.com,INS103948,2024-01-18,2026-04-01
3950,Michael Walker,Male,1964-06-06,Port Jessicastad,Arizona,India,9432306478,melissa00@example.com,INS103949,2025-03-23,2025-11-25
3951,Lindsay Henry,Male,1945-10-26,Lynchside,Virginia,India,0003516864,campbelltina@example.net,INS103950,2023-11-17,2026-04-16
3952,Claire Morgan,Male,1941-12-26,West Stephaniebury,Maryland,India,7492170222,hbeltran@example.org,INS103951,2025-01-19,2026-08-25
3953,Brandon Campos,Male,1996-07-14,South Omar,Louisiana,India,2103714146,hicksrebecca@example.net,INS103952,2025-04-22,2026-03-06
3954,Clayton Morse,Female,2005-09-28,Elizabethville,Idaho,India,1252358419,nicholasburns@example.org,INS103953,2024-11-24,2026-06-21
3955,Lisa West,Male,1951-09-24,Rosebury,Washington,India,5265524164,angela19@example.net,INS103954,2024-04-21,2026-02-07
3956,Danny Monroe,Female,1981-08-19,East Edwardview,Mississippi,India,2276744093,hicksharry@example.net,INS103955,2024-09-29,2026-04-18
3957,Cynthia Olson,Female,2001-09-03,South Brett,Alabama,India,9207866410,herreradavid@example.org,INS103956,2024-08-27,2026-09-10
3958,Charles Ross,Female,1945-12-23,New Joanntown,California,India,9899474763,nstephens@example.com,INS103957,2024-08-06,2026-07-05
3959,Connor Ellis DDS,Male,2000-09-22,Huffmanside,Alaska,India,7179815095,guzmanjill@example.org,INS103958,2024-09-26,2026-07-14
3960,Christy Rogers,Male,1955-07-12,West Marvinchester,Pennsylvania,India,7280987706,kimchad@example.net,INS103959,2025-06-12,2025-12-22
3961,Thomas Wood,Male,1980-07-25,Katherinestad,Illinois,India,3473362105,ppeterson@example.org,INS103960,2025-01-04,2025-10-06
3962,Carol Mcdonald,Female,1962-07-13,South Trevorfurt,Mississippi,India,8512678279,angelarivera@example.org,INS103961,2023-10-10,2026-05-08
3963,Mr. Stephen Harris,Male,1938-06-24,East Christopherport,California,India,0962417833,april01@example.org,INS103962,2023-12-13,2026-09-07
3964,Maria Jacobs,Male,2002-08-01,Port Michael,West Virginia,India,1408652152,moorejill@example.net,INS103963,2025-08-24,2026-04-16
3965,Michelle Foster,Female,1997-09-14,East Willieburgh,Alaska,India,7492469301,qbell@example.com,INS103964,2025-08-16,2025-10-06
3966,Robert Lucero,Female,1956-02-14,North Andrew,Georgia,India,6365546844,patrick11@example.org,INS103965,2025-09-06,2026-03-25
3967,Christopher Phillips,Female,1989-01-05,Masonbury,Vermont,India,6703257603,uhunter@example.net,INS103966,2024-12-28,2026-04-16
3968,Michael Moore,Female,1949-07-28,Port Johnshire,Massachusetts,India,7596323196,xerickson@example.net,INS103967,2023-12-20,2026-01-26
3969,Steve Pearson,Female,1979-03-12,Theresafurt,Tennessee,India,9687101481,robert17@example.org,INS103968,2025-01-13,2025-10-02
3970,Andrew Snyder,Female,1985-11-28,Grahamburgh,Georgia,India,7929292242,andrewsvalerie@example.org,INS103969,2025-06-04,2026-02-06
3971,Anthony Johnson,Male,1951-04-21,Lake Cody,Vermont,India,2977328485,vjordan@example.net,INS103970,2024-08-19,2026-07-06
3972,David Banks,Female,1991-03-07,Underwoodshire,California,India,0253049957,kelly71@example.com,INS103971,2025-07-27,2026-01-30
3973,Christopher Delgado,Male,1943-03-22,Jeffreyview,Alabama,India,4650166858,oshah@example.com,INS103972,2024-02-02,2025-10-20
3974,Kevin Pierce,Male,1991-12-24,Ericberg,Delaware,India,9000165998,carolmcgee@example.net,INS103973,2024-08-31,2026-03-11
3975,Kathleen Mcdaniel,Male,2001-03-24,South Austinview,Colorado,India,5269070312,bergchristine@example.com,INS103974,2023-10-23,2026-03-27
3976,Patricia Smith,Female,1989-07-10,East Cody,Alabama,India,0862891781,vargasjason@example.com,INS103975,2025-07-13,2026-05-08
3977,Charles Robbins,Male,1975-11-06,South Mollymouth,Nevada,India,1117437045,fitzgeraldchristina@example.com,INS103976,2024-02-13,2026-07-27
3978,Sara Oconnor,Female,1958-09-27,Pennytown,Texas,India,9403520106,holmessarah@example.com,INS103977,2025-07-05,2026-08-15
3979,Zachary Moore,Female,1949-05-26,Richville,Arkansas,India,3973667310,katiesimmons@example.net,INS103978,2024-09-01,2025-12-14
3980,Samantha Mills,Male,1963-09-22,Darrenville,Rhode Island,India,7641038139,geraldmaldonado@example.org,INS103979,2025-04-08,2026-07-02
3981,Kenneth Ray,Female,1970-05-01,New Thomas,North Dakota,India,6665118894,samantha23@example.org,INS103980,2025-07-04,2026-04-30
3982,David Duncan,Male,1979-07-26,Port Danielport,Oregon,India,4582065870,tinamiller@example.net,INS103981,2024-02-20,2026-07-13
3983,Jennifer Mitchell,Male,1977-05-02,New Jamesburgh,California,India,2945439635,vcase@example.net,INS103982,2024-06-30,2026-04-30
3984,Katherine Lawrence,Female,1976-06-07,Port Michaelbury,Alaska,India,5182963574,melanieperez@example.org,INS103983,2025-07-14,2026-01-07
3985,Leon Bush,Male,1945-04-11,Amandaville,Idaho,India,4608763513,jmercer@example.com,INS103984,2024-10-05,2025-12-21
3986,Joanna Barrett,Male,1994-07-01,Mariabury,Massachusetts,India,0103433819,morenoamanda@example.net,INS103985,2024-12-12,2026-09-08
3987,Andrew Salazar,Male,1960-11-19,Frostshire,Virginia,India,6994412308,keith66@example.org,INS103986,2025-08-09,2025-10-19
3988,Joseph Rice,Female,1959-06-11,Ramosstad,Delaware,India,3564988940,jadkins@example.org,INS103987,2025-02-17,2026-08-17
3989,Jesse Hopkins,Male,1954-09-25,East Laurenborough,South Dakota,India,2176458951,hhenry@example.com,INS103988,2025-05-09,2026-08-02
3990,Cody Moore,Female,1937-03-31,East John,Oregon,India,9020397166,alyssataylor@example.org,INS103989,2023-10-16,2026-01-28
3991,Christina Reid,Female,2002-10-02,Davisview,Wyoming,India,2074879880,uolsen@example.com,INS103990,2024-06-03,2025-12-31
3992,Matthew Garcia,Male,1956-10-06,Lake Lisa,Vermont,India,7857184907,philip16@example.net,INS103991,2024-07-17,2026-09-04
3993,Justin Harrell,Male,1974-12-30,Wagnerhaven,California,India,5018552962,kristin38@example.org,INS103992,2025-04-10,2026-04-10
3994,Patrick Oconnor,Female,1991-10-28,Erinton,New Hampshire,India,1770495576,nicole09@example.net,INS103993,2025-07-10,2026-04-05
3995,Ann Green,Female,1980-09-07,Amandaville,Iowa,India,0685661167,cathy39@example.org,INS103994,2025-02-20,2025-11-12
3996,Kaylee Herrera,Male,1956-09-11,Jasonton,Oklahoma,India,6525834520,john48@example.net,INS103995,2024-01-11,2026-01-12
3997,Donna Walton,Male,1944-10-10,Jakeland,Kansas,India,8103245217,ariaskelly@example.com,INS103996,2024-12-08,2026-02-21
3998,Sharon Harvey,Female,2007-08-16,Lake Williamton,Missouri,India,8764033889,miguel77@example.com,INS103997,2024-09-14,2026-07-08
3999,James Diaz MD,Female,1982-11-14,Lake Jackieshire,Missouri,India,9933488385,jennifernavarro@example.org,INS103998,2024-04-14,2026-09-26
4000,Nicholas Gomez,Female,1982-06-30,Rodriguezstad,Maine,India,0946114998,pattersonwanda@example.com,INS103999,2025-03-15,2026-08-23
4001,Brian Myers,Female,1981-01-20,East Stephaniefort,Nebraska,India,6165510886,gailjohnson@example.net,INS104000,2024-09-25,2026-04-08
4002,Caitlin Smith,Female,1994-09-20,North Hannahfort,Vermont,India,6290576215,carl06@example.org,INS104001,2024-12-01,2025-10-10
4003,Jimmy Bryan,Male,1960-08-24,Brownton,Texas,India,3703089610,tina16@example.org,INS104002,2025-06-16,2026-01-22
4004,Michael Rodriguez,Female,1994-09-10,Lake John,Virginia,India,4697579977,matthewsmith@example.net,INS104003,2025-08-18,2026-04-04
4005,Megan Sanders,Female,1974-06-29,Grayport,Wyoming,India,1206867257,rwebb@example.org,INS104004,2025-03-29,2025-10-18
4006,Mary Lawrence,Male,1976-08-24,Zacharymouth,South Dakota,India,3809720025,reevesdenise@example.net,INS104005,2025-03-10,2026-05-17
4007,Kelsey Howard,Male,1959-08-04,South Samantha,New Jersey,India,5311074316,gmcknight@example.net,INS104006,2024-06-21,2026-06-19
4008,Travis Estrada,Female,1941-05-25,Rodriguezview,Minnesota,India,5237935903,ryan72@example.net,INS104007,2024-12-10,2026-08-21
4009,Jennifer Grant,Female,2001-12-15,South Brandon,North Carolina,India,9901157240,drichardson@example.net,INS104008,2024-07-14,2025-11-09
4010,Leah Lawson,Male,1988-11-15,Greenside,Ohio,India,7774769509,wendy98@example.net,INS104009,2025-09-24,2026-03-14
4011,Robert Martinez,Female,1938-04-02,Port Brett,Tennessee,India,5797332415,veronicabenjamin@example.net,INS104010,2024-12-31,2026-07-26
4012,Robert Douglas,Female,1942-01-28,South Scottside,Oklahoma,India,5335483932,campbelllee@example.net,INS104011,2025-07-05,2026-09-11
4013,Bobby Stephenson,Male,1980-04-16,Romeroberg,Colorado,India,5878271465,laraamy@example.net,INS104012,2023-12-22,2026-04-21
4014,Alexis Hall,Female,1994-11-17,North Sarah,Arizona,India,1428634307,youngsummer@example.net,INS104013,2024-12-14,2026-06-21
4015,Timothy Mercer,Male,1972-08-26,New Jenniferborough,Utah,India,5027962721,keith93@example.com,INS104014,2023-11-09,2026-04-09
4016,Amy Barton,Male,1940-09-23,Williamchester,Utah,India,3247811731,webbbruce@example.com,INS104015,2024-02-29,2026-02-26
4017,Mary Anthony,Male,1946-03-12,New Barbara,Massachusetts,India,1466577603,lawrencecarol@example.net,INS104016,2024-05-25,2026-01-04
4018,Andrea Peterson,Male,1979-01-06,North Jamesmouth,Nevada,India,8796055943,johnsonjeremiah@example.org,INS104017,2025-04-27,2025-12-26
4019,Aaron Rogers,Female,1992-07-06,Lake Kimberly,Illinois,India,9011882626,kbrown@example.com,INS104018,2024-01-27,2026-06-25
4020,Robin Jensen,Male,1984-11-18,South Mistyport,Maryland,India,6857757791,michael60@example.com,INS104019,2024-03-29,2025-10-28
4021,Toni Riley,Female,1938-08-01,Lake Jerry,Wisconsin,India,1868846382,hannah31@example.org,INS104020,2024-09-19,2025-12-10
4022,Thomas Robinson,Female,2004-10-25,Aaronland,Oklahoma,India,6420809092,ssmith@example.org,INS104021,2025-04-23,2026-05-06
4023,Katherine Fisher,Female,1970-12-10,Port Staceystad,Georgia,India,0322058827,theresa87@example.org,INS104022,2024-08-23,2025-12-05
4024,Andrea Patterson,Female,1988-12-15,West Zacharyton,Vermont,India,4189621219,rose27@example.net,INS104023,2024-01-06,2026-02-02
4025,Sandra Hammond,Female,1963-09-26,Reginaldfurt,North Dakota,India,6404728555,wardnicholas@example.org,INS104024,2025-09-23,2025-10-12
4026,Stephanie Dominguez,Male,1939-01-23,Dawnhaven,Maine,India,7427771449,alyssa24@example.com,INS104025,2024-11-16,2026-09-12
4027,Natalie Davis,Male,1945-05-06,Tylerburgh,Michigan,India,1510738660,brian18@example.net,INS104026,2024-12-29,2026-06-28
4028,Brian Richardson,Male,1974-09-23,East Mark,North Dakota,India,3319812879,owang@example.com,INS104027,2025-02-03,2026-05-02
4029,John James,Male,1995-08-29,Jaredside,Massachusetts,India,5203608719,christinebaker@example.org,INS104028,2024-03-16,2026-09-30
4030,David Weber,Female,1984-01-16,Port Charles,Florida,India,0158604909,daniel55@example.org,INS104029,2024-12-11,2026-02-16
4031,Stephanie Pierce,Male,1958-01-14,New Alison,Utah,India,3175395987,stevenstanley@example.com,INS104030,2024-01-03,2026-06-10
4032,Adam Cardenas,Female,1969-06-05,Paigechester,Pennsylvania,India,3586354166,stephensrobert@example.org,INS104031,2025-05-15,2026-03-07
4033,Raymond Hayes,Female,1971-06-09,Jenniferside,Vermont,India,4718918000,david50@example.net,INS104032,2024-07-07,2025-10-11
4034,Dr. Trevor Blackburn,Male,1975-06-09,Harrisville,New York,India,1392477948,jamesgillespie@example.net,INS104033,2025-01-09,2026-02-20
4035,Alexandra Harris,Male,1944-08-29,North Alejandro,Utah,India,8810254278,xgarrison@example.org,INS104034,2024-07-29,2026-06-17
4036,Jacob Gilmore,Male,1962-12-22,Rachelmouth,Utah,India,8828648845,bmartin@example.org,INS104035,2024-05-20,2026-01-25
4037,Lisa Porter,Male,1937-01-06,Murrayshire,Idaho,India,3274378542,richardknight@example.com,INS104036,2024-03-08,2025-11-19
4038,Elizabeth Welch,Female,1965-08-30,Doyletown,Idaho,India,6243301220,jessewilliams@example.com,INS104037,2025-06-30,2026-02-16
4039,Stacy Tate,Female,1954-02-02,West Robertshire,Delaware,India,9220897242,gonzaleznatasha@example.com,INS104038,2023-11-24,2026-08-16
4040,Kelly Sims,Male,1990-01-17,Port Janet,Ohio,India,2607756967,moorerussell@example.com,INS104039,2025-09-11,2026-01-01
4041,Louis Brown,Female,1968-04-20,Davisside,Nevada,India,2427498559,matthew96@example.com,INS104040,2025-01-10,2026-05-15
4042,Catherine Dillon,Female,1979-10-03,Port Rebeccaborough,Ohio,India,5651408564,thomas57@example.com,INS104041,2025-08-31,2026-06-18
4043,Cody Smith,Female,1971-11-16,Michaelville,Ohio,India,5657705568,gilbertelizabeth@example.net,INS104042,2024-11-24,2026-05-21
4044,Jamie Mendoza,Male,1976-06-11,Miguelberg,New Jersey,India,1686212673,gaineslisa@example.org,INS104043,2025-03-29,2026-04-14
4045,Michael Robles,Female,1944-04-13,Valdezview,Utah,India,1534824671,serranostephen@example.org,INS104044,2025-05-18,2026-08-03
4046,Jason Coleman,Male,1943-11-25,Carlosfort,Wisconsin,India,2727911205,chelsea03@example.org,INS104045,2024-12-20,2026-06-11
4047,Joshua Reeves,Male,1985-01-31,North Roger,Montana,India,6062072973,thomaspaula@example.net,INS104046,2024-08-01,2025-11-12
4048,Cathy Thornton,Female,1937-04-05,Gravestown,Colorado,India,0407768754,amy32@example.net,INS104047,2025-05-01,2026-09-15
4049,Megan Weber,Female,1984-02-07,Molinaville,Maine,India,0552143762,astuart@example.net,INS104048,2024-05-14,2026-09-17
4050,Joseph Hubbard,Male,1949-06-24,West William,Texas,India,6342070210,evansjames@example.com,INS104049,2024-04-16,2026-05-20
4051,Julie Huber,Female,1942-06-15,New Jordan,Delaware,India,7714288823,yjohnson@example.com,INS104050,2024-05-01,2026-03-24
4052,Rita Avila,Female,1978-06-03,Scottberg,Washington,India,1971511026,olynch@example.org,INS104051,2023-12-30,2026-02-14
4053,Christine Maxwell,Male,1955-02-10,West David,Wisconsin,India,7448668651,cuevasmarcus@example.com,INS104052,2024-09-06,2026-04-14
4054,Angela Mullins,Male,1982-03-29,Emilyfort,Alabama,India,2098467388,pittmanshannon@example.org,INS104053,2025-01-27,2026-01-22
4055,Sarah Rosales,Male,1948-07-01,Vincentmouth,Wisconsin,India,9391567965,rachael11@example.org,INS104054,2025-09-23,2026-07-10
4056,Brent Lopez,Male,2005-11-02,South Nicholasport,New Jersey,India,7881452636,gatesbrooke@example.org,INS104055,2024-01-04,2026-06-18
4057,Todd Perez,Female,1936-02-21,Ramirezside,Missouri,India,4438758073,qjackson@example.org,INS104056,2024-02-07,2026-08-02
4058,Adam Brooks,Female,1946-02-07,Matthewberg,Wisconsin,India,6520666987,nicole57@example.net,INS104057,2025-09-14,2026-09-22
4059,Michael Lawrence,Male,1989-08-23,West Joshua,Utah,India,4325589253,juliamullen@example.net,INS104058,2024-04-20,2026-05-27
4060,Paula Marsh,Male,1999-01-09,West Colleenchester,New Jersey,India,4473392871,ericagomez@example.net,INS104059,2025-06-23,2025-11-11
4061,James Harding,Male,1956-02-08,Myersmouth,Massachusetts,India,5100299210,corey49@example.org,INS104060,2024-12-19,2026-08-02
4062,Vanessa Hall,Female,2008-04-23,Jasonborough,New York,India,4698291459,ubailey@example.org,INS104061,2023-12-26,2026-01-10
4063,Jonathan Mcfarland,Male,1946-12-27,North Lindsaystad,Utah,India,4841880884,dennisharris@example.com,INS104062,2025-06-21,2026-05-18
4064,Mr. Patrick Green,Female,1940-11-18,Jeremytown,Missouri,India,2991296071,sarahharris@example.net,INS104063,2023-11-19,2026-08-26
4065,Amanda Hayes,Male,1992-10-26,Port Jacqueline,Rhode Island,India,7997832552,yatessabrina@example.net,INS104064,2025-05-25,2026-07-02
4066,Michelle Wright,Male,1942-01-10,Lake Russellport,South Carolina,India,3229882478,hendersonmichelle@example.net,INS104065,2024-07-29,2026-05-29
4067,Melissa Evans,Male,1971-09-25,New Rita,Massachusetts,India,0723571688,bruce99@example.org,INS104066,2025-04-02,2026-09-09
4068,Jeremy Crawford,Female,1944-01-17,Joycemouth,Wyoming,India,8027936007,richardtaylor@example.com,INS104067,2024-01-02,2025-10-06
4069,Katie Gomez,Female,1986-11-25,Moorehaven,New Jersey,India,0195078519,guerrerodavid@example.net,INS104068,2024-12-19,2026-04-26
4070,Paul Willis,Female,1954-08-16,Gonzalesport,Ohio,India,7757628674,jeff51@example.org,INS104069,2025-01-06,2026-03-04
4071,Timothy Travis,Male,1940-12-13,North Katherine,Pennsylvania,India,1831005911,kylegarcia@example.org,INS104070,2025-04-17,2026-06-02
4072,Benjamin Phelps,Female,1983-12-06,Justinport,South Dakota,India,3023660963,eric69@example.net,INS104071,2024-02-01,2026-03-27
4073,Scott Choi,Female,1952-06-13,New Kristi,Iowa,India,8648380322,mary24@example.org,INS104072,2025-02-09,2026-04-06
4074,Steven Frost,Male,1968-12-08,Briannaville,Ohio,India,7028237462,afowler@example.net,INS104073,2024-05-29,2025-12-28
4075,Steven Obrien,Male,2002-03-27,North Wendy,Arkansas,India,1515792404,rhonda21@example.org,INS104074,2024-12-21,2026-08-07
4076,James Lewis,Female,1975-06-13,Port Josephmouth,Louisiana,India,4576316049,wilsonjason@example.com,INS104075,2024-10-31,2026-08-10
4077,Kristina Krause,Female,1944-02-12,Lake Williamborough,Illinois,India,4200676967,codybarnes@example.net,INS104076,2025-08-02,2026-04-09
4078,Manuel Duncan,Female,1995-12-04,Lawsonberg,Tennessee,India,0595414922,egonzales@example.com,INS104077,2025-02-04,2026-02-22
4079,Christina Gallagher,Female,1978-10-12,Michaelview,Arizona,India,8770046620,irangel@example.org,INS104078,2024-10-13,2026-03-03
4080,Roy Meyer,Male,2003-04-13,Callahanborough,Kentucky,India,3897878385,erin75@example.com,INS104079,2024-03-08,2026-08-15
4081,Laura Gonzalez,Male,1992-07-29,South Pamela,New York,India,8883791030,delacruzwendy@example.org,INS104080,2024-12-02,2026-03-30
4082,Robert Hanson,Male,2005-10-17,Amystad,Pennsylvania,India,1799371510,lmonroe@example.net,INS104081,2024-09-08,2026-06-07
4083,Danielle Brown,Female,1976-03-02,New Kimberlyton,Pennsylvania,India,9634375364,michele48@example.com,INS104082,2024-08-19,2026-05-24
4084,Sandra Johnson,Female,1936-10-24,Kevinmouth,California,India,4512262108,hamptonjohn@example.net,INS104083,2023-10-04,2026-05-05
4085,Susan Price,Male,1977-03-04,Butlerport,Rhode Island,India,3568863816,moraleskaren@example.org,INS104084,2024-01-12,2026-02-15
4086,Stacy Pham,Male,1991-08-15,Wardmouth,Florida,India,9510895909,hansonadam@example.net,INS104085,2025-06-14,2026-08-22
4087,Erica Patrick,Female,1957-05-22,New John,New Hampshire,India,0702168381,kenneth94@example.net,INS104086,2025-03-24,2026-03-03
4088,Donald King,Female,1989-10-10,Port Sarah,Oklahoma,India,0003266644,kevin34@example.com,INS104087,2024-06-11,2026-01-02
4089,Jonathan Rodriguez,Male,2002-12-05,Jackview,New York,India,5038714708,jacobjohnson@example.com,INS104088,2024-03-12,2026-04-12
4090,Brenda Sutton,Male,1988-11-13,Port Krista,Hawaii,India,4340820722,mallory13@example.com,INS104089,2023-10-16,2026-08-26
4091,Kendra Jones,Male,1958-04-16,Whitefurt,Montana,India,2892683340,kmarshall@example.com,INS104090,2023-12-10,2026-07-22
4092,Bernard Anderson,Female,1982-08-18,Tanyahaven,Georgia,India,3600682810,hillmary@example.net,INS104091,2023-10-15,2026-01-20
4093,Rachel Garcia,Female,1938-08-22,Melissaside,Hawaii,India,5755163420,ramirezkelly@example.net,INS104092,2024-02-07,2026-08-07
4094,Sarah Moore,Female,1999-12-06,Fosterland,California,India,2543466077,kathleen19@example.net,INS104093,2024-05-29,2026-02-13
4095,Jesse Thompson,Female,1992-07-25,West Kyle,Texas,India,8958767366,sharonmarquez@example.net,INS104094,2025-05-09,2026-04-22
4096,Robert Hutchinson,Female,1976-11-02,Taylorborough,California,India,5289329976,audrey70@example.org,INS104095,2024-11-05,2026-07-24
4097,Mrs. Shelby Avery MD,Female,1979-04-21,Hillfurt,Virginia,India,7994418109,phyllissantiago@example.com,INS104096,2025-02-06,2026-04-28
4098,William Simpson,Male,1998-03-01,South Deborahshire,Utah,India,3954175897,amber81@example.org,INS104097,2024-09-26,2026-07-23
4099,James Shepard,Male,2007-05-20,West Brittanyville,West Virginia,India,2807205752,mendezjason@example.org,INS104098,2025-04-03,2026-03-07
4100,Kyle Burns,Female,1986-11-16,Bakerfurt,South Dakota,India,0524820672,juanfields@example.net,INS104099,2025-03-14,2026-08-26
4101,Clayton Dominguez,Male,1987-05-20,New Williamland,Utah,India,4835552345,anthonymurphy@example.net,INS104100,2024-10-02,2026-07-31
4102,Zachary Carlson,Female,1973-09-14,Micheletown,Illinois,India,3422498616,deckerjason@example.com,INS104101,2024-01-09,2026-02-21
4103,Andrew Ward,Male,1966-01-06,Middletontown,Missouri,India,4627326649,christinacurry@example.net,INS104102,2025-07-03,2025-10-15
4104,Charles Golden,Female,1992-03-12,North Robertberg,Minnesota,India,8273134786,matthewknapp@example.org,INS104103,2024-08-13,2026-05-05
4105,Brianna Mclaughlin,Male,1967-01-06,East Jenniferberg,New Jersey,India,9980538645,elaine19@example.org,INS104104,2025-08-11,2026-08-16
4106,Robert Lopez MD,Male,1939-06-13,Jonathanland,Alabama,India,2412247489,robertgriffin@example.net,INS104105,2024-10-26,2025-11-06
4107,Daniel Hale,Female,1962-07-31,Rodriguezmouth,Mississippi,India,5119707401,grahambrenda@example.net,INS104106,2025-06-07,2026-05-03
4108,John Rodriguez,Female,1936-02-22,Jamieberg,Kentucky,India,8422144000,coffeypatrick@example.net,INS104107,2025-01-06,2026-04-16
4109,Larry Oconnor,Male,1952-05-31,Normanland,Massachusetts,India,9675689744,dtran@example.org,INS104108,2025-06-13,2026-09-21
4110,Donna Mcclure,Male,1945-08-29,Lake Sandraborough,Colorado,India,0592004036,austinaustin@example.com,INS104109,2025-03-22,2026-07-16
4111,Tonya Guerrero,Female,1975-06-15,Youngstad,Alabama,India,6480255619,christopher59@example.org,INS104110,2025-07-26,2025-10-11
4112,Rebecca Gonzalez,Male,2001-04-26,Kelleytown,Kansas,India,1668945351,heidilamb@example.net,INS104111,2024-01-04,2025-11-20
4113,Joshua Baldwin,Female,1982-12-06,Meganshire,Wyoming,India,6444791692,cmurphy@example.net,INS104112,2025-07-24,2026-03-05
4114,Dr. Kelly Harding,Female,1972-09-09,West Samuelville,Colorado,India,2891852531,pwilson@example.net,INS104113,2025-02-03,2026-08-26
4115,Ann Obrien,Male,1951-04-28,Robinburgh,Nevada,India,7843121446,nguyenpamela@example.org,INS104114,2024-12-07,2025-12-14
4116,Tyler Brown,Female,1969-03-22,Blakeborough,Massachusetts,India,7858654624,greenefrank@example.net,INS104115,2024-12-30,2026-05-15
4117,James Wagner,Male,1978-05-24,Lisaberg,Wisconsin,India,7404105784,bradyamber@example.net,INS104116,2025-09-28,2026-02-25
4118,Steven Turner,Male,1962-04-06,Olivermouth,Louisiana,India,0968810403,obuckley@example.com,INS104117,2024-05-17,2026-05-24
4119,Juan Neal,Female,2001-10-13,North Robert,Maryland,India,6542970574,mbryant@example.org,INS104118,2024-12-16,2026-06-14
4120,Carly Combs,Male,1964-07-22,Jennafort,Colorado,India,1079113507,robert68@example.net,INS104119,2024-02-21,2026-09-02
4121,David Watson,Female,1999-04-10,Morrisonbury,Florida,India,4077877863,lvelazquez@example.net,INS104120,2025-08-10,2025-12-03
4122,John Gordon,Female,1984-03-16,Lake Clintonbury,Hawaii,India,4638905286,katherine70@example.net,INS104121,2023-11-17,2026-06-01
4123,James White,Female,1973-05-06,Hernandezmouth,Oklahoma,India,5429783274,wmiller@example.org,INS104122,2025-05-06,2026-02-09
4124,Cynthia Fisher,Male,1942-10-04,Jamesbury,California,India,5923827258,william82@example.com,INS104123,2024-01-19,2026-06-18
4125,Richard Peters,Female,1948-03-06,Lake Patrickmouth,Mississippi,India,8809821101,bmorales@example.net,INS104124,2024-03-20,2026-09-09
4126,Stephanie Young,Male,1985-08-20,Adamsberg,Virginia,India,1469291194,josephclark@example.com,INS104125,2025-03-07,2026-04-29
4127,Miss Ashley Johnson,Female,1999-04-01,Seanfort,South Carolina,India,3308547539,rileyjohn@example.org,INS104126,2024-09-17,2025-10-28
4128,Morgan Rodriguez,Female,1960-12-31,Lake Daniellefurt,Iowa,India,5768564317,finleyjill@example.org,INS104127,2024-11-25,2025-10-15
4129,Jessica Hernandez,Female,1990-02-15,Williamville,Minnesota,India,3327896904,millerjennifer@example.com,INS104128,2023-12-03,2026-08-21
4130,Alicia Daniels,Male,1962-05-26,North Lisachester,Georgia,India,3406135592,jstewart@example.net,INS104129,2024-06-01,2026-05-15
4131,Mr. John Pierce,Male,1975-11-06,Lopezmouth,Mississippi,India,9730272834,juliebush@example.com,INS104130,2024-12-12,2026-09-04
4132,Benjamin James,Female,1998-07-07,East Maryfort,West Virginia,India,2129015284,davidlewis@example.com,INS104131,2025-02-16,2026-07-09
4133,Stephen Molina,Female,1965-01-14,Mahoneyfort,Oklahoma,India,2536844298,connor31@example.com,INS104132,2025-03-12,2026-03-09
4134,Jessica Steele,Male,1986-06-10,Katrinaview,Nevada,India,4350754226,chavezamanda@example.net,INS104133,2023-10-04,2026-03-13
4135,Rachel Foster,Male,1971-07-16,Davidhaven,Maine,India,9300439573,mtorres@example.net,INS104134,2025-05-09,2026-04-13
4136,Jill Mason,Male,1962-10-17,Oliviaview,Rhode Island,India,5643302052,mwilliams@example.com,INS104135,2024-07-06,2026-07-09
4137,John May,Female,2002-09-02,Gibsonberg,South Carolina,India,0971404985,ereyes@example.com,INS104136,2024-09-08,2026-08-10
4138,Ashley Lee,Male,1947-01-08,North James,Ohio,India,7384069753,griffinwilliam@example.com,INS104137,2025-02-22,2025-12-02
4139,Kyle Roberts,Female,1985-02-07,Jonathanside,Kentucky,India,3342766113,jenny68@example.net,INS104138,2024-01-19,2026-01-09
4140,Mr. Joseph Solis,Male,1992-05-25,Lake Hayley,Delaware,India,5007366174,crawfordphillip@example.com,INS104139,2023-10-29,2026-02-15
4141,Amber Santiago,Female,1980-08-14,East Johnmouth,Washington,India,3364423105,knoxstephen@example.net,INS104140,2025-03-27,2026-06-13
4142,Joshua Peters,Female,1964-01-28,Alisonfort,Louisiana,India,9695399276,leekenneth@example.org,INS104141,2023-12-05,2025-10-07
4143,Tracy Smith,Female,1958-05-23,South Cynthiachester,Wyoming,India,5755523020,qgrimes@example.org,INS104142,2024-05-09,2025-12-17
4144,Virginia Ford,Male,1988-11-03,Alvaradomouth,Ohio,India,5418152982,nlawson@example.org,INS104143,2025-02-17,2025-10-29
4145,Micheal Cherry,Male,1940-03-12,Melissaton,Alabama,India,6465954273,carolyn07@example.org,INS104144,2024-03-02,2026-01-13
4146,Carl Foster,Male,1982-12-08,Angelafort,North Dakota,India,8932733759,jonesjamie@example.com,INS104145,2024-01-12,2025-12-14
4147,Alexa Lucas,Female,1975-02-10,Port Antonio,Arizona,India,2754980337,alexgolden@example.com,INS104146,2024-07-02,2025-11-01
4148,Anthony King,Female,1961-09-29,Bradleyview,Virginia,India,9769857629,kimberlylewis@example.net,INS104147,2025-07-23,2026-09-05
4149,Katherine Calhoun,Male,1958-04-16,Heatherview,Alabama,India,6609582008,martinezkaylee@example.org,INS104148,2024-08-10,2026-05-02
4150,Gabriel Pacheco,Female,1942-06-06,Eugenehaven,Vermont,India,2169326025,marciacastillo@example.com,INS104149,2025-07-15,2025-12-29
4151,Dawn Mcclure,Female,2004-02-27,Smithbury,Vermont,India,6422664594,lindamcbride@example.com,INS104150,2023-11-14,2026-01-20
4152,Michael Rocha,Female,1954-11-05,Jamesbury,New York,India,3710241016,samanthahayden@example.org,INS104151,2025-05-11,2026-01-23
4153,Michael Cooper,Male,1979-09-26,East John,Louisiana,India,5010168888,david86@example.net,INS104152,2024-02-22,2026-03-21
4154,Robert Ford,Female,1953-05-21,North Chad,Idaho,India,1822584021,amanda89@example.org,INS104153,2025-03-15,2026-08-18
4155,Sherry Valdez,Male,1994-02-26,Salinaston,Georgia,India,2917177670,mnewman@example.org,INS104154,2025-09-17,2025-10-12
4156,Amanda Pierce,Male,1950-08-06,East Michaelmouth,South Dakota,India,3262091979,anitapierce@example.org,INS104155,2024-08-17,2026-03-21
4157,Zachary Hardy,Male,2001-09-03,West Robertburgh,Virginia,India,7911490520,karencraig@example.com,INS104156,2023-12-26,2026-05-12
4158,Michelle Davis,Male,1995-03-11,Schmitthaven,Delaware,India,7541663888,terryjames@example.org,INS104157,2024-05-28,2026-05-17
4159,Nathan Cruz,Male,1993-02-03,Lake Scottburgh,Idaho,India,4627908673,reeveschristopher@example.org,INS104158,2024-12-16,2026-01-25
4160,Caitlin Hoffman,Female,1964-02-26,Feliciafort,Oregon,India,9599646737,stevensthomas@example.net,INS104159,2024-09-13,2026-03-16
4161,Jacqueline Allen,Male,1978-09-02,Gonzalesfurt,Alabama,India,6103724469,ngarcia@example.org,INS104160,2025-08-04,2026-02-01
4162,Cristina Hess,Male,1977-09-19,New Renee,Nevada,India,7140178304,garciaraymond@example.org,INS104161,2024-03-14,2026-05-25
4163,Lisa Sharp,Male,1970-11-06,North Edward,North Dakota,India,0369787577,theresahart@example.com,INS104162,2025-07-24,2026-03-29
4164,Nicholas Lambert,Female,1973-08-19,Reedland,Pennsylvania,India,3143601258,nicole85@example.com,INS104163,2024-12-29,2026-01-09
4165,Jennifer Fisher,Female,1939-12-30,North Thomasland,Oklahoma,India,4811451570,teresahamilton@example.net,INS104164,2024-11-17,2025-11-03
4166,Michael Guerrero,Female,1944-06-03,Davisfurt,Montana,India,9097077847,williamsmichael@example.com,INS104165,2023-10-18,2026-08-08
4167,April Mckee,Female,1953-06-30,Christophertown,Kansas,India,9212985749,wbennett@example.net,INS104166,2025-06-23,2026-01-17
4168,Timothy Bishop,Male,1971-10-21,Frenchview,Rhode Island,India,7679152265,karenfoley@example.org,INS104167,2024-07-16,2026-05-12
4169,Tammy Garcia,Male,1946-06-25,Janettown,Illinois,India,8324522727,hicksandrew@example.org,INS104168,2023-11-01,2026-03-02
4170,Dustin Clark,Female,1989-07-04,South George,Maine,India,2429767093,christopher80@example.com,INS104169,2024-03-31,2025-12-14
4171,Cindy Vega,Female,1971-04-09,Millerfort,Georgia,India,8827183089,mary07@example.com,INS104170,2024-10-23,2025-12-07
4172,Heather Patton,Female,1988-06-26,West Jerrymouth,Idaho,India,9073436108,cblankenship@example.com,INS104171,2024-04-07,2025-12-19
4173,Carolyn Molina,Female,1973-05-30,Saundersmouth,South Carolina,India,2507244232,nunezsteve@example.org,INS104172,2024-10-18,2026-09-13
4174,Cynthia Clarke,Male,1951-03-05,South Debra,Virginia,India,6797886770,jared17@example.org,INS104173,2024-01-22,2026-01-11
4175,Michelle Curtis,Female,1957-05-27,South Brianland,New Mexico,India,7135589555,christy69@example.net,INS104174,2024-05-02,2026-05-27
4176,Robert Carroll,Female,2007-02-18,Lake Patricia,Maine,India,8118607195,vwalker@example.org,INS104175,2025-03-24,2025-12-11
4177,Timothy Buckley,Female,1983-11-12,West Edward,Delaware,India,2004961730,shill@example.com,INS104176,2024-05-28,2026-06-19
4178,Stephanie Simon,Female,2001-07-23,West Amy,Montana,India,7830206131,briangrant@example.com,INS104177,2024-07-27,2026-09-08
4179,Amy Wilson,Female,1962-06-15,North Sara,Oregon,India,5001480726,mariarobinson@example.net,INS104178,2025-03-18,2026-03-01
4180,Lisa Mckay,Female,1965-01-31,East Melissahaven,Nebraska,India,3593122776,gdavid@example.org,INS104179,2023-10-27,2025-11-13
4181,Lisa Stout,Female,1937-12-05,Foleyside,Iowa,India,0239272069,jimmyanderson@example.com,INS104180,2024-05-25,2025-12-30
4182,Justin Thomas,Male,1940-09-04,Tinamouth,Tennessee,India,9623078191,smithmary@example.org,INS104181,2024-02-25,2026-04-12
4183,Kara Stone,Male,1960-04-23,Hendrixchester,Montana,India,5484774321,danielsscott@example.org,INS104182,2024-09-30,2026-02-27
4184,Jesse Moore,Male,1950-04-15,West Ann,Vermont,India,0081841664,kerryevans@example.net,INS104183,2025-09-29,2026-02-13
4185,Erica Frye,Male,1979-02-14,New Michaelchester,West Virginia,India,5311455726,lindseysmith@example.org,INS104184,2025-09-17,2026-06-08
4186,Melanie Madden,Male,1971-06-23,Lake Jenniferton,Texas,India,6001287786,johnmelton@example.org,INS104185,2024-03-20,2026-06-04
4187,Austin Jordan,Male,1939-08-28,North Derekburgh,North Dakota,India,9831467723,jeremiahjohnson@example.com,INS104186,2025-07-19,2026-07-13
4188,Aaron Vargas,Female,1987-12-02,Emilystad,South Carolina,India,5185214062,justinmendez@example.org,INS104187,2024-06-14,2026-05-25
4189,Daniel Walker,Female,2005-01-22,Christopherland,Minnesota,India,3289188332,angelamcdaniel@example.org,INS104188,2024-02-28,2026-09-26
4190,Shelley Romero,Male,1999-12-27,Buckleyburgh,Indiana,India,0453072292,zachary38@example.org,INS104189,2024-08-10,2026-09-23
4191,Jonathan Ferguson,Female,1946-01-30,Jasonshire,Colorado,India,8998407156,duncancolton@example.org,INS104190,2024-07-29,2026-09-06
4192,Mr. Vincent Weber,Male,1973-07-16,Nicolasside,Alaska,India,4904393067,barbaramay@example.org,INS104191,2025-07-08,2026-08-27
4193,Diamond Conner,Female,1952-08-22,Lake Erik,New Hampshire,India,9922714329,msmith@example.org,INS104192,2024-02-17,2026-07-03
4194,Ronald Caldwell,Female,1954-03-12,Hodgestad,Arkansas,India,3423683925,phillipsjeremy@example.net,INS104193,2025-03-13,2026-09-18
4195,Eric Nelson,Female,1946-01-03,Jacobburgh,Virginia,India,0789460287,carrie17@example.org,INS104194,2025-07-30,2026-04-28
4196,Sherry Salinas,Female,1963-05-16,Nelsonburgh,West Virginia,India,7925391821,harrisvirginia@example.com,INS104195,2023-10-19,2025-10-03
4197,Samuel Davis,Female,1994-12-14,Aaronshire,Illinois,India,9515117002,thomas77@example.org,INS104196,2025-09-19,2026-05-20
4198,Karen Espinoza,Female,1970-06-25,New Barbara,Vermont,India,5320403186,shannonmeghan@example.com,INS104197,2024-02-20,2026-03-31
4199,Rhonda Underwood,Male,1968-07-01,Leeside,Florida,India,7291679160,sarahduffy@example.org,INS104198,2024-05-04,2026-02-18
4200,Kimberly Dean,Male,1938-10-06,South Justin,Georgia,India,8580452583,michael67@example.net,INS104199,2025-03-20,2026-06-25
4201,Bobby Bender,Female,2006-12-02,North Shannonville,New Mexico,India,0241138628,brandy34@example.com,INS104200,2024-09-19,2026-07-10
4202,Brandon Valencia,Male,2003-05-04,Samuelview,Washington,India,2810319416,kcarrillo@example.org,INS104201,2025-04-10,2026-03-28
4203,Joseph Reid,Female,1985-11-10,West Davidhaven,Illinois,India,1130335328,fwilson@example.org,INS104202,2023-10-21,2026-05-24
4204,Mark Rodriguez,Male,1976-08-16,New Amber,Utah,India,4579887049,powellscott@example.org,INS104203,2025-08-08,2026-01-08
4205,Tina Johnson,Female,1980-11-19,New Katie,Illinois,India,2858290613,adam74@example.org,INS104204,2025-08-10,2026-09-04
4206,Manuel Ford DDS,Male,1946-02-14,New Scottfort,Maryland,India,0220689930,amber98@example.net,INS104205,2024-07-11,2026-09-23
4207,Rachel Williams,Female,1985-06-06,New Elizabethmouth,Florida,India,9904605639,csavage@example.net,INS104206,2024-12-23,2025-10-14
4208,Dylan Garcia,Male,1967-04-10,New Vincent,North Carolina,India,8797431789,michelle77@example.com,INS104207,2025-09-04,2026-04-17
4209,Christine Nguyen,Female,1994-01-13,West Jennifermouth,Louisiana,India,4055635007,alvaradojennifer@example.com,INS104208,2023-11-14,2026-01-27
4210,Shannon Campbell,Male,1969-09-21,New Michealhaven,Nevada,India,0615480598,trodriguez@example.com,INS104209,2025-06-19,2026-02-03
4211,Michele Fleming,Female,1994-05-14,Campbellmouth,New Mexico,India,3988248927,holly91@example.com,INS104210,2024-08-07,2026-06-16
4212,John Lee,Female,1943-01-11,West Nicoleburgh,Nevada,India,5938187761,brianfrench@example.net,INS104211,2025-04-06,2026-03-24
4213,Raymond Kent,Female,1992-09-19,Jeffreyview,Louisiana,India,0004640557,brendawyatt@example.com,INS104212,2024-12-05,2026-04-01
4214,Robert Pineda,Male,1962-02-21,Jamiechester,Washington,India,7828393104,mariahernandez@example.net,INS104213,2023-10-21,2026-01-02
4215,Edwin Olsen,Male,1950-02-10,South Jenniferberg,Tennessee,India,7931131944,logankaren@example.com,INS104214,2024-08-10,2026-01-18
4216,Jennifer Garcia DDS,Male,1981-08-20,Port Ericton,Alaska,India,7416493031,greid@example.net,INS104215,2024-10-30,2026-09-05
4217,Jesse Knight,Female,1987-02-24,South Jacobside,Maryland,India,8778740795,bradforddarlene@example.net,INS104216,2025-07-10,2026-09-13
4218,David Brooks,Male,2001-06-05,Lake Jeremybury,Wyoming,India,3739430572,jarias@example.com,INS104217,2024-08-13,2025-12-29
4219,Christopher Bradley,Female,2002-07-14,East Brian,Massachusetts,India,0055366702,bjones@example.org,INS104218,2025-07-06,2026-04-14
4220,John Sawyer,Male,1964-07-25,Robertville,Nevada,India,9850204865,michelle18@example.org,INS104219,2025-08-02,2026-01-09
4221,Edward Thompson,Male,1993-05-08,Ryanberg,West Virginia,India,5565961017,koliver@example.com,INS104220,2024-12-26,2026-08-25
4222,Angela Wang,Male,1951-08-21,South Williamhaven,Texas,India,2255439979,janicewebb@example.net,INS104221,2024-04-03,2026-07-24
4223,Jeffrey King,Male,1939-12-24,Port Monica,Illinois,India,8950366376,anna68@example.com,INS104222,2025-09-24,2026-06-24
4224,Timothy Smith,Female,1988-11-08,Theresabury,Montana,India,2920477205,vmora@example.org,INS104223,2025-02-15,2026-03-29
4225,Caroline Davis,Male,1976-11-24,North Karen,Iowa,India,8711736984,gonzalezashley@example.com,INS104224,2024-12-11,2026-06-01
4226,Steven David,Male,2007-07-30,Lake Heather,Montana,India,7511595609,perezblake@example.org,INS104225,2025-08-29,2026-07-18
4227,Michael Chavez,Female,1979-04-10,Michaelstad,Michigan,India,7266148803,nathanielrollins@example.com,INS104226,2023-10-25,2026-07-14
4228,Melissa Dean,Female,1950-03-12,Toniville,New Jersey,India,0601948806,megancastro@example.com,INS104227,2025-01-10,2026-01-25
4229,Jordan Burton,Male,1998-08-16,East Maxwell,Alabama,India,4444836823,mosleyjoseph@example.com,INS104228,2024-11-06,2025-12-07
4230,Amanda Guzman,Male,1966-12-16,Port Ryanfurt,Rhode Island,India,7855662330,haileygonzalez@example.net,INS104229,2024-07-10,2026-04-14
4231,Jennifer Vaughan,Female,1944-07-26,Fishermouth,Alabama,India,7470411953,james93@example.org,INS104230,2024-06-08,2026-07-17
4232,Amanda Martin,Female,1981-03-05,West Jonathan,Illinois,India,4850520525,ehayes@example.net,INS104231,2024-11-22,2026-03-02
4233,David Carr,Female,1997-09-08,Lake Richardburgh,Massachusetts,India,5122456142,diane62@example.com,INS104232,2024-07-13,2025-10-18
4234,Nicholas Wolfe,Male,2007-01-26,West Anne,Florida,India,6458959099,wnelson@example.com,INS104233,2025-03-16,2026-07-21
4235,Rachael Oconnor,Male,1972-11-28,East Karenville,New Mexico,India,5868925720,adkinsmichelle@example.com,INS104234,2024-04-24,2026-03-01
4236,Todd Steele,Male,1992-12-13,Kristinaville,Alabama,India,1738076376,carly36@example.com,INS104235,2025-08-02,2026-09-18
4237,Haley Fields,Female,1957-02-14,Richardsonport,Arizona,India,4089216198,bakerlinda@example.net,INS104236,2025-01-31,2025-12-24
4238,David Smith,Female,1940-12-11,Karenville,Alaska,India,5684134850,whitejessica@example.org,INS104237,2024-11-16,2026-01-26
4239,Kimberly Hamilton,Female,1942-01-27,Williamsberg,Virginia,India,3151271465,vhernandez@example.com,INS104238,2024-08-17,2026-09-26
4240,Mark Smith,Male,1944-04-17,Melindafurt,Georgia,India,1049208649,sherrythomas@example.com,INS104239,2025-05-05,2026-05-09
4241,Kenneth Rodriguez,Female,1980-10-22,Lake Jamesberg,California,India,1493174210,melinda59@example.com,INS104240,2024-10-07,2026-03-12
4242,Nathan Powell,Male,1975-05-08,New Troyfort,New Mexico,India,2117743833,ryates@example.com,INS104241,2025-03-23,2025-12-05
4243,Michael Johnson,Female,2006-12-09,New Michelefurt,Ohio,India,5493931908,jamesconrad@example.net,INS104242,2024-05-17,2026-02-22
4244,Deborah Martin,Male,1962-12-29,Conleyton,Montana,India,5167654897,willismeredith@example.org,INS104243,2024-05-12,2026-09-23
4245,Christopher Young,Male,1997-03-22,West Stephenberg,Washington,India,2064736585,dcampos@example.com,INS104244,2025-01-01,2026-08-24
4246,Megan Davis,Female,2006-10-27,East Jessicafort,Illinois,India,2554604211,umiddleton@example.com,INS104245,2024-06-25,2025-10-18
4247,Lori Cobb,Male,2006-05-19,Rickeyview,South Dakota,India,5163384839,fowen@example.org,INS104246,2024-11-11,2026-01-03
4248,Kim Berry,Female,1998-11-05,North Lindsay,North Carolina,India,4287153461,ktucker@example.net,INS104247,2024-01-24,2026-09-20
4249,Marc Myers,Male,1989-11-30,West Ambermouth,South Dakota,India,6198427028,zweaver@example.com,INS104248,2024-04-02,2026-05-10
4250,Kevin Morris,Female,2005-01-05,West Jasonbury,Wisconsin,India,9501308176,josephwhite@example.org,INS104249,2025-01-05,2025-11-02
4251,Julie Jacobs,Female,1936-07-18,Laurenmouth,North Carolina,India,2414516140,kimberly50@example.net,INS104250,2024-05-10,2025-12-30
4252,Stuart Villarreal,Male,1990-11-19,Carterburgh,Vermont,India,6670326572,iortiz@example.org,INS104251,2024-07-07,2025-11-30
4253,Mackenzie Wilson,Female,1986-10-20,Teresahaven,North Dakota,India,1615859368,ramirezjessica@example.net,INS104252,2024-08-26,2026-03-09
4254,Victoria Scott,Male,1964-01-13,Port Heather,Tennessee,India,2836426274,callahanlori@example.org,INS104253,2025-05-10,2025-10-06
4255,Jill Murphy DVM,Female,1942-02-26,West Rachelside,Iowa,India,9098491851,thomas24@example.org,INS104254,2024-06-07,2025-11-19
4256,Elizabeth Clark,Female,1936-01-03,East Aaron,Ohio,India,7114606693,monica75@example.com,INS104255,2024-02-21,2026-05-07
4257,Russell Kramer,Female,1990-05-31,Zacharyfurt,Arizona,India,3567994323,stephendixon@example.com,INS104256,2024-02-27,2026-03-14
4258,David Murphy,Female,2006-08-13,North Linda,Minnesota,India,4828806904,wellspatrick@example.org,INS104257,2025-05-09,2025-10-15
4259,Jaclyn Jones,Male,2004-06-28,Coxtown,Alaska,India,7374423582,zcollins@example.org,INS104258,2023-11-16,2026-08-04
4260,Gina Jensen,Female,1958-01-07,Deanhaven,Virginia,India,4718623729,kristen10@example.com,INS104259,2025-07-05,2025-11-16
4261,Catherine Reyes,Female,1940-08-01,North Ryan,Louisiana,India,5450617126,tneal@example.org,INS104260,2024-04-12,2026-08-03
4262,Charles Neal,Male,1936-03-13,East Nathanberg,Alaska,India,6027950697,williammoore@example.net,INS104261,2024-12-04,2026-02-28
4263,Robert Fitzpatrick,Male,2005-07-22,West Matthew,Connecticut,India,1302437041,charles61@example.net,INS104262,2024-06-03,2025-10-21
4264,Julie Pearson,Male,1980-04-01,North Alexander,Georgia,India,0022009937,mistyespinoza@example.com,INS104263,2024-05-03,2026-02-19
4265,Kathy Schultz,Male,1999-04-12,Wayneport,Rhode Island,India,7919107443,fmeyers@example.org,INS104264,2025-03-21,2025-12-14
4266,Katherine Stewart,Male,1968-06-22,Ethanchester,Missouri,India,8777825671,bethrobertson@example.com,INS104265,2025-02-09,2026-09-30
4267,Kenneth Taylor,Male,1948-05-10,Port Shellyton,Arizona,India,9260684918,anthony04@example.org,INS104266,2025-04-22,2026-05-16
4268,Carlos Bruce,Female,1962-10-23,North Kylefort,Maryland,India,1613605947,kevinkirk@example.net,INS104267,2024-08-23,2026-03-27
4269,Brett Ryan,Male,1989-04-10,South Melissa,Oregon,India,4532479704,alexmeyer@example.com,INS104268,2024-11-09,2026-04-11
4270,Sarah Mcneil,Female,1938-10-20,West Alexa,South Dakota,India,6893638951,jonesnancy@example.org,INS104269,2024-01-08,2026-03-22
4271,Christina Singleton,Male,1980-05-07,Lake Daniel,Wisconsin,India,1748839558,ryancampbell@example.com,INS104270,2025-06-20,2026-01-29
4272,Scott Sanders,Female,1950-05-22,New Brian,Virginia,India,0848810296,nicholas64@example.org,INS104271,2024-04-10,2026-03-27
4273,Paige Coleman,Female,1964-05-21,Dennisport,Colorado,India,1538016103,xcarpenter@example.net,INS104272,2024-04-14,2026-06-20
4274,Sarah Henderson,Female,1943-10-28,South Veronicaport,New York,India,3715897397,hturner@example.org,INS104273,2025-05-29,2026-03-26
4275,Heather Bailey,Male,1951-03-31,New William,Ohio,India,2319624144,fgarner@example.com,INS104274,2023-11-13,2026-03-03
4276,Christina Ross,Male,1974-02-04,Lake Michelle,Missouri,India,3938004266,christian41@example.com,INS104275,2025-02-01,2026-01-11
4277,Kimberly Moore,Male,1959-07-14,North Louis,New Jersey,India,9312623059,nicolejensen@example.net,INS104276,2024-05-31,2025-10-02
4278,Tracey Holmes,Male,1954-08-20,Deleontown,Nevada,India,7913531955,carlathomas@example.org,INS104277,2025-08-14,2025-10-09
4279,Lori Castillo,Female,1977-05-12,South Angelchester,Louisiana,India,4018389690,ramirezdawn@example.org,INS104278,2024-02-06,2025-10-30
4280,Amanda Murphy,Male,2007-09-23,Mccoyview,Vermont,India,4032482510,rachel92@example.org,INS104279,2025-05-03,2026-02-03
4281,Kelly Johnson MD,Female,2003-07-26,Josephbury,Maryland,India,7498403631,james53@example.org,INS104280,2024-05-29,2026-02-21
4282,Evan Turner,Female,1952-02-05,Garciaborough,West Virginia,India,2433002721,sherrymiranda@example.org,INS104281,2024-01-01,2026-01-11
4283,Travis Hunter,Male,2002-11-19,Novakmouth,Minnesota,India,2445444752,jenniferrobinson@example.com,INS104282,2024-06-28,2025-12-08
4284,John Williams,Male,1954-08-06,Thompsonmouth,West Virginia,India,9494477175,johnsonjacob@example.net,INS104283,2023-11-26,2026-05-02
4285,Bethany Fox,Male,2000-12-29,West Andrea,Pennsylvania,India,6349676022,garciarachel@example.org,INS104284,2024-04-20,2026-03-16
4286,Connie Gay,Female,1961-04-03,Wongfort,Nebraska,India,9600597477,anthonynelson@example.org,INS104285,2025-04-20,2025-11-07
4287,Carrie Johnson,Male,1957-01-20,East Amandaside,Pennsylvania,India,4292877880,tammymiller@example.com,INS104286,2025-02-23,2026-08-19
4288,Teresa Kelly,Female,1967-07-03,Lake Michael,Missouri,India,6829281498,richardhebert@example.org,INS104287,2025-08-24,2026-04-08
4289,Clinton Nichols,Male,1996-12-28,Tiffanystad,Arizona,India,9355632766,jallen@example.org,INS104288,2025-07-19,2026-09-26
4290,Rebecca Randolph,Female,1936-07-17,Port Annaville,Utah,India,9499051191,xhodge@example.com,INS104289,2023-12-01,2026-03-01
4291,Regina Hubbard,Male,1937-12-07,Erikchester,Michigan,India,1492714311,michelle54@example.com,INS104290,2024-07-17,2026-07-16
4292,Jack Hall,Male,1976-06-20,New Tanyafort,North Dakota,India,5813395156,david85@example.org,INS104291,2023-10-01,2026-06-22
4293,Julie Jones,Female,1942-01-30,Evansmouth,Rhode Island,India,7887404205,sandra97@example.net,INS104292,2024-11-15,2025-10-30
4294,Chloe Lane,Male,1949-05-22,Bookermouth,Missouri,India,3946403230,oskinner@example.com,INS104293,2023-11-05,2026-04-01
4295,Valerie Wong,Male,1952-02-20,North Elizabethtown,Wisconsin,India,1931711076,daniel79@example.net,INS104294,2024-04-08,2026-07-15
4296,Jorge Everett,Male,1965-11-21,Lake Emilyport,North Carolina,India,1707564262,kellyjeffrey@example.org,INS104295,2024-07-03,2026-08-06
4297,Jennifer Rivera,Male,1965-05-14,East Jamiebury,Mississippi,India,5443951613,faith07@example.net,INS104296,2025-07-27,2026-06-06
4298,Stephanie Monroe,Male,2002-02-21,Lake Kevin,South Dakota,India,8398461384,katherine63@example.org,INS104297,2025-07-10,2026-07-22
4299,Shannon Murray,Male,1939-11-23,North Michelle,Missouri,India,9933347258,bryanflores@example.org,INS104298,2025-07-29,2026-04-02
4300,Jason Fisher,Male,1994-04-19,Port Patriciachester,New Jersey,India,2283829907,angela81@example.com,INS104299,2024-01-23,2026-02-02
4301,Christopher Campbell,Female,1957-07-30,Medinamouth,Maine,India,8466123117,efox@example.org,INS104300,2023-11-19,2026-04-25
4302,Jonathan Forbes,Female,1991-07-01,Hallville,Vermont,India,5190945979,jeremybutler@example.org,INS104301,2024-09-03,2026-03-21
4303,Melanie Wilson,Male,1947-01-13,Lake Marcus,West Virginia,India,9683742913,taylorsherry@example.net,INS104302,2024-01-01,2026-06-05
4304,Joseph Scott,Male,2004-10-01,Amyfurt,Rhode Island,India,2565912111,jessicahoffman@example.net,INS104303,2025-09-13,2026-09-13
4305,Sharon Castro,Male,1967-05-02,Martinezbury,Georgia,India,6745935403,hillpaula@example.net,INS104304,2024-07-17,2026-03-28
4306,Sarah Robinson,Female,1966-04-13,East Danamouth,Illinois,India,4683958745,sarafinley@example.org,INS104305,2024-12-16,2025-10-02
4307,Tracy Montes,Female,1999-10-19,West Deanna,Rhode Island,India,4729930633,joe39@example.net,INS104306,2025-04-01,2025-11-20
4308,Carol Sharp,Male,1979-10-27,Shaunshire,Massachusetts,India,4247182570,rterry@example.net,INS104307,2024-07-11,2025-10-06
4309,Joseph Davidson,Female,1944-12-11,North Jamesland,West Virginia,India,7407566541,brittney64@example.net,INS104308,2024-10-27,2026-02-05
4310,Michelle Taylor,Male,1963-04-05,Ralphside,Alabama,India,9400130895,ericwilliams@example.org,INS104309,2025-09-06,2026-01-07
4311,Joseph Johnson,Male,1996-09-27,South Xavier,New Jersey,India,5261850547,amandamartinez@example.org,INS104310,2024-05-22,2026-01-27
4312,Jonathan Miller,Male,1950-02-06,Dunlapland,Alabama,India,9272736288,stephaniewise@example.org,INS104311,2023-11-09,2026-06-24
4313,Rodney Mclaughlin,Male,1944-03-28,Lake Jonathan,North Dakota,India,2657643825,sbright@example.com,INS104312,2025-02-02,2026-01-16
4314,Rebecca Jimenez,Female,1962-08-31,East Thomasville,Oregon,India,9869689719,tlee@example.com,INS104313,2024-01-30,2026-04-05
4315,Jennifer Vargas,Female,1977-08-22,Sanchezfort,New York,India,9188682608,tracy38@example.org,INS104314,2023-12-25,2026-09-20
4316,Angela Garcia,Male,1977-12-24,Mcdanielview,Connecticut,India,2956076913,ysantana@example.com,INS104315,2024-05-12,2026-04-26
4317,Andre House,Female,1965-04-10,New Darrell,Indiana,India,0680886131,kmorales@example.net,INS104316,2024-04-30,2026-08-22
4318,Kristen Brown,Female,1965-09-03,East Gloria,Alabama,India,4288882788,goodmansavannah@example.net,INS104317,2024-10-17,2026-07-11
4319,David Green,Male,1947-04-18,Potterfurt,Florida,India,0815869787,tyler79@example.org,INS104318,2025-08-12,2025-11-20
4320,Mr. Paul Powers,Female,1984-02-10,New Michelletown,Idaho,India,7055815970,fyoung@example.org,INS104319,2025-08-31,2026-01-31
4321,Matthew George,Male,1941-12-18,Annaside,Iowa,India,9900590845,sthomas@example.com,INS104320,2025-02-03,2026-09-07
4322,Joseph Foster,Male,1947-08-29,Stephensmouth,Kansas,India,8273867834,martinbailey@example.org,INS104321,2025-03-14,2026-04-11
4323,Beth Davis,Male,1944-10-27,Dillonbury,Minnesota,India,2387694776,davisjulie@example.com,INS104322,2025-04-06,2025-11-28
4324,Michelle Roberts DVM,Male,2006-03-29,Lake Jonathanfort,California,India,2925794029,julie65@example.com,INS104323,2024-11-11,2026-04-08
4325,Angela Murphy,Female,1942-03-11,Stephensfort,New Jersey,India,3738665642,jamesjohnson@example.org,INS104324,2023-12-04,2026-03-18
4326,James Clark,Male,1956-12-21,North Eileen,Pennsylvania,India,2720644296,lmanning@example.net,INS104325,2024-03-23,2025-10-21
4327,Samantha Ochoa,Female,1944-04-30,Mendozaton,Nebraska,India,0281760339,michelleashley@example.net,INS104326,2024-12-14,2026-08-02
4328,Dennis Sanchez,Male,1964-11-04,South Aprilmouth,Wisconsin,India,1372036216,meganhudson@example.org,INS104327,2024-09-05,2026-04-07
4329,Christian Smith,Male,1985-02-08,New Jayborough,Florida,India,7276422557,richard19@example.org,INS104328,2025-08-09,2025-12-04
4330,Sherri Velazquez,Female,1941-03-12,Sandraborough,Georgia,India,4795238022,zedwards@example.org,INS104329,2024-12-01,2026-02-09
4331,Michael Moore,Male,1962-01-29,Cynthiamouth,Oregon,India,6406330666,albert24@example.org,INS104330,2024-06-12,2026-06-05
4332,Ronald Leblanc,Female,1967-09-10,Danielton,Washington,India,6697818549,osmith@example.net,INS104331,2025-09-04,2025-12-13
4333,Savannah Baxter,Female,2000-07-23,North Rachel,Minnesota,India,6440337832,hudsonmartin@example.net,INS104332,2025-01-14,2026-01-18
4334,Kenneth Roth,Male,1975-05-15,West Michael,New York,India,0428754958,lucasmartinez@example.com,INS104333,2024-05-03,2026-07-04
4335,Erik Smith,Male,1937-12-25,West Timothy,West Virginia,India,6569804737,ryandavis@example.com,INS104334,2024-08-05,2026-03-21
4336,Donald Robertson,Male,1949-09-15,Calderonfort,Nevada,India,7911425920,davidarmstrong@example.net,INS104335,2024-03-06,2026-07-21
4337,Leslie Perry,Male,1978-05-03,Paceville,Hawaii,India,0943311806,wwalsh@example.org,INS104336,2025-09-03,2025-10-31
4338,Michael Brown,Male,2002-05-26,Simpsonton,Louisiana,India,1496487927,zpowell@example.org,INS104337,2024-10-21,2025-12-14
4339,George Thompson,Male,1941-07-05,West Toddberg,Vermont,India,0981239263,lmiller@example.net,INS104338,2025-07-08,2026-08-11
4340,Jacob Gonzalez,Female,1963-05-27,South Danielfort,North Carolina,India,1495480275,jamesscott@example.net,INS104339,2023-12-13,2025-12-27
4341,Barbara Blair,Female,1996-12-05,Port Catherine,Iowa,India,4882002385,dday@example.com,INS104340,2025-09-26,2025-12-23
4342,Heidi Gordon,Male,1957-01-17,Shannonside,Colorado,India,7422000489,williamthomas@example.net,INS104341,2025-03-17,2025-10-31
4343,Haley Carr,Female,1943-04-28,Pambury,Wisconsin,India,9908486651,bethany01@example.com,INS104342,2025-08-21,2026-08-23
4344,Steven Daniels,Female,1957-08-22,Valeriebury,Rhode Island,India,4025438713,beanelizabeth@example.com,INS104343,2025-08-03,2026-08-03
4345,Nicholas Smith,Male,1948-01-28,North Donald,New York,India,3737024506,sharontorres@example.net,INS104344,2025-09-17,2026-01-07
4346,Candice White,Male,1952-06-20,New Tracy,Tennessee,India,8348634249,garyharris@example.org,INS104345,2023-12-04,2026-08-28
4347,James Jones,Female,1980-03-24,Charlesbury,Wyoming,India,2019035407,joseph78@example.net,INS104346,2024-02-24,2026-09-25
4348,Katherine Hobbs,Male,1978-10-19,West Nicoleland,Wyoming,India,0810881787,stevengomez@example.com,INS104347,2024-03-31,2025-11-19
4349,Katherine Henry,Female,1964-04-02,Lake Mark,Wyoming,India,0339627586,imacdonald@example.org,INS104348,2024-06-05,2025-10-06
4350,Nicholas Flores,Male,1944-03-08,Port Marcus,West Virginia,India,1817963524,robert54@example.org,INS104349,2023-10-31,2026-03-11
4351,Ashley Lane,Female,1966-11-12,Pricestad,Washington,India,8632856939,vlee@example.net,INS104350,2025-01-10,2026-05-30
4352,Gabrielle Hernandez,Female,1967-02-05,Hamptonmouth,North Dakota,India,8355021032,zscott@example.net,INS104351,2025-09-15,2026-01-23
4353,Phillip Simon IV,Female,1979-12-22,South Kaitlynmouth,Maryland,India,7678823947,richardmack@example.org,INS104352,2024-04-14,2025-10-19
4354,Erica Caldwell,Female,1953-06-12,Williamfurt,Maine,India,7892514754,erik76@example.org,INS104353,2024-05-04,2026-05-25
4355,John Williamson,Male,1945-10-10,Mollyville,Maryland,India,4163735352,sellis@example.com,INS104354,2024-02-24,2025-11-29
4356,Todd Stark,Male,1951-04-28,Michelleside,Arkansas,India,7269978167,danielchristopher@example.com,INS104355,2023-11-28,2025-11-21
4357,Jill Oconnor,Female,1990-12-25,Thomaston,Missouri,India,1822189257,isabel03@example.org,INS104356,2024-03-04,2026-05-07
4358,Gary Griffin,Female,1958-12-10,New Erikport,South Carolina,India,7263008945,john79@example.net,INS104357,2024-11-18,2025-11-23
4359,Amanda Scott,Male,1998-12-25,New Alejandro,North Carolina,India,4050528732,bookerjaime@example.org,INS104358,2024-12-02,2026-01-26
4360,Albert Love,Male,1968-03-24,Port Kristen,Oklahoma,India,9572758974,blairbrenda@example.net,INS104359,2025-08-14,2026-07-05
4361,Matthew Harris,Female,1979-08-20,Lake Joeshire,Delaware,India,2368278023,bgreer@example.com,INS104360,2024-11-08,2026-01-03
4362,Christine Hill,Female,1968-12-02,Port Steven,Wyoming,India,2464922778,scott15@example.org,INS104361,2024-08-18,2025-12-26
4363,Michael Jones,Female,1995-05-14,Mcknightton,Tennessee,India,4983681610,kristievans@example.com,INS104362,2025-02-22,2025-11-10
4364,James Daugherty,Female,1962-12-24,New Susan,Alaska,India,3747112141,greenwayne@example.org,INS104363,2025-07-23,2025-12-21
4365,Nicole Good,Female,1990-07-01,Brownland,South Carolina,India,9450856813,srojas@example.net,INS104364,2023-12-10,2026-07-09
4366,Dennis Anderson,Male,1951-12-30,East Michaelport,Maryland,India,4657046635,clarkemichael@example.org,INS104365,2025-03-09,2026-09-26
4367,Teresa Hernandez DVM,Female,1990-10-27,Lake William,New Hampshire,India,8321910274,xreynolds@example.net,INS104366,2025-03-31,2026-03-25
4368,Jonathan West,Male,1993-08-22,Roblesmouth,Wisconsin,India,8614434414,tonyamunoz@example.net,INS104367,2025-04-02,2026-03-04
4369,Michael Berry,Male,1959-09-25,South Glenda,Pennsylvania,India,4472824808,joywilliams@example.net,INS104368,2025-09-10,2026-04-24
4370,Larry Trujillo,Male,1971-06-01,New Jenniferchester,North Carolina,India,3613233515,andrew45@example.net,INS104369,2025-03-31,2026-04-08
4371,Colleen Washington,Female,1945-11-19,Stacyton,Massachusetts,India,6464906374,collinsedward@example.org,INS104370,2024-01-15,2026-07-01
4372,Nicholas Davila,Male,1937-08-17,Lisashire,North Carolina,India,8092453080,benjamin42@example.net,INS104371,2024-03-11,2026-01-05
4373,Franklin Bradley,Male,1982-06-07,Johnsonmouth,Georgia,India,7606566255,riverajohn@example.net,INS104372,2023-10-07,2025-12-12
4374,Sarah Bailey,Male,1949-09-10,Port Andrewside,Georgia,India,5043601824,graceclark@example.com,INS104373,2024-01-18,2026-07-07
4375,Mrs. Tiffany Reeves,Male,1946-09-20,Perryfurt,California,India,0379416952,hherring@example.net,INS104374,2025-02-20,2026-05-11
4376,Robin Miller,Female,1969-05-18,North Rebekah,Iowa,India,6311746344,mosesleslie@example.org,INS104375,2024-05-31,2026-05-01
4377,Derrick Wilkins,Female,2002-04-06,Rodriguezburgh,Indiana,India,1418358937,bhawkins@example.net,INS104376,2024-06-25,2026-09-07
4378,Nathan Zavala,Male,1960-11-18,Eatonport,Texas,India,2691258226,tmills@example.net,INS104377,2024-09-01,2026-07-15
4379,Judith Martin,Male,1969-07-15,Sharonstad,Arkansas,India,8554851288,zjohnson@example.com,INS104378,2025-03-23,2026-09-20
4380,Danny Morris,Female,1938-12-27,Marksport,Nevada,India,2547504445,alyssa93@example.net,INS104379,2023-11-03,2026-06-20
4381,Andrew Logan,Female,1980-03-07,Lopezport,Virginia,India,3471357957,xsmall@example.org,INS104380,2024-06-19,2026-06-23
4382,Kenneth Mata,Female,1960-12-29,Reyesmouth,Hawaii,India,2518832013,langjoshua@example.org,INS104381,2025-05-08,2026-09-12
4383,Sara Clark,Male,1974-05-24,Warestad,North Dakota,India,6507596510,jennifer00@example.com,INS104382,2024-02-18,2026-07-25
4384,Danielle Carrillo,Female,1977-07-05,Holmesview,New Mexico,India,0636006814,catherinecarter@example.org,INS104383,2024-07-22,2026-07-16
4385,Joseph Davidson,Male,1952-08-27,East Amyhaven,West Virginia,India,7886283074,vwhite@example.org,INS104384,2025-02-26,2026-06-15
4386,Thomas Ross,Male,1952-11-15,North Michael,Connecticut,India,3355194811,russokathleen@example.org,INS104385,2023-10-25,2026-08-25
4387,David Rodriguez,Female,1992-06-05,West Stephenmouth,Wisconsin,India,5704812830,cathy25@example.com,INS104386,2025-04-10,2025-11-14
4388,Troy Grimes,Male,1984-09-20,Johnsonbury,New Mexico,India,8991038644,danaperez@example.org,INS104387,2025-01-02,2026-02-15
4389,Alexa Patterson,Female,1946-11-10,Katiebury,Nebraska,India,8289209544,reynoldsangela@example.org,INS104388,2024-09-12,2025-10-27
4390,Marcus Spencer,Male,1985-02-17,South Hayden,Florida,India,5303501711,joshua98@example.org,INS104389,2025-09-06,2026-06-08
4391,Christopher Jones,Female,1984-09-09,North Ericstad,Wisconsin,India,6552143072,andrew81@example.net,INS104390,2023-12-02,2026-08-10
4392,Jesse Miller,Male,1964-01-03,New Melissaberg,Florida,India,1990884079,andrewcaldwell@example.com,INS104391,2025-03-08,2025-11-26
4393,Melanie Ayers,Male,1977-06-09,Toddbury,Wyoming,India,2691500743,austinhuffman@example.net,INS104392,2024-03-07,2026-03-06
4394,Robert Peterson,Female,1989-09-20,West Michael,Washington,India,5828020473,omason@example.org,INS104393,2024-04-03,2026-06-19
4395,Kimberly Morton,Female,1959-07-08,Brandyberg,New Jersey,India,1848283701,kimberlybrown@example.net,INS104394,2024-07-13,2025-12-07
4396,Christian Foster,Female,1946-02-19,Lake Johnnybury,Illinois,India,9859068336,johnsonsusan@example.org,INS104395,2025-01-20,2025-12-28
4397,Elizabeth Bell,Female,1963-02-01,Port Jessica,Georgia,India,4328726120,josephnash@example.net,INS104396,2023-11-18,2026-07-20
4398,Anne Jones,Male,1949-05-13,Baileystad,Wisconsin,India,5246435137,campbellrobin@example.net,INS104397,2023-12-01,2026-09-30
4399,Stacy Harris,Female,2001-08-16,South Henryport,Pennsylvania,India,2718940729,james70@example.net,INS104398,2024-03-13,2026-05-16
4400,Andrea Manning,Female,1977-09-14,Ryanfort,Texas,India,2045527584,norrisadam@example.org,INS104399,2024-05-14,2026-07-28
4401,Cameron Miller,Male,1982-02-12,New Brittany,South Dakota,India,8830995399,wfarmer@example.com,INS104400,2024-12-06,2025-12-31
4402,Douglas Cooley,Female,1947-06-28,North Taylorberg,Hawaii,India,0865274531,ryanpeterson@example.net,INS104401,2025-06-03,2026-08-18
4403,Keith Nichols,Female,1970-07-17,Arroyostad,Idaho,India,8830819422,lambertmark@example.net,INS104402,2024-08-14,2026-08-30
4404,Brittany Gardner,Male,1998-03-22,Robinsonstad,Delaware,India,4065863793,kevans@example.com,INS104403,2024-12-09,2026-03-31
4405,Elijah Holmes,Female,1943-06-04,Lake William,Virginia,India,5500723624,dmueller@example.org,INS104404,2024-09-10,2026-06-02
4406,Brandon Rush,Female,1940-11-02,Smithburgh,North Dakota,India,8310944489,calebdiaz@example.org,INS104405,2025-01-17,2026-09-27
4407,Melissa Wilson,Female,1945-12-28,New Davidhaven,West Virginia,India,2797027714,harrellwesley@example.org,INS104406,2023-12-12,2026-06-25
4408,Carly Anderson,Female,1960-06-25,East Timothy,New York,India,9796783437,wrightraymond@example.net,INS104407,2025-05-11,2026-04-29
4409,Nathaniel Smith,Female,2005-09-23,Fishermouth,Wyoming,India,3277529072,bgibson@example.net,INS104408,2023-12-26,2026-04-03
4410,Ian Jones,Female,1983-11-26,Michaelburgh,Delaware,India,6800712625,schultzandrea@example.net,INS104409,2024-05-06,2025-12-30
4411,Tyler Mitchell,Male,1982-11-12,New David,Tennessee,India,0247656626,sfischer@example.net,INS104410,2024-09-27,2026-03-24
4412,Beverly Barnes,Female,1952-02-11,Port Benjaminhaven,Arizona,India,2485278889,christina04@example.com,INS104411,2025-01-05,2025-10-24
4413,Lynn Browning,Male,1943-12-05,Danielport,Massachusetts,India,3341243819,kayla05@example.com,INS104412,2025-03-09,2026-09-20
4414,Michael Higgins,Male,1987-01-14,East Brianburgh,California,India,2251217989,jasmine32@example.net,INS104413,2024-12-27,2026-04-26
4415,Corey Gibbs,Male,1944-12-04,Lake Eduardoland,Michigan,India,4003152421,ericcalderon@example.org,INS104414,2024-06-18,2026-08-01
4416,Michael Ferguson,Male,1983-05-24,West Taylor,Oklahoma,India,5954073064,floressteven@example.net,INS104415,2025-06-17,2026-01-21
4417,Lindsay Porter,Female,1938-03-01,Jenniferburgh,Louisiana,India,7849737861,michele97@example.org,INS104416,2025-04-22,2026-09-02
4418,Ruth Rogers,Female,1979-04-02,New Jenniferborough,Rhode Island,India,1581900094,harrisjames@example.net,INS104417,2023-12-29,2026-09-26
4419,Wendy Mendoza,Female,1995-02-22,Sanchezchester,Montana,India,0438670783,dianafrench@example.org,INS104418,2024-10-31,2026-02-02
4420,Jennifer Garcia,Male,1944-07-11,Schneiderview,Oregon,India,5396646601,johnjones@example.net,INS104419,2025-04-05,2025-11-13
4421,Janice Vaughn,Female,1992-01-09,Dennisbury,Delaware,India,7531782983,qreyes@example.com,INS104420,2023-11-16,2025-12-13
4422,Kevin Osborn,Female,1962-09-25,South Jerrymouth,Indiana,India,6319985253,gmorgan@example.org,INS104421,2024-04-05,2025-12-24
4423,Kimberly Perez,Female,1997-05-27,East Samuelbury,Montana,India,7919495750,brownfelicia@example.net,INS104422,2025-04-21,2026-09-17
4424,Allison Murphy,Male,1998-12-08,Patriciaberg,Delaware,India,1678530573,ethanrichardson@example.org,INS104423,2023-11-30,2026-05-21
4425,David Powers,Male,1950-03-14,South Juliemouth,New York,India,3905160207,cmeyer@example.com,INS104424,2024-08-16,2025-11-03
4426,Mark Rodriguez,Female,1945-11-10,New Deanna,Delaware,India,6066093713,jortega@example.org,INS104425,2023-10-17,2026-01-11
4427,Kyle Silva,Male,1975-03-09,Hoffmanmouth,California,India,2079332703,mbennett@example.net,INS104426,2024-03-20,2026-03-13
4428,Richard Knight,Male,1965-07-24,South Maryberg,California,India,3705254167,ellisbrian@example.com,INS104427,2023-11-04,2026-07-21
4429,Jessica Dorsey,Female,1969-02-10,New Dannytown,Georgia,India,3597350417,kevin00@example.com,INS104428,2025-07-08,2025-12-06
4430,Peter Rosario,Male,1967-11-12,Christopherton,South Carolina,India,9707548221,gvelasquez@example.net,INS104429,2024-06-17,2025-12-31
4431,Jennifer Wright,Male,1973-09-13,East Jonathanbury,Virginia,India,0226472759,joseph61@example.net,INS104430,2024-08-01,2026-01-25
4432,Brenda Morrison,Female,1963-05-21,Reyesberg,Nevada,India,0753185886,trujilloian@example.com,INS104431,2023-10-31,2026-04-26
4433,Jason Mercer,Male,1978-08-10,Lake Kayleeside,Minnesota,India,4590159880,mariakaufman@example.net,INS104432,2023-10-17,2026-03-22
4434,Robert Lewis,Male,1971-11-25,Alyssahaven,Wisconsin,India,9664090961,harrisonshannon@example.org,INS104433,2024-05-09,2026-04-10
4435,Eric Love,Male,2007-06-03,North Lawrenceview,Utah,India,7584252698,katherinemitchell@example.org,INS104434,2025-07-11,2026-06-25
4436,Robert Moore,Male,1950-08-21,West Matthew,Florida,India,7036901533,lauradean@example.com,INS104435,2023-11-26,2026-09-25
4437,Troy Fuller,Male,1941-02-26,Huffton,Louisiana,India,8538547955,kathleen26@example.org,INS104436,2024-07-13,2025-11-03
4438,Jessica Schmidt,Male,1987-11-08,South Donna,Oregon,India,8239154380,gcarr@example.com,INS104437,2024-08-21,2026-02-15
4439,Spencer Boyle,Male,1947-12-31,Port Justin,Mississippi,India,7831411523,andersonjeremy@example.org,INS104438,2023-10-05,2026-09-22
4440,Michele Kramer,Male,1982-02-15,East Ronaldville,South Carolina,India,6682962536,susancook@example.net,INS104439,2024-03-04,2026-08-19
4441,Gary Rivera,Female,1995-03-02,South Suzanne,Idaho,India,5423116014,samanthabrown@example.org,INS104440,2023-12-12,2026-04-20
4442,Lisa Garcia,Female,1946-05-28,Eddiemouth,California,India,6190987279,cassandra86@example.org,INS104441,2023-10-16,2025-11-24
4443,Kayla Franco,Female,1967-05-13,Jeffreyview,Maryland,India,7600066420,davislisa@example.net,INS104442,2023-11-20,2026-07-18
4444,Tony Jackson,Female,1964-06-17,North Jamesport,Florida,India,8173700236,sstone@example.com,INS104443,2024-10-07,2026-06-01
4445,Laurie Mcclure,Male,1946-09-12,South Kathyburgh,Texas,India,4455531661,andersonsean@example.net,INS104444,2024-05-22,2025-12-06
4446,Kelly Brown,Female,1963-07-24,Tyronefort,Georgia,India,8122123402,cynthia45@example.org,INS104445,2024-11-16,2026-07-22
4447,Mark Benton,Female,2003-06-20,Gardnershire,Colorado,India,0075200710,yvonnejohnson@example.com,INS104446,2024-04-24,2026-05-21
4448,Lisa Thomas,Male,2004-02-22,Murphymouth,Arkansas,India,9668083981,troywong@example.org,INS104447,2023-12-30,2026-05-19
4449,Jillian Munoz,Male,1954-09-06,South Olivia,Washington,India,1099256595,nvelasquez@example.com,INS104448,2025-06-24,2025-11-22
4450,Jody Vazquez,Male,1982-04-30,West Laura,Delaware,India,0994192193,samantha20@example.com,INS104449,2023-11-29,2026-03-19
4451,Robert Brown,Male,1953-01-23,Davidsonton,Virginia,India,4234323728,parkertina@example.net,INS104450,2024-02-26,2026-01-26
4452,Deborah Black,Male,1940-09-21,Garrisonland,West Virginia,India,5267634798,michaellara@example.com,INS104451,2024-05-17,2026-01-06
4453,Jamie Haney MD,Female,1980-12-21,West Alexis,Oregon,India,3837645862,tammysmith@example.org,INS104452,2024-06-25,2026-07-27
4454,Joshua Smith,Male,1938-06-29,Madisonhaven,Minnesota,India,7434111324,beverlywilliams@example.com,INS104453,2024-10-02,2026-09-23
4455,Jason Tanner,Female,1994-02-07,East Madison,New York,India,6808613035,dellis@example.net,INS104454,2024-07-27,2025-11-27
4456,Linda Collins,Female,1979-11-24,Martinezside,Rhode Island,India,8333816767,davidrodriguez@example.net,INS104455,2023-10-28,2026-06-24
4457,Christopher Hernandez,Male,1944-09-10,Heidifort,Alaska,India,0410637362,perryray@example.org,INS104456,2024-05-29,2026-07-14
4458,Donald Frazier,Female,1956-09-25,Paulville,Ohio,India,1041956063,danielflores@example.net,INS104457,2025-09-10,2026-06-15
4459,Jennifer Cox,Female,2000-06-01,Weberville,Montana,India,1462896759,michael23@example.org,INS104458,2024-09-30,2026-02-28
4460,Karen Roth,Male,1983-09-07,Hollymouth,Washington,India,4258885920,mendozajohn@example.com,INS104459,2024-09-01,2026-06-29
4461,Christopher Rice,Female,1966-08-29,Jenniferfort,North Dakota,India,2923703645,meghan94@example.com,INS104460,2025-09-25,2026-09-17
4462,Dana Williams,Female,1997-03-19,Saraside,Minnesota,India,7666570006,martinezjames@example.net,INS104461,2024-01-16,2026-02-05
4463,Anthony Lopez,Female,1997-02-22,Teresaview,Ohio,India,1749082327,david28@example.net,INS104462,2025-06-16,2026-02-09
4464,Anthony Johnson,Male,1978-01-01,New Erin,Kansas,India,3486885818,scox@example.com,INS104463,2025-04-12,2026-04-29
4465,Daniel Smith,Male,1991-10-08,Lake Michael,Texas,India,7139723463,perryamy@example.org,INS104464,2024-10-23,2025-09-30
4466,Joel Burns,Male,1966-09-23,Boylebury,Maryland,India,7238005906,garyhernandez@example.org,INS104465,2024-12-24,2026-05-12
4467,Christina Mccarty,Female,1969-09-02,Andrewberg,Minnesota,India,0281043956,millerpatrick@example.com,INS104466,2024-08-26,2026-07-05
4468,Sarah Holt,Male,1949-11-30,Rogershaven,Georgia,India,7582475927,ugross@example.com,INS104467,2024-06-18,2025-11-08
4469,David Mcbride,Female,1983-09-08,West Dorothy,Arkansas,India,5811721986,alvarezjason@example.org,INS104468,2024-07-26,2026-09-21
4470,Michael Harris,Male,1944-03-01,Lake Emilyshire,Washington,India,9750843782,wgrimes@example.org,INS104469,2024-01-05,2026-03-03
4471,Brandon Turner,Female,2002-01-04,East Nancyberg,Pennsylvania,India,6348210411,kennethowens@example.com,INS104470,2025-01-13,2026-08-08
4472,Stephanie Rodriguez,Male,1959-02-08,New Melissafort,Ohio,India,1322795621,daniel68@example.net,INS104471,2024-07-27,2026-07-17
4473,Ashley Wilson,Male,1968-12-01,New Steven,Hawaii,India,0280683492,sarnold@example.net,INS104472,2025-02-28,2026-09-10
4474,Glenn Young,Female,2003-11-17,Amybury,Michigan,India,0587538680,frederick41@example.net,INS104473,2024-07-15,2025-11-10
4475,Phillip Carroll,Male,1996-08-07,Carolport,Minnesota,India,8119098440,amanda68@example.org,INS104474,2023-10-01,2026-09-20
4476,Kimberly Harris,Female,2008-05-28,New Andreland,Hawaii,India,8656616464,rhonda67@example.com,INS104475,2024-05-03,2025-10-12
4477,Kenneth Holmes,Male,1974-08-23,West Rachel,Minnesota,India,5380032617,ncrawford@example.org,INS104476,2025-07-31,2026-06-13
4478,Jenny Martinez,Male,1993-02-16,Turnerborough,Indiana,India,6166043219,robinsmith@example.com,INS104477,2025-05-09,2026-09-26
4479,David Oliver,Female,1976-01-20,Austinview,Delaware,India,3846272780,justinbest@example.com,INS104478,2024-10-20,2026-05-17
4480,Robert Martin,Female,1966-01-09,North Amanda,Delaware,India,7139641537,williamsmith@example.com,INS104479,2024-02-25,2026-09-06
4481,Charlotte Decker,Female,1944-07-07,Montgomeryberg,Utah,India,5843377110,nicholasbush@example.com,INS104480,2025-02-16,2026-03-18
4482,Heather Frey,Male,1949-10-21,Curtismouth,Alaska,India,4053456350,nicholas42@example.com,INS104481,2025-07-24,2026-09-03
4483,Lacey Bates,Female,1956-02-28,East Ryan,Missouri,India,3333029546,snewman@example.net,INS104482,2024-09-07,2025-10-18
4484,Joseph Henderson,Male,1941-09-04,New Courtney,Maine,India,9400855969,murphytara@example.com,INS104483,2024-08-23,2026-02-22
4485,Joseph Richards,Female,1993-06-21,East Jessica,Virginia,India,2961492644,sbanks@example.net,INS104484,2025-02-16,2026-06-24
4486,Cheryl Moore,Female,1943-03-16,Lake Amyton,Indiana,India,3449523368,markanderson@example.net,INS104485,2024-11-17,2025-12-30
4487,Todd Lee,Female,1975-03-07,Calderonmouth,Texas,India,4348718069,mcopeland@example.com,INS104486,2025-03-27,2026-02-08
4488,Lisa Mckee,Female,1963-12-14,Lake Mitchellberg,Alabama,India,8203547770,pcox@example.org,INS104487,2024-06-27,2026-03-05
4489,Melissa Johnson,Female,1954-11-02,Lake Sarahport,Indiana,India,7741563310,gary90@example.net,INS104488,2025-07-11,2026-03-31
4490,Jeffrey Pineda,Female,1945-10-30,Gabrielaton,Kentucky,India,2232327376,scottlori@example.org,INS104489,2025-07-24,2026-05-20
4491,Laura Taylor,Male,1975-03-04,Lake Andreaburgh,Florida,India,2950674550,cathythomas@example.com,INS104490,2024-02-01,2026-02-23
4492,Alyssa Kelley,Female,1950-10-05,Jordantown,Tennessee,India,2573424582,pruittclarence@example.net,INS104491,2024-07-25,2026-03-10
4493,Jerry Marshall,Male,1959-07-28,New Ryanland,New Hampshire,India,6377641406,laurengillespie@example.com,INS104492,2024-09-06,2026-08-09
4494,April Parker,Female,1950-09-07,Shawton,Iowa,India,7950415379,jeffrey70@example.com,INS104493,2024-01-31,2026-09-07
4495,Travis Rosales,Female,1964-05-06,Port Paul,Michigan,India,7799602421,arianahanson@example.org,INS104494,2023-12-30,2025-12-03
4496,Kayla Smith,Female,1953-08-04,Matthewmouth,West Virginia,India,3286741805,brownjose@example.net,INS104495,2024-02-16,2026-03-23
4497,Valerie Lopez,Male,2006-07-20,Claudiahaven,New York,India,4754196110,vwhite@example.org,INS104496,2023-12-16,2026-02-14
4498,Lauren Green,Male,1956-05-29,Lake Bradley,Iowa,India,1729346409,dylan35@example.com,INS104497,2024-01-25,2026-05-24
4499,William Gardner,Female,2001-07-01,Port Andrewville,Vermont,India,2980752377,jamesross@example.net,INS104498,2024-09-02,2026-07-04
4500,Cindy Bond,Male,1944-01-13,Knightstad,North Carolina,India,1281911806,jlindsey@example.org,INS104499,2023-12-10,2026-01-05
4501,George Moyer,Female,2000-09-11,Sharonshire,Washington,India,2658587372,rodriguezmelinda@example.org,INS104500,2025-06-16,2025-11-30
4502,Andrew Rowland,Female,1995-03-30,North Andrea,Massachusetts,India,7292746263,jeremyhendricks@example.net,INS104501,2024-08-04,2026-09-04
4503,Kevin Price,Male,1968-10-26,Coreyfort,South Dakota,India,1475552084,kelly97@example.com,INS104502,2023-10-20,2026-02-16
4504,Amanda Arnold,Male,1956-02-17,Hillville,Texas,India,8991771867,foxjanice@example.net,INS104503,2025-09-19,2026-07-17
4505,Rita Johnson,Male,1945-05-11,Matthewton,Wisconsin,India,2928521460,johnpierce@example.net,INS104504,2024-04-16,2026-09-27
4506,Rachel James,Male,1998-02-12,New Stevenview,Kentucky,India,9374452582,ashley61@example.com,INS104505,2023-12-03,2026-01-21
4507,Timothy Miller,Female,1988-09-15,Port Donbury,California,India,9566514877,cheryl19@example.com,INS104506,2025-07-27,2025-12-04
4508,Douglas Clark,Male,2000-06-12,South William,Arkansas,India,4485327866,smithmelinda@example.org,INS104507,2025-04-25,2026-06-20
4509,Jessica Johnston,Male,1976-02-08,Lake Paul,California,India,7633048105,ptaylor@example.net,INS104508,2024-09-19,2025-12-31
4510,Theresa Flynn,Female,1986-11-03,Goodwinville,Maine,India,4506633824,pamela58@example.net,INS104509,2025-02-23,2025-12-25
4511,Russell Carson,Male,1954-11-09,North Jenniferport,Georgia,India,8170991804,bautistatricia@example.org,INS104510,2023-12-10,2025-11-03
4512,Jennifer Summers,Male,1959-03-19,Mortonshire,Pennsylvania,India,9524837619,whitelisa@example.org,INS104511,2025-01-15,2026-09-05
4513,Jennifer Vazquez,Male,1980-08-27,Haileyport,Arizona,India,0068879056,susanprice@example.net,INS104512,2025-05-09,2026-09-07
4514,Alyssa Singh,Male,1980-02-06,Annport,South Dakota,India,1457283831,mariaarmstrong@example.net,INS104513,2025-02-28,2026-05-21
4515,Karen Williams,Female,1969-03-21,West Lisa,Michigan,India,0778817501,walkereugene@example.org,INS104514,2024-12-22,2026-04-07
4516,Jeffrey Smith,Female,2007-03-25,Port Melissa,California,India,9652235672,rachelreese@example.net,INS104515,2025-06-02,2026-06-06
4517,Bryce Orozco,Male,1994-01-15,Port Ruthchester,Wyoming,India,8252137885,jacquelinebowen@example.net,INS104516,2025-03-10,2026-01-02
4518,Brittany Sanders,Male,1981-04-24,Mistyside,North Carolina,India,4881780993,bairdcameron@example.com,INS104517,2024-02-03,2026-05-09
4519,Jamie Frederick,Female,2004-01-19,Port Randyhaven,Maine,India,8177502988,felicia81@example.org,INS104518,2024-06-02,2026-09-16
4520,Elizabeth Valdez,Male,1985-04-11,Anthonyview,North Carolina,India,6497831259,shane06@example.com,INS104519,2024-06-11,2026-01-08
4521,Brittany Li,Male,1972-08-10,Englishmouth,Wyoming,India,5702026948,hhunt@example.com,INS104520,2025-05-11,2026-04-10
4522,Harold Flores,Male,1956-09-04,South Richardton,Ohio,India,5957388924,ypatton@example.org,INS104521,2024-06-23,2025-10-29
4523,Jason Cain,Male,1964-11-22,North Jessicamouth,Michigan,India,2972917149,mooretodd@example.net,INS104522,2025-05-21,2025-12-25
4524,Johnathan Young,Male,2003-04-07,Wattsborough,Georgia,India,1257797001,stephanie66@example.net,INS104523,2025-04-03,2025-10-28
4525,Renee Jackson,Male,1986-12-06,Katherinefurt,Michigan,India,5990087040,mendozaashley@example.com,INS104524,2024-11-22,2026-09-28
4526,Hunter Jones,Male,1984-01-30,Port Susan,Ohio,India,1141881714,iconner@example.com,INS104525,2025-05-03,2026-01-20
4527,Michael Lewis,Male,1935-12-17,South Jordanborough,New York,India,3783526085,hogansusan@example.org,INS104526,2023-12-07,2026-01-05
4528,Donald Morgan,Male,1985-10-29,East Susan,South Dakota,India,8693713814,dixonluke@example.net,INS104527,2025-01-11,2026-06-23
4529,James Alvarez,Female,1973-02-04,Rhodesbury,Missouri,India,4336046119,scottcase@example.com,INS104528,2024-12-14,2026-01-24
4530,Karen Howard,Female,1959-01-06,Sarahberg,New Mexico,India,6674133554,susan00@example.net,INS104529,2024-10-27,2025-12-11
4531,Sue Bennett,Female,1979-07-01,Lesliehaven,Hawaii,India,0761715278,zmartinez@example.com,INS104530,2025-03-14,2026-09-04
4532,Linda Collins,Male,1974-02-27,Jonestown,Wyoming,India,9253017470,leonlittle@example.net,INS104531,2024-08-29,2025-10-05
4533,Jonathan Kelley,Male,1938-03-05,Angelafurt,North Carolina,India,7640207487,wangchristopher@example.net,INS104532,2024-02-12,2026-02-03
4534,Alexander Brown,Female,1989-02-15,Riveraberg,Wyoming,India,9570323401,eric12@example.org,INS104533,2025-04-25,2026-06-19
4535,Cameron Porter,Male,1987-12-19,Craigburgh,Nebraska,India,9433039132,morgan72@example.org,INS104534,2024-05-04,2026-02-12
4536,Whitney Lee,Female,1956-02-09,East Gregory,Rhode Island,India,1177943841,wesley86@example.com,INS104535,2025-09-09,2025-12-19
4537,Jennifer Hernandez,Male,1965-10-03,West Dennishaven,Mississippi,India,9982081537,amygray@example.org,INS104536,2025-06-29,2026-07-21
4538,Donald Jackson,Female,1994-12-09,Lake Brandiport,Virginia,India,1570912440,johnschmidt@example.net,INS104537,2024-01-05,2026-07-31
4539,Dr. Lawrence Roth,Female,1935-12-05,Albertton,Wyoming,India,6117644180,charlesdoyle@example.org,INS104538,2025-05-30,2025-12-27
4540,Tyler Park,Female,1995-07-09,Port Traci,Massachusetts,India,3687164639,sarahsanchez@example.net,INS104539,2024-01-25,2025-10-14
4541,Jared Davis,Male,2008-05-15,Hansenstad,Connecticut,India,2696077727,jonesrobert@example.net,INS104540,2024-11-22,2026-07-01
4542,Cathy Reynolds,Female,2008-02-09,Yatesville,Utah,India,0303395296,julieholland@example.org,INS104541,2024-03-26,2026-02-17
4543,Scott Herrera,Male,1987-10-05,Jenkinston,Massachusetts,India,0758157016,andrea71@example.net,INS104542,2025-04-02,2026-05-23
4544,Jon Harmon,Male,1945-12-08,Reedborough,Arizona,India,2598957177,destiny94@example.com,INS104543,2024-07-27,2026-05-20
4545,Eric Hernandez,Male,1980-01-25,Sanchezburgh,Hawaii,India,0822584516,chelsea98@example.com,INS104544,2024-08-03,2026-07-14
4546,David Harrison,Male,1999-11-07,Lake Markhaven,Alaska,India,5590219285,ashelton@example.net,INS104545,2025-05-17,2026-09-01
4547,Phillip Cochran,Male,1973-02-22,Matthewbury,Alaska,India,3292854411,lopezlaurie@example.net,INS104546,2024-05-05,2025-11-07
4548,Charles Joyce,Male,1961-09-12,East Stephanie,Ohio,India,5885531970,dfowler@example.net,INS104547,2025-01-31,2025-10-08
4549,Gabriel Conway,Male,1958-09-27,Raybury,New York,India,4055594522,rebeccaferrell@example.org,INS104548,2025-01-03,2026-04-05
4550,Gina Case,Female,1989-05-21,Port Steven,Kentucky,India,5794311409,jason34@example.net,INS104549,2025-05-01,2026-03-20
4551,Katrina Reyes,Female,1979-11-29,Timothystad,Hawaii,India,6547763070,michaelporter@example.org,INS104550,2025-02-07,2026-04-02
4552,Juan Schultz,Female,2008-07-15,North David,New York,India,0061322010,waterskristen@example.net,INS104551,2025-04-24,2025-10-02
4553,Frank Lee,Male,1958-10-04,Lake Elizabeth,Mississippi,India,4445843217,don22@example.org,INS104552,2025-02-27,2025-11-13
4554,Jesus Gonzalez,Male,1967-11-28,Jenkinsside,Idaho,India,5370505817,anthony41@example.org,INS104553,2025-06-20,2026-06-22
4555,Jamie Fry,Male,1977-11-01,West Allen,Maryland,India,5716640166,samuel93@example.org,INS104554,2024-04-18,2026-01-02
4556,Daniel Barry,Male,1968-01-20,Jennifermouth,Georgia,India,0025592951,lsimon@example.net,INS104555,2025-03-10,2025-11-16
4557,Katrina Taylor,Female,1964-05-23,South Robertside,Virginia,India,4897535602,marcushall@example.net,INS104556,2024-05-10,2026-05-26
4558,Daniel Rhodes,Male,1969-02-13,Lake Heather,New York,India,2173452545,kristin80@example.net,INS104557,2024-05-18,2026-09-23
4559,Heather Reynolds,Female,1950-06-16,Smithshire,Kansas,India,6398966200,stephenchavez@example.com,INS104558,2024-08-23,2026-04-17
4560,Marcus Lee,Male,2007-05-16,Debrabury,New Jersey,India,8375642017,xhatfield@example.org,INS104559,2023-10-19,2025-10-11
4561,Jesse Coleman,Female,1965-08-07,South Aaron,North Carolina,India,1760421794,christopherbutler@example.org,INS104560,2024-04-02,2026-07-11
4562,Jason Mcpherson,Male,1952-02-15,East Patrick,Texas,India,4741472650,aprildurham@example.net,INS104561,2023-12-09,2025-10-05
4563,Christine Smith,Female,1971-05-05,Amyshire,Maine,India,8628217379,kellygraham@example.org,INS104562,2025-05-02,2025-11-08
4564,Amy Martinez,Male,1962-10-09,North Robertchester,Georgia,India,8538314663,marialopez@example.org,INS104563,2024-06-15,2026-07-02
4565,Jennifer Holmes,Female,1965-10-04,North Michellefort,California,India,6402949115,adkinsmindy@example.net,INS104564,2024-12-14,2026-02-24
4566,Stephen Hudson,Male,1940-05-29,Smithstad,Mississippi,India,5184007877,qcastaneda@example.org,INS104565,2024-01-01,2026-04-14
4567,William Rubio,Female,1993-03-13,East Savannahview,Illinois,India,3567581262,jgamble@example.org,INS104566,2024-07-24,2026-09-04
4568,Daniel Wong,Female,1945-05-17,Port Pamelachester,Maryland,India,3964521364,zachary42@example.com,INS104567,2023-11-26,2025-10-12
4569,Jeffrey Collins,Male,1992-12-10,Hodgeschester,South Carolina,India,4521700253,pdean@example.com,INS104568,2023-12-16,2025-11-18
4570,Michael Sullivan,Female,1998-06-14,Nicoleborough,Utah,India,4264575322,hjones@example.net,INS104569,2025-01-08,2026-07-26
4571,Jason Vargas,Male,1974-11-04,South Nicolestad,Colorado,India,4633120373,youngjoshua@example.net,INS104570,2025-07-28,2025-12-19
4572,Marissa Arias,Male,1984-07-22,Lake Matthewmouth,Texas,India,2470026629,hamiltonjustin@example.org,INS104571,2025-05-05,2026-04-09
4573,Casey Ramirez,Male,1940-04-19,South Kyleport,Illinois,India,0187545753,scott27@example.org,INS104572,2024-12-29,2026-03-18
4574,Carmen Greene,Female,1999-11-15,Sheppardmouth,Kentucky,India,1663592100,sandrajames@example.com,INS104573,2025-07-25,2026-07-31
4575,Zoe Neal,Female,1958-02-23,New Frank,North Carolina,India,0012640764,jacksonjoseph@example.com,INS104574,2023-12-28,2025-11-18
4576,Brian Cabrera,Male,1981-06-21,Peckton,Kentucky,India,2530520173,juankirby@example.org,INS104575,2025-02-19,2026-03-24
4577,Laura Smith,Male,1991-12-13,New Gregory,Maine,India,0518518184,steven93@example.net,INS104576,2024-12-27,2026-08-13
4578,Anthony Wolf,Female,1980-12-27,Mariabury,Maryland,India,8562755222,sarah84@example.com,INS104577,2024-03-28,2026-09-27
4579,Robert Newman,Female,1963-01-02,West Jessicaburgh,Washington,India,1814197643,zwest@example.net,INS104578,2023-10-06,2025-11-25
4580,Jonathan Ortiz,Female,2007-05-05,South Rachelside,Oregon,India,6657812807,littleclayton@example.com,INS104579,2025-07-07,2025-10-24
4581,Timothy Charles,Male,1947-02-26,Patrickberg,Colorado,India,4045061910,marksanders@example.com,INS104580,2025-03-29,2026-06-04
4582,Kathy Cooper,Male,1947-12-10,Sweeneyburgh,Arizona,India,2251080713,melissavalenzuela@example.com,INS104581,2024-06-27,2026-07-26
4583,Jason Dean,Male,1992-02-28,New Mauriceland,Colorado,India,9369514590,michael99@example.org,INS104582,2025-09-08,2025-11-06
4584,Benjamin Whitehead,Male,1976-04-14,Rogersfurt,South Carolina,India,1153368122,williamssusan@example.net,INS104583,2025-06-30,2026-08-22
4585,Bethany Murphy,Male,1979-09-14,Mikehaven,Nevada,India,7440394634,shortlaura@example.net,INS104584,2024-12-15,2025-11-17
4586,Eric Valdez,Female,1942-06-05,Noblehaven,Illinois,India,7162295072,davisteresa@example.com,INS104585,2023-11-09,2026-07-23
4587,Rose Lee,Male,1988-08-02,Jodifurt,Ohio,India,8168486524,tammyritter@example.org,INS104586,2024-07-14,2025-12-10
4588,Veronica Blanchard,Female,1997-02-02,Hayesland,Illinois,India,8303779391,jon10@example.com,INS104587,2024-05-11,2026-03-15
4589,Christina Oliver,Female,1994-09-08,Sanchezport,Oklahoma,India,8981240255,currycheryl@example.com,INS104588,2025-01-15,2026-04-19
4590,Vanessa Johnson,Male,1962-03-21,New Sallyberg,Alabama,India,9088820208,mannkevin@example.com,INS104589,2025-05-11,2026-01-23
4591,Steven Williams,Female,1962-06-03,East Melissaport,Tennessee,India,6319741177,harperchristina@example.com,INS104590,2024-11-23,2026-07-19
4592,David Serrano,Male,1966-07-01,West Jodiburgh,Virginia,India,6523849641,aadams@example.com,INS104591,2024-06-07,2026-05-25
4593,Jason Stein,Female,2001-02-24,Lake Ryan,Oregon,India,5026058446,joycejohnson@example.com,INS104592,2025-05-16,2026-08-25
4594,Bailey Castaneda,Male,1958-08-29,New Stevenhaven,Georgia,India,1893241903,kayla05@example.net,INS104593,2024-10-13,2026-08-23
4595,Sean Reyes,Male,1944-08-03,Jasonton,Oregon,India,4657168381,matthew29@example.org,INS104594,2023-12-02,2026-03-06
4596,Audrey Collier,Female,1971-06-06,East William,Minnesota,India,1833107393,joelcurtis@example.org,INS104595,2025-05-16,2026-08-26
4597,Michael Colon,Male,1973-07-28,Griffinhaven,Kentucky,India,6349441689,beverlyray@example.net,INS104596,2023-12-05,2026-06-30
4598,Tim Ware,Female,1951-10-20,Jenniferberg,Iowa,India,9601427563,ericagarza@example.org,INS104597,2024-02-13,2026-07-14
4599,Samuel Guerrero,Male,1975-05-18,Denisetown,Alabama,India,8771518772,jennifer82@example.net,INS104598,2024-02-17,2025-12-19
4600,John Armstrong,Male,1998-04-09,Lake Laurenborough,South Dakota,India,3460406042,fcollins@example.com,INS104599,2025-04-07,2026-09-06
4601,Daniel Villa,Male,1944-03-19,Coxfort,New York,India,5858457256,whiggins@example.org,INS104600,2023-12-06,2026-02-23
4602,Glenn Callahan,Female,1981-11-02,South Sean,Maine,India,9340338198,lindagregory@example.net,INS104601,2024-12-06,2026-05-30
4603,Jeremiah Pruitt,Female,1984-10-05,Port Latashastad,Kansas,India,2115154554,migueltapia@example.org,INS104602,2025-03-04,2026-07-19
4604,Kevin Mahoney Jr.,Male,1937-05-05,Carolfort,New York,India,6269128223,valenzueladouglas@example.com,INS104603,2024-07-24,2026-09-05
4605,Ashley Lynch,Female,1956-06-22,South Stephanie,Georgia,India,3130212092,curtisjeffrey@example.com,INS104604,2023-11-21,2026-01-02
4606,Tyrone White,Male,1964-01-13,North Zoeview,Maine,India,0481741609,daniellejohnson@example.com,INS104605,2024-08-03,2025-10-03
4607,Jason Lara,Female,1996-11-18,Campbelltown,Maryland,India,4704021485,coleshawn@example.net,INS104606,2025-01-31,2025-10-30
4608,Maxwell Collins,Female,2001-12-13,North Andreaburgh,Tennessee,India,6415255878,bridget19@example.com,INS104607,2023-12-24,2026-05-08
4609,Heather Prince,Male,1963-12-05,Timothyport,New Jersey,India,7883196209,davidbrown@example.net,INS104608,2024-08-11,2026-06-26
4610,Rebecca Wagner,Male,1967-03-17,South Christopherhaven,Delaware,India,3019344097,jared96@example.org,INS104609,2025-05-12,2026-08-10
4611,Joshua Hunter,Male,1957-12-29,Lanestad,Rhode Island,India,0065003533,udavis@example.net,INS104610,2023-10-08,2025-11-10
4612,Tracy Morgan,Male,1940-08-04,Lake Michellestad,Idaho,India,5586783331,timothy51@example.com,INS104611,2025-06-04,2026-06-20
4613,Timothy Foster,Male,1995-04-19,Kaylaside,Pennsylvania,India,3054892876,zreyes@example.org,INS104612,2025-09-05,2026-03-18
4614,Natalie Garcia,Female,1967-11-22,Melissaberg,Missouri,India,0141282185,tylerholt@example.net,INS104613,2024-09-30,2026-04-01
4615,John Wright,Female,1978-01-15,Lake Crystal,Iowa,India,6994470308,georgemorgan@example.com,INS104614,2025-04-26,2026-05-17
4616,Jennifer Hamilton,Male,1969-12-14,East Rubenport,Florida,India,3041967098,tbradley@example.net,INS104615,2025-04-21,2026-09-23
4617,James Chandler,Male,1950-02-18,Griffithborough,Pennsylvania,India,6880342601,juliajones@example.net,INS104616,2025-01-03,2026-08-22
4618,Angela Moore,Male,1966-11-28,Lutzmouth,Texas,India,4599023812,rgarner@example.net,INS104617,2024-01-21,2025-10-21
4619,Cody Carter,Female,1958-09-21,Lake Eileen,Virginia,India,1493742675,carlosjohnson@example.com,INS104618,2024-10-25,2026-08-03
4620,Cheyenne Davila,Male,1974-06-03,Port Jason,South Dakota,India,2015142618,jeffrey99@example.com,INS104619,2024-10-10,2025-11-30
4621,Charles Nielsen,Male,1974-03-06,Smithhaven,Arizona,India,5121850431,villarrealjose@example.com,INS104620,2025-04-10,2026-05-13
4622,Matthew Le,Female,1984-12-18,Port Maxwell,West Virginia,India,2458353689,jilldavis@example.com,INS104621,2025-05-20,2025-11-10
4623,Danielle Tate,Female,1985-03-02,Cunninghamshire,Alabama,India,3466042428,torresgeorge@example.net,INS104622,2024-09-09,2026-09-24
4624,Susan Acevedo,Female,1993-09-12,New Christopherburgh,Maine,India,3547652646,ramireztodd@example.com,INS104623,2025-08-30,2026-08-17
4625,Jared Mckee,Female,1971-09-11,Lake Kristin,Maine,India,1823806062,lisaherrera@example.net,INS104624,2024-02-23,2026-05-24
4626,Roy Jones,Male,1993-02-16,Lake Christopherhaven,Tennessee,India,6564334667,brandon16@example.net,INS104625,2025-05-06,2026-05-17
4627,Robert Sexton,Female,1991-01-16,Port Heathermouth,Arkansas,India,2064562008,tammy15@example.org,INS104626,2023-11-24,2026-04-24
4628,Elizabeth Pearson,Female,1972-04-09,Samanthashire,Minnesota,India,1005367153,qgardner@example.org,INS104627,2024-07-16,2025-12-26
4629,Sonya Williams,Male,2006-10-07,Lake Benjamin,Iowa,India,2717914322,allenbeck@example.org,INS104628,2024-09-06,2026-04-21
4630,Walter Reynolds,Male,1988-10-08,East Zacharyville,Idaho,India,2266709156,randall67@example.net,INS104629,2025-02-20,2025-10-03
4631,Alexis Downs,Male,1968-08-25,Danielland,Montana,India,1283174375,chanjohn@example.net,INS104630,2024-03-28,2025-10-02
4632,Debra Parsons,Female,1986-11-30,South Brandonburgh,Georgia,India,4913175805,williamnash@example.com,INS104631,2024-07-05,2026-04-13
4633,Heather Edwards,Male,1944-07-18,Victormouth,Washington,India,2243580428,kimberly66@example.com,INS104632,2025-08-22,2026-04-12
4634,Steven Perry,Female,1939-01-04,Rodneyville,Maryland,India,7938498437,padillakenneth@example.net,INS104633,2024-04-24,2026-07-14
4635,Margaret Suarez,Female,1947-01-12,Lake Jamesville,Pennsylvania,India,2533524924,sbailey@example.com,INS104634,2025-08-03,2026-06-06
4636,Susan Gates,Female,1948-06-08,Lake Scottview,Georgia,India,9542682556,maxdrake@example.net,INS104635,2025-08-28,2026-02-14
4637,Michael Cross,Male,1938-08-14,Erictown,Florida,India,9535879074,xhernandez@example.net,INS104636,2025-07-02,2026-02-09
4638,Lindsey Richardson,Female,1949-03-09,Everettbury,Wisconsin,India,0613627222,josephclarke@example.com,INS104637,2023-10-21,2026-07-22
4639,Anthony Yang,Male,1988-08-16,Markland,Kentucky,India,9131200449,samantha19@example.org,INS104638,2025-06-30,2026-09-02
4640,Ann Perez,Male,2000-06-16,Johnsonport,Illinois,India,8709782696,christianbridges@example.com,INS104639,2024-05-10,2026-02-19
4641,Kelly Garcia,Male,1980-01-23,West Jamieland,Georgia,India,2339795944,samantha65@example.org,INS104640,2024-06-11,2026-08-04
4642,Katherine Lee,Female,1955-05-01,New Amber,Indiana,India,4288817421,ebeard@example.org,INS104641,2025-01-17,2026-05-08
4643,Joseph Russell,Female,2005-05-19,East Pamela,South Carolina,India,5298309926,katrinaleonard@example.net,INS104642,2024-10-09,2026-05-12
4644,James Stafford,Female,1984-06-09,Port Jennifershire,Arkansas,India,4638270042,patrickmills@example.com,INS104643,2025-07-24,2026-03-21
4645,Roberto Newman,Male,1983-07-23,Vegamouth,Alaska,India,4290876234,seththomas@example.org,INS104644,2023-10-27,2025-12-26
4646,Lisa Morrison,Female,1979-07-11,Perezburgh,Missouri,India,5905037599,smithanthony@example.net,INS104645,2023-12-16,2026-02-15
4647,Jennifer Gould,Female,2003-08-13,West Rita,Rhode Island,India,9097237443,ghopkins@example.net,INS104646,2024-06-22,2025-12-13
4648,Matthew Castillo,Female,1972-01-09,East Sherri,Rhode Island,India,6386514883,deniseflores@example.org,INS104647,2024-10-05,2026-09-09
4649,Casey Jones,Female,1971-12-23,Lauramouth,California,India,2620626647,davidturner@example.net,INS104648,2023-12-25,2025-11-25
4650,Kathleen Johnson,Female,1996-02-15,West Rodneyville,Connecticut,India,9807554351,mclaughlinryan@example.org,INS104649,2024-05-18,2026-06-25
4651,Christopher Blake,Male,1966-03-22,South Veronica,California,India,8781866273,amberglenn@example.com,INS104650,2023-10-12,2026-03-23
4652,Yvette Braun PhD,Male,1993-11-14,North Matthew,Nevada,India,4991250148,robbinswillie@example.org,INS104651,2024-04-28,2026-03-30
4653,Rebecca Ellis,Male,1992-07-17,West Anthony,Texas,India,4648337718,jennifer10@example.com,INS104652,2023-12-25,2026-03-13
4654,Lisa Cochran,Male,1945-05-01,Casechester,Delaware,India,1800415959,xsmith@example.com,INS104653,2024-11-02,2025-12-05
4655,Katherine Martinez,Female,1957-07-08,Port Michaelshire,Maryland,India,7941406150,krichards@example.org,INS104654,2024-12-04,2026-06-30
4656,Michele White,Male,1947-07-10,Estradastad,Virginia,India,0227330404,david91@example.net,INS104655,2023-10-25,2025-11-01
4657,Taylor Boyle,Female,1965-03-14,Reynoldsside,Tennessee,India,9085710076,taylorapril@example.net,INS104656,2025-02-15,2025-12-05
4658,William Smith,Male,1967-09-30,Jonesville,Oklahoma,India,0737687558,shelby16@example.net,INS104657,2025-02-15,2025-11-29
4659,Ms. Cheryl Phillips,Male,1966-01-16,Williamside,Missouri,India,7700495316,christinejones@example.org,INS104658,2025-05-15,2026-01-18
4660,Sylvia Perez,Male,1950-10-19,Lake Samantha,Oklahoma,India,7978536203,connie88@example.org,INS104659,2024-06-19,2026-04-03
4661,Travis Carlson,Female,1997-03-20,Benjaminshire,Colorado,India,8927915461,gscott@example.com,INS104660,2025-01-26,2026-03-10
4662,Valerie Baker,Female,1970-06-06,Aliciaburgh,South Dakota,India,9904223541,brittanyrodriguez@example.com,INS104661,2024-01-13,2026-04-13
4663,Eric Wood,Male,1976-10-06,Lyonston,Delaware,India,9215537442,bowmanalexander@example.org,INS104662,2025-06-13,2025-10-18
4664,Anthony Brown,Female,1983-10-31,Lake Johnnyberg,Colorado,India,2578994726,rpatton@example.net,INS104663,2025-07-18,2026-02-27
4665,Javier Garcia,Male,1971-03-09,Keithhaven,New Mexico,India,1293262623,mcconnellalexis@example.net,INS104664,2024-07-07,2026-01-19
4666,Mr. Eric Holland,Male,1979-09-01,Cynthiaton,Minnesota,India,6011937351,egray@example.com,INS104665,2025-01-13,2026-03-15
4667,Michelle Munoz,Male,2007-12-19,Emilyhaven,New York,India,4184896950,steinjohn@example.com,INS104666,2023-11-10,2026-03-20
4668,Angela Holmes,Female,2005-09-28,Maxwellbury,New Mexico,India,6460939090,huntmichael@example.org,INS104667,2024-01-26,2026-02-12
4669,Debra Peterson,Male,1975-10-15,Trujilloport,Idaho,India,2182250035,solomonshawn@example.net,INS104668,2024-06-11,2026-03-13
4670,Melissa Wells,Male,1968-02-06,West Andrewville,Alabama,India,8659559181,santosheather@example.net,INS104669,2024-01-11,2025-10-10
4671,Joseph Christensen,Male,1980-01-22,Jacobschester,Hawaii,India,7264916447,josephross@example.net,INS104670,2025-07-13,2026-08-09
4672,Stephen Dalton DDS,Female,1940-09-22,South Stacey,Wisconsin,India,6613820923,jason63@example.net,INS104671,2024-12-29,2026-01-01
4673,Dalton Walker,Male,1983-10-10,Williamsville,Montana,India,5461069839,david81@example.com,INS104672,2023-11-09,2026-03-28
4674,Amanda Chandler,Female,1974-08-04,Riddleton,Texas,India,2495820071,jonescathy@example.com,INS104673,2025-09-18,2026-04-05
4675,Shelby Caldwell,Male,2008-04-12,Millershire,Delaware,India,0675449358,acostajoseph@example.com,INS104674,2024-05-17,2026-09-28
4676,Taylor Griffin,Female,1973-10-15,North Cathy,Maine,India,4353435415,russellkaren@example.com,INS104675,2025-01-27,2026-05-29
4677,Whitney Young,Male,2003-07-03,South Ronald,Utah,India,4970260841,rebekahbrown@example.com,INS104676,2024-05-18,2026-03-29
4678,Cassandra Valenzuela,Male,1950-03-15,Lake John,Kansas,India,6962553109,robertscott@example.net,INS104677,2025-08-19,2025-12-16
4679,Bruce Woodard,Female,1969-01-07,Port Dawn,Georgia,India,1562671712,michellesmith@example.com,INS104678,2024-03-15,2025-10-14
4680,Gregory Nelson,Female,2005-06-27,East Justinshire,Vermont,India,0068444545,robert03@example.com,INS104679,2025-03-11,2026-09-28
4681,Clayton Williams,Male,1938-10-03,Gregoryfort,Tennessee,India,8475037324,alewis@example.com,INS104680,2025-06-24,2025-10-30
4682,Lisa Fleming,Female,1954-03-21,North Michaelberg,Michigan,India,1701972951,karenmartinez@example.net,INS104681,2024-11-26,2026-06-18
4683,Steven Garrett,Male,1968-08-13,Ericton,Connecticut,India,8140165447,greg19@example.org,INS104682,2025-07-30,2026-09-05
4684,Claire Livingston,Male,1966-12-30,Joannetown,Missouri,India,4071602509,nhickman@example.net,INS104683,2025-07-19,2026-02-02
4685,Eric Harris,Male,1947-01-27,East Jenniferberg,Washington,India,5437497770,patriciahayes@example.net,INS104684,2024-01-05,2026-01-06
4686,Sandra Gregory,Female,2008-01-01,Lake Kyleborough,New Hampshire,India,8075016354,daniel00@example.org,INS104685,2024-01-14,2026-02-06
4687,Bill Lewis,Male,1995-09-29,Jamesside,Wyoming,India,0467823007,castanedamegan@example.net,INS104686,2023-12-05,2025-09-30
4688,Lindsay Ortiz,Female,2006-06-07,East Kristaland,North Dakota,India,9821420574,samanthalittle@example.org,INS104687,2025-02-28,2026-06-06
4689,Michael Combs,Male,1950-09-25,Port Roberthaven,Alabama,India,8407726046,krivera@example.org,INS104688,2025-02-15,2026-01-04
4690,Nicole Rodgers,Female,1938-07-05,North Williehaven,Missouri,India,9646249212,mcculloughhenry@example.com,INS104689,2023-12-22,2026-04-05
4691,Peter Fletcher,Female,1998-10-04,Julieville,Iowa,India,1519021758,lance63@example.com,INS104690,2023-10-27,2025-10-08
4692,Daniel Peterson,Male,1968-11-24,Jonathanmouth,Iowa,India,3012349147,brenda25@example.net,INS104691,2024-03-06,2026-04-16
4693,Robert Case,Female,1947-01-27,Port James,Alabama,India,3178024783,wilcoxerica@example.net,INS104692,2023-10-20,2026-01-11
4694,Brian Horn,Male,1974-05-30,Ramireztown,Iowa,India,1049920083,gailflores@example.com,INS104693,2025-01-09,2026-05-07
4695,John Jackson,Male,1945-06-10,East Jenniferburgh,Massachusetts,India,6543051954,kathleen42@example.org,INS104694,2025-01-23,2026-07-25
4696,Wendy Bowen,Male,1970-07-21,South Alexander,Wyoming,India,2059297483,johnmoore@example.org,INS104695,2024-03-11,2025-12-14
4697,Paula Velez,Male,1968-05-13,Johnsonshire,Arizona,India,2181385863,vincent86@example.net,INS104696,2023-11-28,2026-05-02
4698,Jacob Hamilton,Male,2001-04-26,Lake Rogershire,Maine,India,6444022064,lisagarcia@example.com,INS104697,2024-03-28,2026-09-30
4699,Christopher Perez,Female,1971-06-13,Bridgetburgh,Vermont,India,9287896519,sandrahuff@example.net,INS104698,2025-05-04,2026-07-07
4700,Gloria Nguyen,Male,1996-03-11,Mcdonaldburgh,Wyoming,India,3344283711,halllinda@example.org,INS104699,2024-12-09,2026-09-28
4701,Christina Greer,Female,1954-12-11,New Alicia,California,India,4137548662,ujones@example.net,INS104700,2024-10-11,2026-05-21
4702,Samantha Hooper,Female,1980-04-28,Josemouth,Oregon,India,4278529678,zwolfe@example.net,INS104701,2024-07-29,2026-03-24
4703,Megan Smith,Male,1981-07-01,Lake Heatherborough,Utah,India,1900289389,sheltontracy@example.com,INS104702,2024-10-26,2026-05-01
4704,Joseph Gonzalez,Female,1969-11-06,Karenshire,Delaware,India,1236228530,lhensley@example.org,INS104703,2025-03-16,2025-10-04
4705,Kyle Rodriguez,Male,1960-04-17,Port Roberthaven,Texas,India,0062984193,jeanettetucker@example.net,INS104704,2024-04-29,2026-02-21
4706,Mr. Gregory Poole,Female,1964-06-01,East Yesenia,Florida,India,2004501093,kevin96@example.net,INS104705,2025-04-27,2026-01-25
4707,Laura Anderson,Female,1937-03-27,Port Stephanie,Oregon,India,0751339882,xkelly@example.com,INS104706,2024-06-10,2025-10-21
4708,Eugene Barker III,Female,1982-04-07,New Mark,Rhode Island,India,1230370186,derrick28@example.com,INS104707,2025-03-24,2025-12-11
4709,Thomas Rodriguez,Male,2002-06-19,Davidburgh,Alaska,India,2172681117,browncaitlin@example.net,INS104708,2024-04-01,2026-07-26
4710,Eddie Morrison,Female,1994-03-08,West Sarah,Georgia,India,3536238958,jamesjohnson@example.net,INS104709,2024-07-12,2026-04-14
4711,Troy Garner,Male,1952-10-29,Lake Allen,Wisconsin,India,8497573787,adamhudson@example.net,INS104710,2024-06-10,2025-10-23
4712,Suzanne Campbell,Female,1952-04-08,Millerhaven,Colorado,India,8602740453,charles78@example.net,INS104711,2025-02-14,2026-03-31
4713,Sandra Hudson,Female,1996-01-23,Hernandezshire,Connecticut,India,3249010570,vancepatrick@example.com,INS104712,2024-12-17,2026-07-31
4714,Miss Katie Thompson MD,Female,1950-07-13,Santosbury,New Jersey,India,1068077476,harrisjeremy@example.net,INS104713,2024-03-08,2026-01-13
4715,Evelyn Cruz,Female,1938-05-25,New Eric,South Dakota,India,7007416403,michelle09@example.net,INS104714,2025-04-26,2025-10-11
4716,Cynthia Larsen,Male,2002-04-23,Johnsonburgh,Missouri,India,4950994201,christophercameron@example.net,INS104715,2025-01-06,2025-11-11
4717,Teresa Barnes,Male,1936-05-12,Parrishfort,Idaho,India,7112034538,humphreyjoseph@example.com,INS104716,2024-05-09,2026-01-12
4718,Gina Freeman,Female,2007-10-24,North Alexanderbury,New Hampshire,India,2764359197,ramirezkristina@example.net,INS104717,2025-03-15,2026-08-03
4719,Kayla Hull,Female,1991-02-23,North Luismouth,Massachusetts,India,9359158826,xwilson@example.net,INS104718,2024-02-06,2026-07-30
4720,Natasha Winters,Male,1999-07-16,West Stephanieville,Montana,India,4756651925,randolphjames@example.net,INS104719,2024-06-09,2026-02-10
4721,Robert Clark,Male,1993-05-31,East Lisa,Washington,India,4386099880,yfrank@example.org,INS104720,2024-07-03,2026-08-13
4722,Miranda Davis,Male,1978-05-12,East Ashleyfort,Washington,India,1386284033,laurawallace@example.org,INS104721,2024-06-14,2026-05-30
4723,Lisa Brown,Male,2000-03-19,West Ericfort,New Hampshire,India,9964168490,millerchad@example.com,INS104722,2025-07-08,2026-06-27
4724,Ana Chambers,Female,1958-07-18,Shawnborough,Wyoming,India,0579018348,droberts@example.com,INS104723,2024-06-15,2026-06-17
4725,Ms. Heather Cortez DDS,Female,1939-09-25,New Chelseaborough,Georgia,India,7332530939,arnoldkeith@example.com,INS104724,2025-08-29,2025-12-08
4726,Clinton Miller,Male,1973-07-29,East Alexandrashire,Washington,India,4322909788,daniel13@example.org,INS104725,2025-01-20,2026-08-11
4727,Desiree Aguilar,Male,2001-11-24,Lake Jenniferville,Georgia,India,6360212895,halvarez@example.org,INS104726,2024-05-29,2026-03-29
4728,Kenneth Green,Male,1983-06-07,Martinezhaven,Arkansas,India,9319956284,larajulie@example.net,INS104727,2025-04-09,2026-09-05
4729,Isaac Stevens,Male,1967-07-18,Emilyborough,Mississippi,India,7705872836,churchtimothy@example.org,INS104728,2024-07-18,2026-05-06
4730,Ashley Roman,Male,1937-03-11,East Vanessa,Nevada,India,2336139632,michael85@example.org,INS104729,2023-12-11,2026-09-17
4731,Colton Cordova,Male,1987-10-11,Thomasmouth,Wyoming,India,7984326993,staceylee@example.net,INS104730,2024-02-26,2025-10-13
4732,Jamie Johnson,Female,1987-12-08,Marymouth,Alaska,India,7952615734,baileydavid@example.org,INS104731,2024-11-11,2026-07-24
4733,Steven Allen,Female,1959-07-23,Port Catherineburgh,Virginia,India,5637114909,xmejia@example.org,INS104732,2025-07-11,2026-03-20
4734,Cynthia Davis,Female,1965-11-12,Kellerfurt,Minnesota,India,5837095169,michelle48@example.net,INS104733,2024-07-25,2026-08-15
4735,Cynthia Jones,Male,1962-03-31,Port Debraton,Utah,India,2006123759,barbaralarson@example.com,INS104734,2025-09-09,2026-05-14
4736,Keith Mcdaniel,Male,1984-03-19,Chanside,Kentucky,India,0445423585,anne74@example.org,INS104735,2025-03-16,2025-10-21
4737,Joseph Russell,Male,1946-04-07,Ryanchester,Louisiana,India,8333944975,inelson@example.net,INS104736,2024-01-03,2025-11-27
4738,Derek Harrell,Female,1990-08-22,East Kristin,South Carolina,India,3963251788,jill96@example.org,INS104737,2024-11-28,2026-06-24
4739,Zachary Washington,Male,1973-07-10,New Darrenville,Colorado,India,7037867835,sarahmartinez@example.net,INS104738,2024-05-21,2026-06-07
4740,Tony Frazier,Male,1944-07-01,West Bradley,Maine,India,7128782164,rickyjohnson@example.net,INS104739,2024-07-13,2026-06-10
4741,Dylan Lewis,Female,1997-03-24,Laurentown,Iowa,India,6119542996,andrewwilliams@example.org,INS104740,2025-03-16,2025-11-13
4742,Jeffrey Johnson,Male,1960-10-22,New Karaville,Connecticut,India,9543472103,ericabrowning@example.org,INS104741,2024-02-23,2026-09-13
4743,Matthew Robinson,Female,1938-04-09,Woodmouth,Michigan,India,2625069270,matthewlee@example.com,INS104742,2025-07-21,2026-02-15
4744,Shannon Burns,Female,1943-03-04,New Shannon,Georgia,India,6546182589,jeffreyjohnson@example.com,INS104743,2024-12-07,2026-08-12
4745,Thomas Schmidt,Male,1986-02-17,Port Oliviatown,North Carolina,India,7000393640,pramirez@example.net,INS104744,2025-06-23,2026-02-07
4746,Craig Daniels,Female,1982-03-19,Codymouth,Maine,India,3580650227,omarmartin@example.net,INS104745,2025-02-22,2026-03-22
4747,Justin Campbell,Male,1984-01-30,Taylorburgh,Florida,India,0030686927,njones@example.org,INS104746,2024-03-25,2026-01-15
4748,Rhonda Turner,Female,1954-11-06,Tonyport,Georgia,India,9061512925,jbecker@example.org,INS104747,2024-12-05,2026-06-22
4749,Dustin Brown,Male,1995-05-07,South Justintown,Arizona,India,0230472106,katherine74@example.org,INS104748,2024-03-22,2026-09-18
4750,Sherri Sharp,Female,1992-12-06,Lake Matthewbury,West Virginia,India,6386201473,stevensbrian@example.org,INS104749,2024-03-18,2025-12-16
4751,David Serrano,Male,1996-09-24,Anthonytown,Kansas,India,6589961758,catherineburgess@example.com,INS104750,2025-05-02,2026-04-01
4752,Daryl Ramirez,Female,1941-06-29,Madisonborough,Illinois,India,9569812392,eramsey@example.net,INS104751,2025-03-09,2026-09-25
4753,Chad Washington,Female,1936-01-15,Harrisborough,Kentucky,India,7120890388,carterchad@example.net,INS104752,2025-06-17,2025-11-17
4754,Jacob Harper,Female,1958-06-19,Sullivanhaven,Kentucky,India,4957895174,harrischarles@example.net,INS104753,2024-04-17,2026-08-07
4755,Lisa Watkins,Male,2008-09-30,Ramirezland,Alaska,India,7772429629,kristirodriguez@example.com,INS104754,2023-10-11,2026-03-01
4756,Amanda King,Male,1969-02-28,South Robertburgh,Nevada,India,8494962302,kbrown@example.org,INS104755,2025-02-10,2026-05-22
4757,Shelley Sherman,Female,1957-05-03,Port Kimmouth,Iowa,India,9046097602,jennifer46@example.net,INS104756,2025-06-04,2025-12-24
4758,Jeffrey Jones,Male,2001-10-19,Grahambury,Wyoming,India,3074750568,kellyanthony@example.net,INS104757,2024-05-15,2026-04-01
4759,Audrey Pearson,Female,1969-01-11,New Ericmouth,Vermont,India,3909687494,james50@example.com,INS104758,2023-12-10,2026-07-28
4760,Maria Brown,Male,1970-03-29,Port Anthony,Idaho,India,0620030536,pgraham@example.com,INS104759,2023-10-30,2026-03-11
4761,Erin Garcia,Female,1959-09-15,Port Teresahaven,Nebraska,India,8032503172,wbrown@example.com,INS104760,2025-01-09,2026-09-22
4762,Christopher Mclaughlin,Male,1970-03-03,East Antonio,Maryland,India,6086406723,margaret10@example.org,INS104761,2025-07-06,2025-10-06
4763,Ryan Ferguson,Female,1980-03-22,Lake Danielle,Mississippi,India,2058889963,jonesanthony@example.com,INS104762,2025-03-24,2026-02-28
4764,Allison Welch,Female,1987-08-26,West Teresaton,South Dakota,India,3865021255,michael38@example.net,INS104763,2025-03-20,2025-10-06
4765,Angel Rodriguez,Female,1966-05-30,Lake Marcusshire,Nebraska,India,7147890577,mgonzalez@example.org,INS104764,2024-11-16,2026-07-17
4766,Deborah Morse,Female,1983-06-28,East Michaelborough,Illinois,India,4797724162,fosterpeter@example.com,INS104765,2024-12-26,2025-11-03
4767,Michelle Murphy,Male,1963-09-03,Keithberg,Virginia,India,1626306933,pooleerik@example.com,INS104766,2025-09-04,2026-08-24
4768,Jason Mcknight,Female,1937-09-24,Manuelburgh,Vermont,India,7860775313,elijahwheeler@example.com,INS104767,2024-06-13,2026-03-06
4769,Steven Garrison,Male,1963-12-21,Michaelburgh,Iowa,India,5556031595,ksmith@example.org,INS104768,2024-02-24,2026-07-01
4770,Megan Snow,Male,1953-05-19,Drewhaven,North Dakota,India,9846261894,crystalwilliams@example.com,INS104769,2023-11-14,2026-01-05
4771,Kevin Bailey,Female,1971-07-29,North Damon,New Hampshire,India,6816479852,younganthony@example.net,INS104770,2025-02-03,2026-03-13
4772,Jesse Hughes,Male,1959-10-04,Jaredville,Louisiana,India,8522533812,xcollier@example.com,INS104771,2023-12-03,2026-05-04
4773,Eddie Vincent,Male,1962-04-29,Michaelton,Missouri,India,9344726707,sandy34@example.org,INS104772,2025-01-12,2026-09-26
4774,Marcus Rodriguez,Male,2006-07-17,West Phillipberg,Indiana,India,2180522499,travis69@example.net,INS104773,2024-04-16,2026-06-13
4775,Nicole Woodward,Female,2000-07-03,South Lydia,Montana,India,2453730416,emilyquinn@example.net,INS104774,2025-02-14,2026-03-01
4776,Sara Wilson DDS,Male,1993-05-27,Hansonmouth,Texas,India,8016515735,victorharris@example.org,INS104775,2024-10-11,2026-03-24
4777,Lauren Baldwin,Male,1954-02-15,Justinchester,Arkansas,India,0283265181,mhurst@example.org,INS104776,2024-09-13,2026-06-04
4778,Sherri Allen,Female,1982-09-26,South Andrew,Washington,India,0269864934,bethgomez@example.org,INS104777,2025-03-01,2026-08-24
4779,Steven Hall,Female,1940-08-21,Smithville,Louisiana,India,7941035883,ruizjohnny@example.net,INS104778,2024-11-12,2026-07-04
4780,Felicia Evans,Male,1961-02-24,Pamelahaven,Kentucky,India,1277856038,bryan82@example.org,INS104779,2023-12-29,2026-04-28
4781,Katherine Schmitt,Female,1977-07-30,Autumnmouth,Montana,India,2753928023,rushvalerie@example.net,INS104780,2024-11-03,2025-12-09
4782,Richard Johnson,Male,1990-08-09,West Jacobfurt,Kentucky,India,2966707290,jenniferflores@example.com,INS104781,2024-12-30,2026-02-16
4783,Heather Manning,Male,1970-09-10,Jonesberg,South Dakota,India,4246667197,alexander05@example.net,INS104782,2024-09-22,2026-07-18
4784,Anthony Calderon,Male,1953-11-27,North Pamela,Alaska,India,9517501165,timothy38@example.com,INS104783,2025-02-25,2026-06-09
4785,Todd Scott,Female,1954-10-13,Lake Meghan,Illinois,India,9272177923,andersonlindsay@example.org,INS104784,2025-07-17,2026-09-23
4786,Richard Gardner,Male,1941-06-14,Lisaview,Indiana,India,0225819182,ronald71@example.org,INS104785,2023-10-11,2026-06-26
4787,Michael Padilla,Female,1948-11-05,Owensbury,Arizona,India,5968130468,ian76@example.net,INS104786,2025-05-02,2025-12-29
4788,Angela Alvarez,Female,1977-11-02,Lyonschester,Maine,India,3967248489,brownjames@example.com,INS104787,2023-10-26,2025-10-06
4789,Ashley Hall,Male,1992-09-27,Lake Michael,Nevada,India,3156793150,qfreeman@example.org,INS104788,2025-04-22,2026-05-17
4790,Anthony Hill,Female,1966-01-08,West Alec,Massachusetts,India,4208187655,adkinsamy@example.org,INS104789,2025-09-26,2026-02-15
4791,William Castro,Female,1963-09-01,Brandiport,Georgia,India,3560652630,christopher27@example.net,INS104790,2025-02-02,2026-04-29
4792,Adrienne Wilson,Female,1957-02-21,Mitchellland,Oregon,India,9719484962,lbaker@example.org,INS104791,2023-12-07,2026-09-08
4793,Destiny Perez,Female,1963-09-15,Smithton,South Carolina,India,9944085341,tracysutton@example.com,INS104792,2024-04-13,2026-03-18
4794,Andrew Johnson,Female,2007-04-30,Cameronfort,Rhode Island,India,3683455733,amyfarmer@example.com,INS104793,2024-09-17,2026-08-11
4795,Nancy Diaz,Male,1980-08-06,Lindseyville,Louisiana,India,8547140648,janicewhite@example.net,INS104794,2025-01-15,2025-12-08
4796,Brandon Phillips PhD,Female,1948-06-16,Smallville,New Mexico,India,1654043947,alexisjohnston@example.org,INS104795,2024-07-04,2026-06-14
4797,Charles Carroll,Male,1979-07-30,New Michealshire,Kansas,India,4941113750,usmith@example.net,INS104796,2025-06-28,2026-03-14
4798,Natasha Aguilar,Male,1964-11-30,Turnerburgh,Michigan,India,7138255099,michael83@example.com,INS104797,2025-01-11,2026-05-05
4799,Ashley Moreno,Male,1989-01-09,Jessicaton,Florida,India,0377342288,patrick22@example.net,INS104798,2025-09-03,2026-01-09
4800,Jason Flynn,Male,1975-05-22,East Travis,Wisconsin,India,4074361465,doughertytiffany@example.com,INS104799,2025-07-21,2026-08-20
4801,Holly Bray,Male,1959-03-29,West Aaron,Missouri,India,7200324820,bgamble@example.net,INS104800,2025-02-15,2026-04-19
4802,Sharon Anderson,Male,1944-01-09,Lake Stephaniemouth,Pennsylvania,India,7358337916,heathercruz@example.com,INS104801,2024-11-27,2025-10-30
4803,Phillip Lee,Female,1983-02-06,Levyberg,Nebraska,India,5628493076,alankelley@example.org,INS104802,2025-03-13,2026-05-11
4804,Katherine Hernandez,Female,2008-02-27,West Kristi,Indiana,India,4545272052,suzannegarcia@example.net,INS104803,2023-11-17,2026-09-27
4805,Derrick Campbell,Female,1940-01-27,Deborahmouth,South Carolina,India,3264052755,morganhaynes@example.net,INS104804,2025-02-22,2026-06-06
4806,Matthew Burke,Male,1950-10-19,Glennmouth,Tennessee,India,9652319218,jenna89@example.net,INS104805,2025-06-13,2026-07-11
4807,Lisa Adams,Female,1950-12-09,Taylorchester,Oregon,India,2806911006,lbeck@example.net,INS104806,2025-07-30,2026-09-05
4808,Brad Davis,Female,1986-02-10,Lopezmouth,Indiana,India,9321386250,davidflores@example.org,INS104807,2024-01-02,2026-04-28
4809,Angela Hess,Female,1987-08-16,East Karabury,South Dakota,India,2939829674,aaron92@example.org,INS104808,2023-12-28,2026-04-23
4810,Bethany Banks,Male,1950-06-18,Reynoldsstad,Wisconsin,India,9126939453,johnny10@example.org,INS104809,2025-03-19,2026-09-08
4811,Luis Gomez,Female,1986-02-13,Lake Rachelside,Oregon,India,0627882991,antoniohoffman@example.org,INS104810,2025-04-26,2025-12-06
4812,Denise Dixon,Male,2007-05-05,South Andrewport,New Mexico,India,4797999921,ibrown@example.org,INS104811,2023-12-06,2026-06-03
4813,William Kennedy,Female,1939-11-24,East Joshuahaven,Indiana,India,8319400153,joshua56@example.org,INS104812,2024-09-27,2026-01-03
4814,Danny Bender,Male,1975-05-02,Jameston,Idaho,India,9349315132,kathrynmiller@example.com,INS104813,2023-10-29,2026-04-02
4815,Alicia Ortega,Male,1951-07-27,Port Richardton,Utah,India,0296329647,ocarr@example.org,INS104814,2024-10-19,2026-09-23
4816,John Hess,Male,1985-09-17,New Stephaniefort,Colorado,India,2883035900,johnnymunoz@example.com,INS104815,2024-02-24,2025-11-20
4817,Jeremy Fowler,Female,1951-01-31,Port Rayview,Louisiana,India,0554030172,atucker@example.net,INS104816,2025-03-30,2025-11-29
4818,Kenneth Thompson,Female,1994-01-08,New Jill,Arkansas,India,4904239185,hernandezsara@example.net,INS104817,2024-09-03,2026-03-03
4819,Carrie Flores,Male,1958-05-25,Martinezland,North Dakota,India,7292785550,fbaker@example.net,INS104818,2025-02-01,2025-10-29
4820,David Smith,Female,2004-08-07,Kyleton,South Carolina,India,4310947168,ujones@example.com,INS104819,2024-01-22,2026-07-15
4821,Mary Conley,Male,2005-05-31,Matthewburgh,Minnesota,India,3991355183,hfarley@example.org,INS104820,2024-10-03,2025-11-29
4822,Brandon Rodgers,Male,2007-05-21,South Christophershire,Indiana,India,8049605761,smithjasmine@example.net,INS104821,2024-07-11,2026-02-28
4823,Paul Brown,Female,1988-07-29,New Daniel,Hawaii,India,9625498466,biancalee@example.org,INS104822,2024-03-26,2026-08-19
4824,Lisa Oliver,Female,1986-03-18,Jenkinsmouth,Georgia,India,6188426093,herrerabenjamin@example.org,INS104823,2023-12-19,2026-08-04
4825,Alexis King,Female,1952-03-14,Monroeton,Michigan,India,3922262211,daniel80@example.net,INS104824,2024-02-28,2026-01-15
4826,Sydney Vargas,Male,1974-07-12,South Evelyn,South Carolina,India,2358150467,matthewjenkins@example.com,INS104825,2024-10-28,2026-06-01
4827,Tammy Soto,Male,2006-01-22,Williamsmouth,Hawaii,India,5375927247,uholmes@example.com,INS104826,2024-08-15,2026-04-28
4828,Suzanne Johnson,Female,1947-05-13,Johnside,Wisconsin,India,7294651078,whitechristopher@example.net,INS104827,2023-10-18,2026-06-06
4829,Barry Mccormick,Male,1936-04-21,West Carrieland,Tennessee,India,3614106612,johnsonshirley@example.net,INS104828,2025-02-06,2026-05-07
4830,Jason Smith,Female,1968-11-11,Port Angelaview,Michigan,India,6779849701,bryan01@example.com,INS104829,2025-03-22,2026-08-28
4831,Thomas Weeks,Male,1950-02-26,South Daniel,New Jersey,India,3468717402,mallorymcclure@example.com,INS104830,2025-07-19,2026-03-27
4832,Dawn Bowman,Female,1955-07-08,New Tinamouth,Connecticut,India,4949025865,traceyjones@example.net,INS104831,2025-05-12,2026-04-12
4833,Mr. Chad Daniel,Female,1976-06-14,Davisville,New Mexico,India,2239665559,cookbelinda@example.net,INS104832,2023-10-01,2026-02-07
4834,Angel Castaneda,Male,1947-08-14,Cooperbury,Montana,India,7100393228,kelseyleonard@example.net,INS104833,2024-04-07,2026-04-08
4835,Elizabeth Randall,Female,1995-10-09,Farrellside,Utah,India,5414972221,lindaevans@example.org,INS104834,2024-12-23,2026-02-02
4836,Edwin Mitchell,Female,1990-12-01,Tylerport,Maryland,India,9126550212,stevenpalmer@example.com,INS104835,2024-09-14,2025-11-27
4837,Kim Flores,Male,1991-05-10,Fordland,Nebraska,India,7682173303,kristen58@example.org,INS104836,2025-03-06,2026-08-08
4838,Jeanne Snyder,Female,1959-02-22,South Micheleland,Colorado,India,8131352803,rfreeman@example.net,INS104837,2024-01-21,2026-05-25
4839,Jose Thomas,Male,1953-01-12,Samanthaton,California,India,7845281323,hernandezseth@example.net,INS104838,2025-06-15,2026-05-29
4840,Natalie Snow,Female,1991-09-10,New Dean,Colorado,India,1042496683,jgould@example.com,INS104839,2023-11-20,2026-02-20
4841,Michael Stevens,Male,2003-11-08,Amyside,Maine,India,0254421454,karen12@example.org,INS104840,2024-09-12,2026-05-04
4842,Lawrence Kelley DVM,Female,1939-06-21,Port Dawnberg,Louisiana,India,5048913810,kimberly43@example.com,INS104841,2025-03-24,2025-10-17
4843,Megan Crosby,Female,2005-10-21,East Rachelstad,North Dakota,India,8057899304,garzajohn@example.com,INS104842,2025-03-19,2025-11-30
4844,Zachary Nguyen,Female,2007-11-26,Moniquefurt,Indiana,India,7391955793,garcialeah@example.com,INS104843,2024-03-31,2026-09-09
4845,Chad Casey,Female,1993-08-16,Lake Jim,Alabama,India,8633232505,christian85@example.net,INS104844,2024-10-10,2025-11-19
4846,Jeremiah Hamilton,Male,1990-05-03,Wilsonburgh,Nebraska,India,1821286186,dorothybrown@example.net,INS104845,2025-02-24,2026-02-05
4847,Dana Miller,Male,1999-03-23,Harrischester,Colorado,India,3036846384,lindathomas@example.com,INS104846,2024-01-08,2025-11-19
4848,Ashley Andrews,Male,1963-04-27,New Angelabury,Montana,India,8961973221,garythornton@example.org,INS104847,2024-02-02,2026-06-08
4849,Timothy Carpenter,Male,1964-05-11,Mariaview,Pennsylvania,India,1842880129,richard93@example.net,INS104848,2025-02-09,2026-04-14
4850,Terry Mclean,Male,1950-12-02,Port Stephaniemouth,North Carolina,India,4618717109,lisarodriguez@example.org,INS104849,2025-07-09,2026-07-31
4851,Carolyn Johnson,Male,1997-05-06,Graytown,Delaware,India,6759262784,travisjames@example.net,INS104850,2023-10-29,2026-04-10
4852,Kelsey Kidd,Male,1974-01-11,West Angelatown,North Carolina,India,2684844996,samuelmelton@example.org,INS104851,2025-04-25,2026-07-20
4853,Joe Anderson,Female,2003-07-10,Kendraside,Connecticut,India,9233473794,starkjames@example.org,INS104852,2024-10-04,2026-04-22
4854,Dr. George Phillips,Female,1993-11-19,Houstonside,Colorado,India,6544300471,ivanwilliams@example.net,INS104853,2024-05-25,2026-08-24
4855,Tommy Gregory,Female,1985-06-24,East Susanhaven,Wisconsin,India,7166137387,hnguyen@example.net,INS104854,2023-10-12,2026-09-21
4856,Katrina Jackson,Female,1977-01-04,Martinezville,Utah,India,9373395448,melanierodriguez@example.org,INS104855,2025-03-08,2026-01-14
4857,Kimberly Holland,Male,2003-11-23,Lake Kevin,Georgia,India,7900967467,julierobinson@example.com,INS104856,2023-10-02,2025-10-03
4858,Melissa Mullins,Male,1996-12-15,North Seth,Wisconsin,India,0151828024,arnoldvanessa@example.org,INS104857,2025-09-28,2026-05-10
4859,Marc Myers,Male,1987-10-31,West Joseph,South Dakota,India,9684815428,edavidson@example.org,INS104858,2025-08-29,2026-04-29
4860,Vanessa Thomas,Female,2001-12-31,New Dawn,Alaska,India,3639744450,jeffrey52@example.com,INS104859,2023-11-29,2026-01-16
4861,Peggy Cox,Male,2006-01-07,Santiagoton,South Carolina,India,0027623051,murphychelsea@example.org,INS104860,2023-12-05,2026-03-02
4862,Anthony Ruiz,Female,1985-10-20,Port Donnamouth,West Virginia,India,6381501593,veronica63@example.com,INS104861,2024-01-26,2026-09-14
4863,Monique Rogers,Male,1965-02-14,Luceroberg,Iowa,India,5114902802,karenjohnson@example.net,INS104862,2024-02-11,2026-06-07
4864,Cindy Lloyd,Male,2004-08-02,South James,Ohio,India,9573328255,teresawalker@example.net,INS104863,2025-04-20,2025-11-01
4865,Angel King,Male,1954-12-01,North Lisa,Hawaii,India,2403802102,jeffcook@example.org,INS104864,2025-07-17,2026-06-06
4866,Melanie Johnson,Male,1994-07-31,South Stephanieborough,New York,India,2545477513,stephenskevin@example.net,INS104865,2023-11-28,2026-04-28
4867,Jessica Rose,Female,1997-08-11,Lake Jamiestad,Massachusetts,India,1485580514,contrerasedwin@example.com,INS104866,2024-06-17,2026-09-25
4868,Rebecca Craig,Female,1954-07-23,Lake Robin,Maine,India,2326713192,dconley@example.org,INS104867,2024-05-02,2025-11-14
4869,Cindy Osborne,Male,1969-04-26,New Jordan,Oklahoma,India,7806212087,zavalacody@example.org,INS104868,2024-07-19,2026-04-14
4870,Heather Cooper,Female,1999-10-14,Lake Brianfurt,Rhode Island,India,4152660556,jerrytaylor@example.net,INS104869,2024-12-21,2025-09-30
4871,Susan Williams,Male,1962-06-22,Tinaland,New Jersey,India,9630915907,josephhoward@example.com,INS104870,2025-06-24,2026-08-31
4872,Thomas Hernandez,Male,1937-11-06,Lake Robertmouth,Maine,India,0497050168,kimberly94@example.org,INS104871,2024-05-22,2026-05-08
4873,Kimberly Smith,Male,1964-12-13,West Stephanieburgh,Pennsylvania,India,6308567608,fwebster@example.org,INS104872,2024-08-05,2025-10-30
4874,Emily Crawford,Male,1996-02-20,Morganfurt,Montana,India,7408597551,juliemoreno@example.org,INS104873,2025-02-11,2026-08-25
4875,Anthony Davis,Female,1978-09-18,Port Caseychester,Wisconsin,India,4081094984,hannahowens@example.net,INS104874,2024-08-27,2025-12-13
4876,Andrea Hunter MD,Male,2004-10-04,Brittanybury,Maryland,India,9952464992,jennifer16@example.com,INS104875,2024-04-24,2026-07-15
4877,Kimberly Jackson,Male,1979-10-18,Monicaburgh,Pennsylvania,India,6149382727,larry68@example.net,INS104876,2025-05-07,2026-05-16
4878,Rebecca Smith,Female,1991-12-10,Port David,South Carolina,India,3525159229,christiandaniel@example.org,INS104877,2024-02-09,2026-05-03
4879,Jennifer King,Male,1958-12-16,East Jeffrey,Colorado,India,5759186706,sharon75@example.net,INS104878,2024-03-04,2026-08-10
4880,Calvin Williamson,Female,1942-07-22,North Nicole,Connecticut,India,1419660998,xvincent@example.org,INS104879,2025-02-16,2026-08-13
4881,Eduardo Johnson,Male,1979-07-29,Justintown,Texas,India,2079621623,angelahicks@example.org,INS104880,2023-10-11,2026-05-29
4882,Kevin Rodriguez,Male,1999-05-21,Whitneybury,California,India,9365547104,lori37@example.net,INS104881,2024-04-15,2026-06-22
4883,Tonya Holmes,Male,1949-06-15,Kevinburgh,New Mexico,India,6645814099,wwilliams@example.com,INS104882,2024-11-21,2025-11-17
4884,Hannah Conner,Male,1968-04-06,Port Shannon,Ohio,India,3109613017,mowens@example.net,INS104883,2025-08-30,2026-03-17
4885,Jennifer Caldwell,Male,1981-09-10,North Jose,Montana,India,2561188256,ewright@example.net,INS104884,2025-09-09,2026-01-21
4886,Sharon Melton,Male,1988-03-25,Wilsonfort,Ohio,India,2641868573,cjennings@example.com,INS104885,2025-07-14,2025-10-27
4887,Dennis Stanley,Female,1964-01-07,Ellisside,Tennessee,India,2077718234,phillipschristina@example.org,INS104886,2024-02-29,2026-07-14
4888,Nicole Wilson,Male,2003-01-28,Ericshire,Georgia,India,8898696072,wesley78@example.net,INS104887,2024-07-10,2026-03-02
4889,Allison Brown DDS,Female,1945-02-11,West Brentland,Arizona,India,6952789790,ymorgan@example.com,INS104888,2025-09-16,2026-03-12
4890,Victoria Whitehead,Female,2001-01-27,West Michael,Georgia,India,0387727968,sherrera@example.org,INS104889,2025-07-01,2025-10-31
4891,Christopher Allen,Male,1948-05-13,Lake Erin,Kentucky,India,8366872612,tbrewer@example.net,INS104890,2024-10-07,2026-04-01
4892,Dr. Christina Johnston,Female,1983-11-10,Shawbury,Colorado,India,3901732083,ymiller@example.org,INS104891,2025-09-24,2026-06-24
4893,Benjamin Collins,Male,1988-12-24,Garrettfurt,Kansas,India,8536180274,kevin47@example.net,INS104892,2025-08-09,2025-12-25
4894,Dean Lee,Female,1991-03-11,Christinafort,Utah,India,2917006428,ronaldalvarez@example.com,INS104893,2024-04-07,2026-02-25
4895,Charles Shaffer DDS,Male,1963-11-04,Brianstad,Delaware,India,6166885507,nguyencristina@example.com,INS104894,2024-01-19,2026-08-15
4896,Jordan Smith,Female,1976-03-01,Brownberg,Tennessee,India,3055843331,vwalters@example.org,INS104895,2024-01-18,2026-03-21
4897,Courtney Vega,Female,1989-07-16,Lake Kayla,North Dakota,India,9618684502,paulnelson@example.net,INS104896,2024-02-20,2026-04-02
4898,Rachel Williams,Male,2002-05-09,Lake Sandy,Mississippi,India,3025751536,jeff96@example.net,INS104897,2024-07-19,2026-06-08
4899,Connor Smith,Female,1955-12-25,West Dean,Pennsylvania,India,7933595464,jessica72@example.org,INS104898,2023-12-21,2026-04-30
4900,Christine Acosta,Male,1969-10-12,North Patricia,Virginia,India,0585332202,efrazier@example.net,INS104899,2024-08-20,2026-06-04
4901,Krista Robles,Male,1978-12-01,East Drew,Delaware,India,4358078249,mhendrix@example.com,INS104900,2025-01-09,2025-11-05
4902,Tracy Phillips,Male,1990-08-28,Williambury,Arkansas,India,0167796280,suarezjames@example.net,INS104901,2024-01-19,2026-01-18
4903,Steven Montgomery,Male,1960-12-28,Lake Matthewshire,Maryland,India,8706026770,sbaker@example.net,INS104902,2025-02-17,2026-05-21
4904,Amanda Cameron,Male,1978-10-07,Lake Ericaview,Louisiana,India,0239596431,ericford@example.net,INS104903,2025-09-20,2025-11-25
4905,Wendy Sanders,Female,1955-07-02,Andersonshire,Colorado,India,4633742429,nrobinson@example.com,INS104904,2025-04-21,2026-03-16
4906,Sarah Santiago,Female,1970-11-26,East Tonyabury,Louisiana,India,6523255299,annmiller@example.net,INS104905,2025-05-25,2026-09-11
4907,Matthew Mendoza,Female,1992-08-10,New John,Hawaii,India,3866017650,hmorgan@example.net,INS104906,2023-10-30,2025-10-11
4908,Matthew Dean,Male,1969-08-28,Lake Alexis,Tennessee,India,8035355593,stanleygreg@example.net,INS104907,2024-11-26,2026-05-16
4909,April Reyes,Female,1954-11-22,Alvareztown,Maine,India,0807736779,hbyrd@example.org,INS104908,2024-10-03,2026-04-06
4910,Mr. Michael Hoover,Female,2008-03-27,Maryshire,California,India,5418100149,jonathan10@example.net,INS104909,2024-12-29,2026-07-09
4911,Gregory Duran,Female,1958-09-10,New Lindsey,California,India,9413372134,wellsthomas@example.org,INS104910,2025-09-17,2025-12-26
4912,Marissa Walker,Female,1953-09-08,New Mark,Utah,India,6987032353,jensenamanda@example.net,INS104911,2025-06-28,2026-05-26
4913,Michael Davis,Female,2002-11-29,Marquezbury,Virginia,India,1250981247,bethdaniel@example.org,INS104912,2024-01-23,2026-08-13
4914,Sandra King,Male,1939-10-06,East Stephaniebury,Texas,India,1072925903,cindy66@example.net,INS104913,2024-10-23,2026-07-27
4915,Jeremiah Robinson,Male,1968-07-11,South Maria,Wisconsin,India,8952361981,riddledeanna@example.net,INS104914,2025-05-09,2026-09-15
4916,Lindsay Clark,Female,2000-04-22,Calderonfort,New Hampshire,India,3244396073,lewisbrian@example.net,INS104915,2025-08-26,2026-02-09
4917,Anita Scott,Male,1968-07-10,East Maryview,Oklahoma,India,6755559346,williamsmichael@example.org,INS104916,2024-11-13,2026-03-09
4918,James Dodson,Male,1977-01-22,North Rebecca,Utah,India,6241765236,melissacobb@example.com,INS104917,2024-04-30,2026-04-28
4919,April Wells,Female,1938-09-03,Lake Michael,Maryland,India,1502944871,nbradford@example.net,INS104918,2024-10-07,2026-03-08
4920,Shawn King,Female,1990-07-04,South Lisa,Indiana,India,9809138177,justinstokes@example.org,INS104919,2025-07-17,2026-04-26
4921,Dr. Herbert Perez,Male,1960-08-20,New Austinland,Florida,India,0949074171,mccormickwanda@example.org,INS104920,2024-07-16,2026-06-01
4922,Daisy White,Female,1962-10-21,Montgomeryfort,Tennessee,India,7589318761,renee84@example.org,INS104921,2025-01-21,2026-08-30
4923,Nicole Russell,Male,1962-02-19,East Maryland,Florida,India,4427261526,clarktamara@example.com,INS104922,2025-07-14,2026-04-17
4924,Jesus Buchanan,Male,1963-04-25,Cookland,Indiana,India,8824965845,smithchristopher@example.com,INS104923,2024-10-17,2026-05-04
4925,Dana Martin,Female,1949-04-18,Yangland,Michigan,India,8647187886,moorenathaniel@example.net,INS104924,2025-08-18,2026-09-08
4926,Robert Nunez,Male,1940-09-10,New Erik,Oregon,India,9756952325,geraldroberts@example.net,INS104925,2024-05-10,2026-03-03
4927,Andrew Walker,Male,2000-07-08,Eduardoview,Arizona,India,9239612969,higginsrodney@example.com,INS104926,2025-01-22,2025-12-04
4928,Sandra Mcintyre,Male,1958-04-20,Port Alanmouth,Vermont,India,3372359870,ojones@example.org,INS104927,2024-03-03,2026-05-24
4929,Nathan Alexander,Female,1955-01-19,Sotoport,South Dakota,India,3983760546,masonmatthew@example.org,INS104928,2025-08-09,2025-12-16
4930,Tina Phelps,Female,1941-07-30,New Angelaberg,Kentucky,India,5425725417,janderson@example.net,INS104929,2025-05-28,2026-06-24
4931,Dustin Foster,Female,1988-03-05,Medinamouth,Missouri,India,9334097308,elizabethberry@example.org,INS104930,2024-02-21,2026-08-07
4932,Monica Padilla,Female,1970-08-21,Jonathanland,West Virginia,India,9798392612,carpenterkristina@example.org,INS104931,2025-04-22,2025-10-14
4933,Stephanie Alexander,Male,1992-10-29,Henryfort,Wisconsin,India,5098567609,timothy00@example.org,INS104932,2024-12-26,2026-08-14
4934,Derek Fields,Female,2000-12-07,Stokesberg,Colorado,India,9495497235,michaelromero@example.com,INS104933,2025-01-16,2026-07-29
4935,Jamie Simmons,Female,1967-08-31,New Eileen,Maine,India,1182822565,wandaanderson@example.net,INS104934,2023-12-11,2026-02-28
4936,Christina Mccarty,Female,1986-04-05,Port Allison,New York,India,4963249435,hendersonjulie@example.net,INS104935,2024-08-17,2026-08-04
4937,Bonnie Williams,Female,1955-12-12,Port Jacob,New Jersey,India,6735368669,vwalters@example.net,INS104936,2025-07-12,2026-08-08
4938,John Alexander,Male,1965-06-13,Deanchester,Montana,India,4150221026,paul85@example.net,INS104937,2025-07-25,2025-11-08
4939,Jimmy Meyer,Male,1978-06-19,Morrowside,Idaho,India,3955279361,garrett84@example.net,INS104938,2024-06-23,2026-03-14
4940,Heather Montoya,Male,1949-12-27,Port Laurentown,Pennsylvania,India,9326567772,joan46@example.com,INS104939,2025-03-21,2026-09-23
4941,Penny Carrillo,Female,1985-11-06,Watkinsville,Washington,India,8772533433,weaverlori@example.net,INS104940,2024-07-17,2026-08-12
4942,Samuel Flynn,Female,1946-03-15,Kyleborough,Connecticut,India,3398334556,murraytammy@example.net,INS104941,2024-04-12,2026-07-21
4943,Nicholas Owens,Male,1957-10-31,South Juanhaven,Wisconsin,India,8520056500,carlosparker@example.com,INS104942,2024-05-09,2025-12-30
4944,Thomas Sutton DDS,Female,1994-03-28,West Teresa,New Jersey,India,8644007441,crose@example.net,INS104943,2024-06-19,2026-04-02
4945,Andrew Pittman,Female,1999-04-22,Petersonshire,Mississippi,India,7690170959,elizabethnorris@example.com,INS104944,2024-10-28,2026-05-20
4946,Debra Williamson,Male,1954-05-01,East Jeremy,Massachusetts,India,4493215874,vnguyen@example.com,INS104945,2024-08-02,2025-12-08
4947,Dr. Paul Sanchez,Male,1946-06-23,Millerbury,Arizona,India,2633822156,caleb61@example.net,INS104946,2025-05-01,2026-02-24
4948,Cassidy Lawson,Female,1970-12-16,Petermouth,Georgia,India,7878584386,collinsralph@example.com,INS104947,2024-04-16,2025-11-16
4949,Sean Cole,Female,1969-12-15,Jenniferville,South Carolina,India,9958053715,stewartdarrell@example.com,INS104948,2024-05-16,2026-03-04
4950,Brittany Silva,Female,2003-04-07,Lake Richard,Maryland,India,9161329612,kingjames@example.com,INS104949,2023-11-13,2025-12-09
4951,Kevin Reynolds,Male,1988-03-07,Lake Williamton,Washington,India,5697008714,kevinanderson@example.net,INS104950,2024-08-04,2026-03-16
4952,Stacy Welch,Male,2006-11-16,East Barbara,New Mexico,India,2023397364,taylormeza@example.com,INS104951,2024-06-04,2026-06-16
4953,Michelle Greene,Male,1975-12-15,Port Julia,Virginia,India,0120691715,fbarker@example.com,INS104952,2024-03-04,2025-10-29
4954,Christine Cox,Male,1958-08-19,Mckeeport,Connecticut,India,0646697833,dduke@example.org,INS104953,2025-06-24,2026-01-28
4955,Mary Smith,Female,1948-06-29,East Troystad,South Carolina,India,6394080127,kristen40@example.net,INS104954,2023-10-23,2026-05-29
4956,Dr. Christina Daniel MD,Male,1947-01-04,East Catherine,Tennessee,India,8706707597,jennifer05@example.net,INS104955,2025-09-05,2026-04-14
4957,Elizabeth Kelly,Male,1985-09-11,New Alan,Virginia,India,1601934355,hrocha@example.com,INS104956,2025-06-12,2026-04-25
4958,Daniel Robinson,Female,1951-05-11,Hooverfurt,Washington,India,6098872957,srodriguez@example.org,INS104957,2024-07-18,2026-02-27
4959,Patricia Hatfield,Female,1981-12-04,Deleonmouth,Connecticut,India,7409496047,eturner@example.com,INS104958,2024-08-23,2026-04-23
4960,Katherine Davis,Female,1947-08-02,South Nancy,New York,India,2825335886,aaron10@example.net,INS104959,2025-05-26,2026-02-25
4961,Mr. Thomas Osborn,Male,1989-04-07,North Kelseyville,Colorado,India,2616962364,robertramirez@example.com,INS104960,2024-02-08,2025-11-02
4962,Henry Vega,Female,1973-01-06,Nelsonchester,Alaska,India,5870608836,daychristina@example.net,INS104961,2024-03-16,2025-11-26
4963,Maria Park,Female,1943-02-18,New Danielshire,Ohio,India,5597357390,kpetersen@example.org,INS104962,2025-08-27,2026-08-03
4964,Paul Carpenter,Male,1976-04-18,West Andrea,Nebraska,India,7598926817,jonesteresa@example.com,INS104963,2024-04-13,2026-05-21
4965,Drew Fernandez,Male,2007-09-20,Orozcoside,Washington,India,1078448531,ogriffin@example.net,INS104964,2025-02-05,2025-11-21
4966,Ethan Olson,Female,2000-07-31,Adrienneside,Iowa,India,9011716389,hamiltonpamela@example.com,INS104965,2025-02-03,2026-08-17
4967,Devon Harris,Male,1989-04-21,South Anna,Virginia,India,4239781972,joshua29@example.org,INS104966,2024-09-13,2025-12-24
4968,Sara Brown,Female,1966-10-16,Taylorport,Georgia,India,9808526117,cbarker@example.org,INS104967,2023-10-19,2026-06-14
4969,Keith Alvarez,Female,1951-03-16,East Michael,Nebraska,India,1421803283,michael24@example.org,INS104968,2025-07-31,2026-02-18
4970,Felicia Braun,Male,1955-09-19,Stevenchester,Maryland,India,8531506353,nfarmer@example.com,INS104969,2025-02-08,2025-10-11
4971,Christopher Adams,Female,1937-11-01,New Larrymouth,North Carolina,India,5019123114,rhonda63@example.org,INS104970,2024-10-23,2026-07-22
4972,Wesley Cochran,Male,1940-06-23,North Vanessa,Virginia,India,7316200640,rodriguezjeremy@example.com,INS104971,2025-09-13,2026-03-05
4973,Ms. Morgan Thomas,Male,1984-01-19,South Danielleport,Maine,India,6750517317,marthathompson@example.com,INS104972,2024-07-18,2026-04-28
4974,Gerald Williams,Male,1943-04-14,Ericstad,Mississippi,India,9902762397,harrischristine@example.org,INS104973,2024-07-27,2026-07-21
4975,Angela Harrington,Female,1947-08-24,Castrohaven,Louisiana,India,2181478314,shepherdlaura@example.com,INS104974,2024-02-19,2026-04-09
4976,Sandra Fowler,Male,1970-10-12,Scottbury,New York,India,2438515846,wroman@example.net,INS104975,2024-08-07,2026-07-22
4977,Cassandra Martinez,Male,1990-04-14,Lucasland,South Carolina,India,2822263421,lisa83@example.com,INS104976,2025-04-26,2026-01-26
4978,Susan Rivera,Female,1989-03-04,Lisaview,Hawaii,India,9163794238,tayloraguilar@example.com,INS104977,2025-03-31,2025-10-23
4979,Anna Clark,Female,1971-10-02,East Alexandra,Texas,India,1178625553,jeremyfitzpatrick@example.net,INS104978,2023-12-02,2025-10-30
4980,Sara Nguyen,Female,1995-06-20,Lopezhaven,North Carolina,India,5621269906,tkoch@example.com,INS104979,2025-09-09,2026-08-07
4981,Kimberly Boyle,Female,1992-11-11,Johnsonview,California,India,3019071584,stephen99@example.net,INS104980,2024-09-13,2025-12-04
4982,Denise Contreras,Male,1998-10-20,West Leahhaven,Minnesota,India,8559095553,khill@example.net,INS104981,2025-03-08,2026-07-14
4983,Catherine Murray,Male,2008-02-01,Schwartzton,New Jersey,India,9518585352,oklein@example.com,INS104982,2024-10-16,2026-05-13
4984,Dawn Blanchard,Male,1960-05-07,South Steve,Tennessee,India,0174871143,zhill@example.org,INS104983,2024-06-02,2026-05-26
4985,Patricia Mccann,Female,1949-09-15,Mitchellberg,North Dakota,India,5297401335,lisa31@example.com,INS104984,2025-09-01,2025-10-25
4986,Richard Lawrence,Female,1967-10-28,East Patrickmouth,Idaho,India,8038457771,sandra82@example.net,INS104985,2024-10-18,2026-08-04
4987,Charles Lee,Male,1978-12-02,New Sandra,Oklahoma,India,5656054049,antonio42@example.net,INS104986,2023-10-24,2026-03-08
4988,Ashley Brown,Female,1987-04-23,Jasonport,Virginia,India,4002277872,randy77@example.net,INS104987,2025-09-27,2026-01-13
4989,Amy Nicholson,Female,1957-10-24,Randallville,Georgia,India,1670837531,tinawright@example.net,INS104988,2024-02-22,2026-01-19
4990,Matthew Cooper,Male,1985-07-01,West Dariusberg,Ohio,India,5042495704,zdecker@example.net,INS104989,2025-06-28,2026-02-25
4991,Emily Frye,Male,1951-09-10,New John,Kansas,India,7137258570,lorivincent@example.org,INS104990,2024-12-07,2026-09-13
4992,Brian Huynh,Female,1940-11-26,Rojasside,Oregon,India,2771388105,cookkelly@example.net,INS104991,2025-02-19,2026-01-13
4993,Ellen Garcia,Female,1994-09-03,Rogersberg,Ohio,India,8541118481,reesebruce@example.com,INS104992,2024-04-04,2026-07-12
4994,Matthew Proctor,Female,1991-01-22,Butlertown,South Carolina,India,6105766063,nelsontina@example.com,INS104993,2024-02-25,2026-07-19
4995,Michael Maddox,Male,1937-01-06,Alexanderbury,Delaware,India,9417909162,jessicaraymond@example.net,INS104994,2024-04-23,2026-04-03
4996,Julie Taylor,Male,1965-12-31,Joshuaport,South Carolina,India,1458584830,hhunt@example.com,INS104995,2025-06-06,2026-04-06
4997,Alexander Aguirre,Male,1994-03-06,Thomasview,Wyoming,India,3875867360,pjones@example.com,INS104996,2024-10-29,2026-04-09
4998,Janet Wilson,Male,2005-04-17,New Toddview,Vermont,India,8903618372,paul41@example.com,INS104997,2025-08-27,2026-01-16
4999,Hannah Taylor,Male,1963-02-17,South Tamarafurt,Montana,India,9258213981,wallnicole@example.com,INS104998,2025-04-03,2026-02-20
5000,Kevin Rodriguez,Female,1946-09-30,New Jaredport,New York,India,5070229593,joseph61@example.net,INS104999,2024-04-23,2026-07-15
